prod_date,line_code,shift,product_model,material_code,supplier_code,process_step,status,data_label,input_qty,good_qty,defect_qty,first_pass_qty,actual_output,target_output,available_time,planned_time,actual_run_time,downtime_minutes,ideal_cycle_time,revenue_amount,cogs,net_profit_amount,available_stock,inventory_value,forecast_qty,actual_qty,on_time_qty,total_delivery_qty
2026-04-01,LINE-A01,morning,SPK-3200,MAT-SPK-3200,SUP-001,assembly,normal,SYNTHETIC_GOERTEK_PRODUCTION,336,327,9,320,327,343,480,464,440,24,1.2,12618.42,9437.4,1682.1,3388,97779.54,327,328,317,328
2026-04-01,LINE-A01,afternoon,SPK-3200,MAT-SPK-3200,SUP-001,assembly,normal,SYNTHETIC_GOERTEK_PRODUCTION,306,300,6,292,300,293,480,448,425,23,1.2,11525.86,8547.22,1620.91,4334,123478.84,283,301,287,301
2026-04-01,LINE-A01,night,SPK-3200,MAT-SPK-3200,SUP-001,assembly,normal,SYNTHETIC_GOERTEK_PRODUCTION,309,300,9,294,300,292,480,461,371,90,1.2,11436.23,8414.95,1865.74,3695,103644.13,299,303,289,303
2026-04-01,LINE-A02,morning,SPK-3200,MAT-SPK-3200,SUP-002,assembly,normal,SYNTHETIC_GOERTEK_PRODUCTION,302,294,8,288,294,296,480,468,455,13,1.25,11360.38,8696.38,1323.16,4612,136420.76,281,289,280,289
2026-04-01,LINE-A02,afternoon,SPK-3200,MAT-SPK-3200,SUP-002,assembly,normal,SYNTHETIC_GOERTEK_PRODUCTION,285,278,7,272,278,277,480,457,443,14,1.25,10690.3,8066.22,1318.38,2863,83070.46,282,281,276,281
2026-04-01,LINE-A02,night,SPK-3200,MAT-SPK-3200,SUP-002,assembly,normal,SYNTHETIC_GOERTEK_PRODUCTION,275,268,7,260,268,266,480,466,363,103,1.25,10353.01,7914.83,1271.97,3444,101711.47,258,264,257,264
2026-04-01,LINE-B01,morning,MIC-1180,MAT-MIC-1180,SUP-003,testing,normal,SYNTHETIC_GOERTEK_PRODUCTION,394,383,11,373,383,369,480,459,443,16,1.05,8451.33,6597.22,835.08,4564,78615.44,410,400,385,400
2026-04-01,LINE-B01,afternoon,MIC-1180,MAT-MIC-1180,SUP-003,testing,normal,SYNTHETIC_GOERTEK_PRODUCTION,381,373,8,365,373,368,480,458,362,96,1.05,8250.66,6359.7,902.07,0,0,351,356,347,356
2026-04-01,LINE-B01,night,MIC-1180,MAT-MIC-1180,SUP-003,testing,normal,SYNTHETIC_GOERTEK_PRODUCTION,366,355,11,348,355,368,480,463,432,31,1.05,7854.96,6130.41,814.08,3074,53084.17,335,344,330,344
2026-04-01,LINE-B02,morning,MIC-1180,MAT-MIC-1180,SUP-004,testing,normal,SYNTHETIC_GOERTEK_PRODUCTION,383,370,13,363,370,369,540,535,513,22,1.1,8150.82,6371.34,783.15,2252,38779.07,401,392,378,392
2026-04-01,LINE-B02,afternoon,MIC-1180,MAT-MIC-1180,SUP-004,testing,normal,SYNTHETIC_GOERTEK_PRODUCTION,327,316,11,309,316,322,480,457,431,26,1.1,6988.38,5557.53,626.7,3924,69011.86,344,316,306,316
2026-04-01,LINE-B02,night,MIC-1180,MAT-MIC-1180,SUP-004,testing,normal,SYNTHETIC_GOERTEK_PRODUCTION,304,295,9,289,295,309,480,463,433,30,1.1,6546.98,5224.3,537.24,4970,88016.17,294,295,286,295
2026-04-01,LINE-C01,morning,TWS-A70,MAT-TWS-A70,SUP-005,packaging,normal,SYNTHETIC_GOERTEK_PRODUCTION,249,241,8,236,241,243,480,462,429,33,1.6,23245.42,16553.72,4065.88,2901,199262.83,263,256,251,256
2026-04-01,LINE-C01,afternoon,TWS-A70,MAT-TWS-A70,SUP-005,packaging,normal,SYNTHETIC_GOERTEK_PRODUCTION,247,239,8,233,239,242,480,472,457,15,1.6,22958.92,16766.45,3556.54,4232,296885.42,239,240,233,240
2026-04-01,LINE-C01,night,TWS-A70,MAT-TWS-A70,SUP-005,packaging,normal,SYNTHETIC_GOERTEK_PRODUCTION,253,246,7,241,246,247,540,520,503,17,1.6,23547.69,17114.19,3720.62,4087,284332.09,228,236,233,236
2026-04-01,LINE-C02,morning,TWS-A70,MAT-TWS-A70,SUP-006,packaging,normal,SYNTHETIC_GOERTEK_PRODUCTION,225,219,6,214,219,230,480,461,445,16,1.55,20856.02,15660.31,2854.85,4239,303123.53,206,207,197,207
2026-04-01,LINE-C02,afternoon,TWS-A70,MAT-TWS-A70,SUP-006,packaging,normal,SYNTHETIC_GOERTEK_PRODUCTION,219,212,7,207,212,210,480,450,429,21,1.55,20517.35,15448.41,2846.55,4384,319461.46,209,201,187,201
2026-04-01,LINE-C02,night,TWS-A70,MAT-TWS-A70,SUP-006,packaging,normal,SYNTHETIC_GOERTEK_PRODUCTION,212,206,6,202,206,202,480,458,439,19,1.55,19798.02,15133.38,2371.25,3657,268654.23,215,208,199,208
2026-04-02,LINE-A01,morning,SPK-3200,MAT-SPK-3200,SUP-001,assembly,normal,SYNTHETIC_GOERTEK_PRODUCTION,331,321,10,313,321,313,480,462,439,23,1.2,12310.47,9178.24,1738.38,5309,151798.37,302,320,309,320
2026-04-02,LINE-A01,afternoon,SPK-3200,MAT-SPK-3200,SUP-001,assembly,normal,SYNTHETIC_GOERTEK_PRODUCTION,323,315,8,308,315,316,480,462,431,31,1.2,12265.12,9089.18,1851.88,4680,135039.25,315,312,298,312
2026-04-02,LINE-A01,night,SPK-3200,MAT-SPK-3200,SUP-001,assembly,normal,SYNTHETIC_GOERTEK_PRODUCTION,310,304,6,297,304,302,480,453,418,35,1.2,11869.96,8954.51,1570.86,4357,128338.16,315,310,299,310
2026-04-02,LINE-A02,morning,SPK-3200,MAT-SPK-3200,SUP-002,assembly,normal,SYNTHETIC_GOERTEK_PRODUCTION,330,322,8,315,322,334,540,526,498,28,1.25,12332.57,9208.81,1691.38,4246,121430.46,294,314,308,314
2026-04-02,LINE-A02,afternoon,SPK-3200,MAT-SPK-3200,SUP-002,assembly,normal,SYNTHETIC_GOERTEK_PRODUCTION,293,286,7,279,286,286,480,469,438,31,1.25,10997.14,8359.02,1372.75,3656,106855.16,260,274,267,274
2026-04-02,LINE-A02,night,SPK-3200,MAT-SPK-3200,SUP-002,assembly,rework,SYNTHETIC_GOERTEK_PRODUCTION,271,266,5,260,266,272,480,462,447,15,1.25,10167,7916.98,1080.47,2879,85687.92,261,266,254,266
2026-04-02,LINE-B01,morning,MIC-1180,MAT-MIC-1180,SUP-003,testing,normal,SYNTHETIC_GOERTEK_PRODUCTION,393,382,11,376,382,397,480,454,427,27,1.05,8379.58,6489.25,886.23,3031,51489.31,379,401,379,401
2026-04-02,LINE-B01,afternoon,MIC-1180,MAT-MIC-1180,SUP-003,testing,normal,SYNTHETIC_GOERTEK_PRODUCTION,382,370,12,361,370,359,480,459,432,27,1.05,8064.44,6279.62,806.38,4283,72690.84,366,381,364,381
2026-04-02,LINE-B01,night,MIC-1180,MAT-MIC-1180,SUP-003,testing,normal,SYNTHETIC_GOERTEK_PRODUCTION,363,354,9,346,354,346,480,460,452,8,1.05,7775.8,5962.26,951.35,4321,72776.63,333,347,332,347
2026-04-02,LINE-B02,morning,MIC-1180,MAT-MIC-1180,SUP-004,testing,normal,SYNTHETIC_GOERTEK_PRODUCTION,337,327,10,318,327,318,480,464,441,23,1.1,7204.73,5670.97,753.03,2940,50986.7,323,333,320,333
2026-04-02,LINE-B02,afternoon,MIC-1180,MAT-MIC-1180,SUP-004,testing,normal,SYNTHETIC_GOERTEK_PRODUCTION,324,313,11,307,313,318,480,453,433,20,1.1,6932.86,5378.03,724.14,3051,52422.91,308,307,298,307
2026-04-02,LINE-B02,night,MIC-1180,MAT-MIC-1180,SUP-004,testing,normal,SYNTHETIC_GOERTEK_PRODUCTION,308,298,10,293,298,309,480,453,427,26,1.1,6587.54,5318.8,554.06,4860,86742.85,300,294,285,294
2026-04-02,LINE-C01,morning,TWS-A70,MAT-TWS-A70,SUP-005,packaging,normal,SYNTHETIC_GOERTEK_PRODUCTION,251,244,7,239,244,247,480,466,453,13,1.6,23061.33,16970.33,3543.99,3706,257754.27,249,245,239,245
2026-04-02,LINE-C01,afternoon,TWS-A70,MAT-TWS-A70,SUP-005,packaging,normal,SYNTHETIC_GOERTEK_PRODUCTION,268,260,8,255,260,261,540,512,485,27,1.6,24775.18,18034.54,3764.55,3489,242009.65,253,260,249,260
2026-04-02,LINE-C01,night,TWS-A70,MAT-TWS-A70,SUP-005,packaging,normal,SYNTHETIC_GOERTEK_PRODUCTION,230,223,7,219,223,232,480,464,439,25,1.6,21480.46,15581.86,3238.98,3017,210809.29,205,221,212,221
2026-04-02,LINE-C02,morning,TWS-A70,MAT-TWS-A70,SUP-006,packaging,normal,SYNTHETIC_GOERTEK_PRODUCTION,234,227,7,224,227,225,480,464,435,29,1.55,21840.07,16727.63,2853.5,3221,237355.49,214,231,222,231
2026-04-02,LINE-C02,afternoon,TWS-A70,MAT-TWS-A70,SUP-006,packaging,normal,SYNTHETIC_GOERTEK_PRODUCTION,231,224,7,219,224,223,480,464,427,37,1.55,21377.69,16064.44,2850.95,4388,314690.91,216,221,218,221
2026-04-02,LINE-C02,night,TWS-A70,MAT-TWS-A70,SUP-006,packaging,normal,SYNTHETIC_GOERTEK_PRODUCTION,207,200,7,196,200,198,480,458,433,25,1.55,19146.64,14124.23,2919.64,3602,254377.38,196,201,194,201
2026-04-03,LINE-A01,morning,SPK-3200,MAT-SPK-3200,SUP-001,assembly,normal,SYNTHETIC_GOERTEK_PRODUCTION,323,314,9,307,314,322,480,457,433,24,1.2,11963.87,9006.2,1601.17,3396,97404.63,312,301,287,301
2026-04-03,LINE-A01,afternoon,SPK-3200,MAT-SPK-3200,SUP-001,assembly,normal,SYNTHETIC_GOERTEK_PRODUCTION,332,321,11,316,321,320,480,467,442,25,1.2,12334.22,9152.37,1746.37,3203,91324.12,315,315,304,315
2026-04-03,LINE-A01,night,SPK-3200,MAT-SPK-3200,SUP-001,assembly,normal,SYNTHETIC_GOERTEK_PRODUCTION,297,291,6,285,291,282,480,458,431,27,1.2,11248.15,8520.76,1422.65,3841,112468.18,305,295,281,295
2026-04-03,LINE-A02,morning,SPK-3200,MAT-SPK-3200,SUP-002,assembly,normal,SYNTHETIC_GOERTEK_PRODUCTION,304,297,7,288,297,286,480,470,448,22,1.25,11386.52,8705.37,1338.54,0,0,298,291,282,291
2026-04-03,LINE-A02,afternoon,SPK-3200,MAT-SPK-3200,SUP-002,assembly,normal,SYNTHETIC_GOERTEK_PRODUCTION,293,287,6,282,287,279,480,469,460,9,1.25,11057.64,8468.02,1232.22,3998,117962.17,273,268,256,268
2026-04-03,LINE-A02,night,SPK-3200,MAT-SPK-3200,SUP-002,assembly,normal,SYNTHETIC_GOERTEK_PRODUCTION,280,272,8,266,272,282,480,462,442,20,1.25,10527.26,7954.78,1395.22,3091,90397.89,268,273,258,273
2026-04-03,LINE-B01,morning,MIC-1180,MAT-MIC-1180,SUP-003,testing,normal,SYNTHETIC_GOERTEK_PRODUCTION,396,384,12,378,384,396,480,451,431,20,1.05,8463.18,6626.39,869.53,3799,65556.39,377,387,378,387
2026-04-03,LINE-B01,afternoon,MIC-1180,MAT-MIC-1180,SUP-003,testing,normal,SYNTHETIC_GOERTEK_PRODUCTION,392,383,9,374,383,372,480,465,447,18,1.05,8515.89,6591.78,873.28,4674,80443.81,370,384,373,384
2026-04-03,LINE-B01,night,MIC-1180,MAT-MIC-1180,SUP-003,testing,normal,SYNTHETIC_GOERTEK_PRODUCTION,367,358,9,347,358,335,480,458,428,30,1.05,7830.74,6108.7,837.61,3422,58390.98,382,354,346,354
2026-04-03,LINE-B02,morning,MIC-1180,MAT-MIC-1180,SUP-004,testing,normal,SYNTHETIC_GOERTEK_PRODUCTION,330,319,11,311,319,332,480,455,440,15,1.1,6941.38,5558.65,590.04,4260,74231.5,314,313,301,313
2026-04-03,LINE-B02,afternoon,MIC-1180,MAT-MIC-1180,SUP-004,testing,normal,SYNTHETIC_GOERTEK_PRODUCTION,323,314,9,308,314,315,480,453,431,22,1.1,6858.45,5410.42,636.63,4065,70042.54,303,309,298,309
2026-04-03,LINE-B02,night,MIC-1180,MAT-MIC-1180,SUP-004,testing,normal,SYNTHETIC_GOERTEK_PRODUCTION,358,347,11,340,347,340,540,515,492,23,1.1,7694.48,6034.37,763.24,3356,58361.23,333,343,330,343
2026-04-03,LINE-C01,morning,TWS-A70,MAT-TWS-A70,SUP-005,packaging,normal,SYNTHETIC_GOERTEK_PRODUCTION,232,226,6,219,226,235,480,456,427,29,1.6,21784.2,15676.17,3651.35,3929,272529.52,214,217,207,217
2026-04-03,LINE-C01,afternoon,TWS-A70,MAT-TWS-A70,SUP-005,packaging,normal,SYNTHETIC_GOERTEK_PRODUCTION,243,237,6,233,237,229,480,466,444,22,1.6,22805.12,16580.38,3642.91,4168,291590.82,236,237,229,237
2026-04-03,LINE-C01,night,TWS-A70,MAT-TWS-A70,SUP-005,packaging,normal,SYNTHETIC_GOERTEK_PRODUCTION,222,214,8,208,214,210,480,467,448,19,1.6,20587.76,14563.72,3526.76,4089,278275.94,225,217,211,217
2026-04-03,LINE-C02,morning,TWS-A70,MAT-TWS-A70,SUP-006,packaging,normal,SYNTHETIC_GOERTEK_PRODUCTION,233,227,6,223,227,224,480,458,435,23,1.55,21926.56,16445.82,2863.81,4289,310731.81,247,244,236,244
2026-04-03,LINE-C02,afternoon,TWS-A70,MAT-TWS-A70,SUP-006,packaging,normal,SYNTHETIC_GOERTEK_PRODUCTION,226,221,5,215,221,223,480,461,439,22,1.55,21234.47,15892.22,2985.99,3590,258158.69,200,209,204,209
2026-04-03,LINE-C02,night,TWS-A70,MAT-TWS-A70,SUP-006,packaging,normal,SYNTHETIC_GOERTEK_PRODUCTION,211,204,7,202,204,205,480,465,408,57,1.55,19635.3,14947.09,2351.27,3829,280551.02,186,205,196,205
2026-04-04,LINE-A01,morning,SPK-3200,MAT-SPK-3200,SUP-001,assembly,normal,SYNTHETIC_GOERTEK_PRODUCTION,321,311,10,305,311,314,480,466,354,112,1.2,11976.17,8775.07,1803.77,3515,99178.04,336,327,311,327
2026-04-04,LINE-A01,afternoon,SPK-3200,MAT-SPK-3200,SUP-001,assembly,normal,SYNTHETIC_GOERTEK_PRODUCTION,300,292,8,284,292,300,480,465,434,31,1.2,11304.85,8255.47,1795.79,3645,103052.01,298,301,288,301
2026-04-04,LINE-A01,night,SPK-3200,MAT-SPK-3200,SUP-001,assembly,normal,SYNTHETIC_GOERTEK_PRODUCTION,289,282,7,277,282,273,480,455,432,23,1.2,10832.83,7955.35,1609.42,3998,112785.42,276,281,269,281
2026-04-04,LINE-A02,morning,SPK-3200,MAT-SPK-3200,SUP-002,assembly,normal,SYNTHETIC_GOERTEK_PRODUCTION,281,273,8,268,273,273,480,460,369,91,1.25,10462.12,8052.91,1139.78,3702,109201,261,281,271,281
2026-04-04,LINE-A02,afternoon,SPK-3200,MAT-SPK-3200,SUP-002,assembly,normal,SYNTHETIC_GOERTEK_PRODUCTION,283,275,8,266,275,275,480,460,425,35,1.25,10573.96,7899.11,1536.9,3224,92606.29,266,272,259,272
2026-04-04,LINE-A02,night,SPK-3200,MAT-SPK-3200,SUP-002,assembly,normal,SYNTHETIC_GOERTEK_PRODUCTION,300,292,8,285,292,294,540,527,503,24,1.25,11276.66,8394.65,1608.24,3041,87425.1,278,282,274,282
2026-04-04,LINE-B01,morning,MIC-1180,MAT-MIC-1180,SUP-003,testing,normal,SYNTHETIC_GOERTEK_PRODUCTION,382,371,11,361,371,370,480,458,440,18,1.05,8107.11,6331.72,850.45,0,0,375,373,359,373
2026-04-04,LINE-B01,afternoon,MIC-1180,MAT-MIC-1180,SUP-003,testing,normal,SYNTHETIC_GOERTEK_PRODUCTION,368,359,9,351,359,368,480,467,450,17,1.05,7809.44,6172.15,728.3,3641,62598.32,322,351,341,351
2026-04-04,LINE-B01,night,MIC-1180,MAT-MIC-1180,SUP-003,testing,normal,SYNTHETIC_GOERTEK_PRODUCTION,355,344,11,337,344,337,480,459,435,24,1.05,7543.67,5899.53,730.3,4252,72920.93,359,349,346,349
2026-04-04,LINE-B02,morning,MIC-1180,MAT-MIC-1180,SUP-004,testing,normal,SYNTHETIC_GOERTEK_PRODUCTION,325,316,9,306,316,304,480,465,446,19,1.1,6944.17,5518.49,590.97,4017,70151.18,309,314,303,314
2026-04-04,LINE-B02,afternoon,MIC-1180,MAT-MIC-1180,SUP-004,testing,rework,SYNTHETIC_GOERTEK_PRODUCTION,313,305,8,299,305,318,480,466,438,28,1.1,6632.64,5174.07,773.83,3142,53301.4,298,303,297,303
2026-04-04,LINE-B02,night,MIC-1180,MAT-MIC-1180,SUP-004,testing,normal,SYNTHETIC_GOERTEK_PRODUCTION,297,290,7,283,290,294,480,467,443,24,1.1,6377.29,4993.72,690.61,3484,59993.52,296,288,280,288
2026-04-04,LINE-C01,morning,TWS-A70,MAT-TWS-A70,SUP-005,packaging,normal,SYNTHETIC_GOERTEK_PRODUCTION,263,255,8,252,255,258,540,519,509,10,1.6,24095.18,17054.11,4142.26,3343,223576.04,259,267,255,267
2026-04-04,LINE-C01,afternoon,TWS-A70,MAT-TWS-A70,SUP-005,packaging,normal,SYNTHETIC_GOERTEK_PRODUCTION,221,215,6,209,215,213,480,456,433,23,1.6,20798.93,14719.23,3725.19,4488,307255.37,219,222,215,222
2026-04-04,LINE-C01,night,TWS-A70,MAT-TWS-A70,SUP-005,packaging,normal,SYNTHETIC_GOERTEK_PRODUCTION,219,214,5,210,214,210,480,462,437,25,1.6,20500.15,14900.91,3344.49,4044,281585.42,194,207,205,207
2026-04-04,LINE-C02,morning,TWS-A70,MAT-TWS-A70,SUP-006,packaging,normal,SYNTHETIC_GOERTEK_PRODUCTION,225,219,6,214,219,219,480,463,442,21,1.55,20795,15778.41,2828.97,4971,358148.29,212,217,213,217
2026-04-04,LINE-C02,afternoon,TWS-A70,MAT-TWS-A70,SUP-006,packaging,rework,SYNTHETIC_GOERTEK_PRODUCTION,219,213,6,208,213,221,480,468,431,37,1.55,20437.68,15129.23,2810.19,3894,276587.89,205,206,194,206
2026-04-04,LINE-C02,night,TWS-A70,MAT-TWS-A70,SUP-006,packaging,normal,SYNTHETIC_GOERTEK_PRODUCTION,208,202,6,198,202,203,480,469,437,32,1.55,19268.65,14484.54,2721.39,3484,249822.46,217,205,198,205
2026-04-05,LINE-A01,morning,SPK-3200,MAT-SPK-3200,SUP-001,assembly,normal,SYNTHETIC_GOERTEK_PRODUCTION,317,309,8,303,309,305,480,456,436,20,1.2,11909.14,8862.32,1697.25,4004,114837.31,315,315,298,315
2026-04-05,LINE-A01,afternoon,SPK-3200,MAT-SPK-3200,SUP-001,assembly,normal,SYNTHETIC_GOERTEK_PRODUCTION,317,306,11,303,306,300,480,462,447,15,1.2,11655.01,8678.84,1582.21,4000,113448.89,317,309,300,309
2026-04-05,LINE-A01,night,SPK-3200,MAT-SPK-3200,SUP-001,assembly,normal,SYNTHETIC_GOERTEK_PRODUCTION,298,291,7,287,291,291,480,463,436,27,1.2,11266.62,8179.64,1819.96,4864,136720.86,313,289,277,289
2026-04-05,LINE-A02,morning,SPK-3200,MAT-SPK-3200,SUP-002,assembly,normal,SYNTHETIC_GOERTEK_PRODUCTION,301,292,9,285,292,288,480,470,440,30,1.25,11226.59,8486.08,1507.84,4188,121711.31,280,296,287,296
2026-04-05,LINE-A02,afternoon,SPK-3200,MAT-SPK-3200,SUP-002,assembly,normal,SYNTHETIC_GOERTEK_PRODUCTION,288,278,10,273,278,278,480,451,424,27,1.25,10647.56,8135.39,1289.25,3847,112578.58,280,280,273,280
2026-04-05,LINE-A02,night,SPK-3200,MAT-SPK-3200,SUP-002,assembly,normal,SYNTHETIC_GOERTEK_PRODUCTION,265,259,6,254,259,251,480,467,453,14,1.25,9912.53,7494.71,1341.63,3371,97546.98,249,252,241,252
2026-04-05,LINE-B01,morning,MIC-1180,MAT-MIC-1180,SUP-003,testing,normal,SYNTHETIC_GOERTEK_PRODUCTION,433,418,15,410,418,425,540,529,510,19,1.05,9146.68,7228.28,823.13,3656,63221.51,393,405,399,405
2026-04-05,LINE-B01,afternoon,MIC-1180,MAT-MIC-1180,SUP-003,testing,normal,SYNTHETIC_GOERTEK_PRODUCTION,364,354,10,345,354,354,480,466,448,18,1.05,7798.97,6048.24,889.32,3624,61917.58,356,351,334,351
2026-04-05,LINE-B01,night,MIC-1180,MAT-MIC-1180,SUP-003,testing,normal,SYNTHETIC_GOERTEK_PRODUCTION,398,389,9,379,389,385,540,519,450,69,1.05,8522.27,6663.92,938.95,2840,48651.76,402,399,384,399
2026-04-05,LINE-B02,morning,MIC-1180,MAT-MIC-1180,SUP-004,testing,normal,SYNTHETIC_GOERTEK_PRODUCTION,332,321,11,312,321,322,480,466,432,34,1.1,7030.89,5573.02,606.94,3682,63924.8,330,332,318,332
2026-04-05,LINE-B02,afternoon,MIC-1180,MAT-MIC-1180,SUP-004,testing,normal,SYNTHETIC_GOERTEK_PRODUCTION,374,363,11,352,363,358,540,523,516,7,1.1,8047.64,6290.06,802,3499,60630.63,373,375,360,375
2026-04-05,LINE-B02,night,MIC-1180,MAT-MIC-1180,SUP-004,testing,normal,SYNTHETIC_GOERTEK_PRODUCTION,317,308,9,303,308,315,540,523,494,29,1.1,6810.24,5383.95,681,5141,89866.52,317,310,303,310
2026-04-05,LINE-C01,morning,TWS-A70,MAT-TWS-A70,SUP-005,packaging,normal,SYNTHETIC_GOERTEK_PRODUCTION,230,222,8,219,222,235,480,461,436,25,1.6,21387.23,15561.13,3436.83,3655,256197.88,223,223,212,223
2026-04-05,LINE-C01,afternoon,TWS-A70,MAT-TWS-A70,SUP-005,packaging,normal,SYNTHETIC_GOERTEK_PRODUCTION,229,223,6,216,223,223,480,459,430,29,1.6,21466.84,15348.3,3761.11,3977,273722.82,245,239,231,239
2026-04-05,LINE-C01,night,TWS-A70,MAT-TWS-A70,SUP-005,packaging,normal,SYNTHETIC_GOERTEK_PRODUCTION,218,212,6,208,212,221,480,466,440,26,1.6,20428.74,14633.05,3390.07,5026,346913.72,216,211,204,211
2026-04-05,LINE-C02,morning,TWS-A70,MAT-TWS-A70,SUP-006,packaging,normal,SYNTHETIC_GOERTEK_PRODUCTION,215,209,6,202,209,212,480,462,450,12,1.55,20017.69,14818.51,2784.3,3109,220434.2,203,205,194,205
2026-04-05,LINE-C02,afternoon,TWS-A70,MAT-TWS-A70,SUP-006,packaging,normal,SYNTHETIC_GOERTEK_PRODUCTION,220,215,5,212,215,218,480,458,436,22,1.55,20493.56,15307.38,2563.74,4519,321739.77,206,212,205,212
2026-04-05,LINE-C02,night,TWS-A70,MAT-TWS-A70,SUP-006,packaging,normal,SYNTHETIC_GOERTEK_PRODUCTION,202,197,5,192,197,200,480,456,428,28,1.55,18926.41,14143.02,2497.99,4000,287167.92,195,196,193,196
2026-04-06,LINE-A01,morning,SPK-3200,MAT-SPK-3200,SUP-001,assembly,normal,SYNTHETIC_GOERTEK_PRODUCTION,339,330,9,322,330,315,480,469,455,14,1.2,12674.69,9315.86,1946.05,5106,144141.76,328,331,323,331
2026-04-06,LINE-A01,afternoon,SPK-3200,MAT-SPK-3200,SUP-001,assembly,normal,SYNTHETIC_GOERTEK_PRODUCTION,332,323,9,318,323,335,480,467,446,21,1.2,12654.96,9534.79,1649.24,2946,86964.37,337,327,321,327
2026-04-06,LINE-A01,night,SPK-3200,MAT-SPK-3200,SUP-001,assembly,normal,SYNTHETIC_GOERTEK_PRODUCTION,313,306,7,298,306,305,480,460,442,18,1.2,11759.6,8729.14,1644.64,3175,90571.96,313,310,299,310
2026-04-06,LINE-A02,morning,SPK-3200,MAT-SPK-3200,SUP-002,assembly,normal,SYNTHETIC_GOERTEK_PRODUCTION,310,301,9,296,301,303,480,465,442,23,1.25,11648.26,9027.05,1346.47,3192,95728.72,284,296,287,296
2026-04-06,LINE-A02,afternoon,SPK-3200,MAT-SPK-3200,SUP-002,assembly,normal,SYNTHETIC_GOERTEK_PRODUCTION,295,289,6,282,289,290,480,452,434,18,1.25,11244.56,8544.22,1426.86,3108,91887.32,297,280,268,280
2026-04-06,LINE-A02,night,SPK-3200,MAT-SPK-3200,SUP-002,assembly,normal,SYNTHETIC_GOERTEK_PRODUCTION,273,268,5,263,268,266,480,462,446,16,1.25,10292.94,7968.99,1180.26,3916,116442.41,276,275,263,275
2026-04-06,LINE-B01,morning,MIC-1180,MAT-MIC-1180,SUP-003,testing,normal,SYNTHETIC_GOERTEK_PRODUCTION,392,381,11,371,381,380,480,462,448,14,1.05,8386.12,6518.82,929.64,5303,90733.08,378,377,363,377
2026-04-06,LINE-B01,afternoon,MIC-1180,MAT-MIC-1180,SUP-003,testing,normal,SYNTHETIC_GOERTEK_PRODUCTION,386,377,9,371,377,373,480,458,435,23,1.05,8241.71,6356.74,931.17,4893,82502.73,376,371,354,371
2026-04-06,LINE-B01,night,MIC-1180,MAT-MIC-1180,SUP-003,testing,normal,SYNTHETIC_GOERTEK_PRODUCTION,368,359,9,350,359,335,480,460,446,14,1.05,7931.96,6094.24,1005.87,4702,79819.27,354,357,342,357
2026-04-06,LINE-B02,morning,MIC-1180,MAT-MIC-1180,SUP-004,testing,normal,SYNTHETIC_GOERTEK_PRODUCTION,339,326,13,320,326,325,480,467,448,19,1.1,7227.47,5798.19,604.3,3914,69613.85,301,329,314,329
2026-04-06,LINE-B02,afternoon,MIC-1180,MAT-MIC-1180,SUP-004,testing,normal,SYNTHETIC_GOERTEK_PRODUCTION,326,316,10,311,316,306,480,463,444,19,1.1,6886.13,5552.01,531.07,3290,57804.15,334,326,311,326
2026-04-06,LINE-B02,night,MIC-1180,MAT-MIC-1180,SUP-004,testing,normal,SYNTHETIC_GOERTEK_PRODUCTION,295,290,5,282,290,294,480,459,435,24,1.1,6437.5,5123.51,579.71,3982,70351.09,319,303,292,303
2026-04-06,LINE-C01,morning,TWS-A70,MAT-TWS-A70,SUP-005,packaging,normal,SYNTHETIC_GOERTEK_PRODUCTION,245,238,7,231,238,234,480,460,442,18,1.6,22635.18,16127.27,3901.73,4552,308450.98,228,236,223,236
2026-04-06,LINE-C01,afternoon,TWS-A70,MAT-TWS-A70,SUP-005,packaging,normal,SYNTHETIC_GOERTEK_PRODUCTION,228,221,7,218,221,209,480,459,452,7,1.6,21111.62,15439.44,3366.97,4333,302710.83,223,216,208,216
2026-04-06,LINE-C01,night,TWS-A70,MAT-TWS-A70,SUP-005,packaging,normal,SYNTHETIC_GOERTEK_PRODUCTION,225,218,7,214,218,223,480,462,440,22,1.6,20974.13,14976.47,3624.68,2820,193732.32,220,213,208,213
2026-04-06,LINE-C02,morning,TWS-A70,MAT-TWS-A70,SUP-006,packaging,normal,SYNTHETIC_GOERTEK_PRODUCTION,235,228,7,222,228,222,480,466,452,14,1.55,22160.98,16262.19,3593.17,4100,292434.12,218,223,218,223
2026-04-06,LINE-C02,afternoon,TWS-A70,MAT-TWS-A70,SUP-006,packaging,normal,SYNTHETIC_GOERTEK_PRODUCTION,225,219,6,212,219,218,480,456,442,14,1.55,20876.87,15367.9,3065.76,2597,182239.44,241,223,213,223
2026-04-06,LINE-C02,night,TWS-A70,MAT-TWS-A70,SUP-006,packaging,normal,SYNTHETIC_GOERTEK_PRODUCTION,205,199,6,195,199,200,480,453,436,17,1.55,19196.36,14459.3,2393.3,3147,228660.39,198,202,195,202
2026-04-07,LINE-A01,morning,SPK-3200,MAT-SPK-3200,SUP-001,assembly,rework,SYNTHETIC_GOERTEK_PRODUCTION,347,337,10,329,337,348,480,468,446,22,1.2,12887.71,9557.9,1974.14,3610,102385.81,300,317,298,317
2026-04-07,LINE-A01,afternoon,SPK-3200,MAT-SPK-3200,SUP-001,assembly,normal,SYNTHETIC_GOERTEK_PRODUCTION,327,318,9,309,318,322,480,461,445,16,1.2,12298.84,9138.78,1798.48,4487,128948.76,328,332,317,332
2026-04-07,LINE-A01,night,SPK-3200,MAT-SPK-3200,SUP-001,assembly,normal,SYNTHETIC_GOERTEK_PRODUCTION,314,305,9,297,305,305,480,458,441,17,1.2,11747.27,8712.86,1593.88,2100,59990.18,308,310,299,310
2026-04-07,LINE-A02,morning,SPK-3200,MAT-SPK-3200,SUP-002,assembly,normal,SYNTHETIC_GOERTEK_PRODUCTION,302,292,10,286,292,294,480,455,427,28,1.25,11223.96,8441.36,1465.61,3978,114999.08,302,294,279,294
2026-04-07,LINE-A02,afternoon,SPK-3200,MAT-SPK-3200,SUP-002,assembly,normal,SYNTHETIC_GOERTEK_PRODUCTION,306,297,9,290,297,303,480,466,446,20,1.25,11416.33,8665.85,1502.88,4251,124035.45,291,297,287,297
2026-04-07,LINE-A02,night,SPK-3200,MAT-SPK-3200,SUP-002,assembly,normal,SYNTHETIC_GOERTEK_PRODUCTION,285,277,8,272,277,271,480,466,439,27,1.25,10730.55,8137.75,1439.03,3836,112694.62,261,286,275,286
2026-04-07,LINE-B01,morning,MIC-1180,MAT-MIC-1180,SUP-003,testing,normal,SYNTHETIC_GOERTEK_PRODUCTION,396,385,11,376,385,395,480,454,432,22,1.05,8549.58,6744.76,835.04,4223,73982.13,387,390,383,390
2026-04-07,LINE-B01,afternoon,MIC-1180,MAT-MIC-1180,SUP-003,testing,normal,SYNTHETIC_GOERTEK_PRODUCTION,377,366,11,357,366,358,480,458,433,25,1.05,7984.24,6382.89,693.95,3330,58073.84,386,374,356,374
2026-04-07,LINE-B01,night,MIC-1180,MAT-MIC-1180,SUP-003,testing,normal,SYNTHETIC_GOERTEK_PRODUCTION,411,400,11,393,400,405,540,531,518,13,1.05,8837.08,6739.95,1047.81,4005,67483.75,401,408,393,408
2026-04-07,LINE-B02,morning,MIC-1180,MAT-MIC-1180,SUP-004,testing,normal,SYNTHETIC_GOERTEK_PRODUCTION,329,323,6,316,323,308,480,465,434,31,1.1,7176.78,5625.21,722.31,5669,98728.53,338,323,317,323
2026-04-07,LINE-B02,afternoon,MIC-1180,MAT-MIC-1180,SUP-004,testing,normal,SYNTHETIC_GOERTEK_PRODUCTION,325,318,7,314,318,315,480,461,439,22,1.1,6973.33,5563.2,637.68,3336,58361.12,330,323,317,323
2026-04-07,LINE-B02,night,MIC-1180,MAT-MIC-1180,SUP-004,testing,normal,SYNTHETIC_GOERTEK_PRODUCTION,289,280,9,275,280,271,480,456,433,23,1.1,6125.63,4840.43,593.36,2352,40659.61,286,283,272,283
2026-04-07,LINE-C01,morning,TWS-A70,MAT-TWS-A70,SUP-005,packaging,normal,SYNTHETIC_GOERTEK_PRODUCTION,278,270,8,263,270,268,540,527,500,27,1.6,25868.58,18193.41,4823.11,3411,229843.41,283,264,256,264
2026-04-07,LINE-C01,afternoon,TWS-A70,MAT-TWS-A70,SUP-005,packaging,normal,SYNTHETIC_GOERTEK_PRODUCTION,239,230,9,225,230,229,480,464,437,27,1.6,22210.55,16441.9,3129.24,3008,215031.46,250,240,229,240
2026-04-07,LINE-C01,night,TWS-A70,MAT-TWS-A70,SUP-005,packaging,normal,SYNTHETIC_GOERTEK_PRODUCTION,212,207,5,202,207,210,480,451,423,28,1.6,19886.07,14302.55,3114.47,4226,291993.12,223,212,202,212
2026-04-07,LINE-C02,morning,TWS-A70,MAT-TWS-A70,SUP-006,packaging,normal,SYNTHETIC_GOERTEK_PRODUCTION,258,251,7,244,251,244,540,521,493,28,1.55,23952.97,17919.18,3213.69,3622,258578.76,249,245,238,245
2026-04-07,LINE-C02,afternoon,TWS-A70,MAT-TWS-A70,SUP-006,packaging,normal,SYNTHETIC_GOERTEK_PRODUCTION,219,212,7,207,212,222,480,464,450,14,1.55,20442.91,15534.36,2459.32,3110,227886.13,231,220,213,220
2026-04-07,LINE-C02,night,TWS-A70,MAT-TWS-A70,SUP-006,packaging,normal,SYNTHETIC_GOERTEK_PRODUCTION,209,204,5,199,204,211,480,466,446,20,1.55,19532.2,14549.76,2861.38,5100,363744,202,207,205,207
2026-04-08,LINE-A01,morning,SPK-3200,MAT-SPK-3200,SUP-001,assembly,normal,SYNTHETIC_GOERTEK_PRODUCTION,331,323,8,316,323,335,480,467,385,82,1.2,12540.9,9311.56,1950.53,4106,118369.24,320,319,313,319
2026-04-08,LINE-A01,afternoon,SPK-3200,MAT-SPK-3200,SUP-001,assembly,normal,SYNTHETIC_GOERTEK_PRODUCTION,329,319,10,310,319,320,480,461,453,8,1.2,12231.18,9182.79,1674.72,2754,79277.13,324,328,315,328
2026-04-08,LINE-A01,night,SPK-3200,MAT-SPK-3200,SUP-001,assembly,normal,SYNTHETIC_GOERTEK_PRODUCTION,305,295,10,287,295,301,480,463,434,29,1.2,11280.7,8321.92,1668.15,3977,112190.77,300,297,284,297
2026-04-08,LINE-A02,morning,SPK-3200,MAT-SPK-3200,SUP-002,assembly,normal,SYNTHETIC_GOERTEK_PRODUCTION,351,341,10,336,341,343,540,520,516,4,1.25,13099.06,10029.48,1671.93,4465,131324.42,339,337,330,337
2026-04-08,LINE-A02,afternoon,SPK-3200,MAT-SPK-3200,SUP-002,assembly,normal,SYNTHETIC_GOERTEK_PRODUCTION,310,300,10,292,300,304,480,465,435,30,1.25,11391.3,8557.48,1577.71,3029,86402.02,271,292,281,292
2026-04-08,LINE-A02,night,SPK-3200,MAT-SPK-3200,SUP-002,assembly,normal,SYNTHETIC_GOERTEK_PRODUCTION,292,286,6,279,286,281,480,471,394,77,1.25,11052.68,8345.47,1358.35,4212,122906.01,289,295,284,295
2026-04-08,LINE-B01,morning,MIC-1180,MAT-MIC-1180,SUP-003,testing,normal,SYNTHETIC_GOERTEK_PRODUCTION,391,381,10,375,381,370,480,463,447,16,1.05,8318.2,6426.38,980.12,4136,69762.49,416,391,369,391
2026-04-08,LINE-B01,afternoon,MIC-1180,MAT-MIC-1180,SUP-003,testing,normal,SYNTHETIC_GOERTEK_PRODUCTION,441,426,15,420,426,429,540,513,446,67,1.05,9431.03,7312.81,943.96,4131,70913.66,400,413,395,413
2026-04-08,LINE-B01,night,MIC-1180,MAT-MIC-1180,SUP-003,testing,normal,SYNTHETIC_GOERTEK_PRODUCTION,365,352,13,346,352,339,480,459,439,20,1.05,7713.9,6054.93,781.88,2328,40045.11,351,349,336,349
2026-04-08,LINE-B02,morning,MIC-1180,MAT-MIC-1180,SUP-004,testing,normal,SYNTHETIC_GOERTEK_PRODUCTION,349,338,11,330,338,345,480,462,440,22,1.1,7405.57,5718.15,819.9,3867,65420.37,357,332,321,332
2026-04-08,LINE-B02,afternoon,MIC-1180,MAT-MIC-1180,SUP-004,testing,normal,SYNTHETIC_GOERTEK_PRODUCTION,326,318,8,312,318,317,480,464,445,19,1.1,7060.58,5572.34,624.16,3762,65921.83,302,330,319,330
2026-04-08,LINE-B02,night,MIC-1180,MAT-MIC-1180,SUP-004,testing,normal,SYNTHETIC_GOERTEK_PRODUCTION,357,346,11,336,346,335,540,523,510,13,1.1,7626.49,6029.61,724.62,3277,57107.03,336,340,334,340
2026-04-08,LINE-C01,morning,TWS-A70,MAT-TWS-A70,SUP-005,packaging,normal,SYNTHETIC_GOERTEK_PRODUCTION,233,227,6,222,227,225,480,447,424,23,1.6,22016.65,15885.62,3448.44,3101,217010.17,222,227,220,227
2026-04-08,LINE-C01,afternoon,TWS-A70,MAT-TWS-A70,SUP-005,packaging,normal,SYNTHETIC_GOERTEK_PRODUCTION,233,226,7,220,226,223,480,466,447,19,1.6,21710.61,15538.14,3840.69,4111,282642.89,226,214,210,214
2026-04-08,LINE-C01,night,TWS-A70,MAT-TWS-A70,SUP-005,packaging,normal,SYNTHETIC_GOERTEK_PRODUCTION,234,226,8,221,226,231,480,474,450,24,1.6,21676.42,15717.05,3502.79,4053,281863.73,227,234,224,234
2026-04-08,LINE-C02,morning,TWS-A70,MAT-TWS-A70,SUP-006,packaging,normal,SYNTHETIC_GOERTEK_PRODUCTION,239,232,7,227,232,233,480,464,446,18,1.55,22069.52,16345.04,3432.28,4132,291110.8,229,227,222,227
2026-04-08,LINE-C02,afternoon,TWS-A70,MAT-TWS-A70,SUP-006,packaging,normal,SYNTHETIC_GOERTEK_PRODUCTION,218,214,4,209,214,211,480,459,435,24,1.55,20806.91,15613.72,2738.26,4174,304540.5,217,210,204,210
2026-04-08,LINE-C02,night,TWS-A70,MAT-TWS-A70,SUP-006,packaging,normal,SYNTHETIC_GOERTEK_PRODUCTION,226,219,7,214,219,226,480,465,446,19,1.55,21093.07,15805.26,2814.71,4759,343457.68,212,209,198,209
2026-04-09,LINE-A01,morning,SPK-3200,MAT-SPK-3200,SUP-001,assembly,normal,SYNTHETIC_GOERTEK_PRODUCTION,342,332,10,327,332,333,480,459,443,16,1.2,12749.46,9492.32,1778.16,4740,135522.88,325,330,320,330
2026-04-09,LINE-A01,afternoon,SPK-3200,MAT-SPK-3200,SUP-001,assembly,normal,SYNTHETIC_GOERTEK_PRODUCTION,371,360,11,355,360,366,540,524,501,23,1.2,13958.5,10199.89,2115.52,3224,91345.68,384,376,365,376
2026-04-09,LINE-A01,night,SPK-3200,MAT-SPK-3200,SUP-001,assembly,normal,SYNTHETIC_GOERTEK_PRODUCTION,338,328,10,320,328,331,540,523,501,22,1.2,12702.29,9426.38,1884.81,3228,92769.37,314,324,319,324
2026-04-09,LINE-A02,morning,SPK-3200,MAT-SPK-3200,SUP-002,assembly,normal,SYNTHETIC_GOERTEK_PRODUCTION,307,298,9,291,298,296,480,460,437,23,1.25,11547.01,8880.42,1276.23,3416,101797.03,286,283,270,283
2026-04-09,LINE-A02,afternoon,SPK-3200,MAT-SPK-3200,SUP-002,assembly,normal,SYNTHETIC_GOERTEK_PRODUCTION,306,297,9,290,297,302,480,461,438,23,1.25,11262.66,8506.6,1496.1,3823,109497.41,313,297,286,297
2026-04-09,LINE-A02,night,SPK-3200,MAT-SPK-3200,SUP-002,assembly,normal,SYNTHETIC_GOERTEK_PRODUCTION,265,258,7,252,258,256,480,455,434,21,1.25,9830.74,7457.86,1312.65,3846,111174.15,283,275,268,275
2026-04-09,LINE-B01,morning,MIC-1180,MAT-MIC-1180,SUP-003,testing,normal,SYNTHETIC_GOERTEK_PRODUCTION,382,372,10,366,372,376,480,457,440,17,1.05,8185.64,6515.82,754.62,2846,49849.53,370,384,367,384
2026-04-09,LINE-B01,afternoon,MIC-1180,MAT-MIC-1180,SUP-003,testing,normal,SYNTHETIC_GOERTEK_PRODUCTION,452,440,12,426,440,440,540,527,510,17,1.05,9631.25,7502.92,1019.51,4200,71618.78,437,431,417,431
2026-04-09,LINE-B01,night,MIC-1180,MAT-MIC-1180,SUP-003,testing,test,SYNTHETIC_GOERTEK_PRODUCTION,352,342,10,333,342,338,480,452,432,20,1.05,7518.73,5836.28,826.2,2277,38857.34,354,350,341,350
2026-04-09,LINE-B02,morning,MIC-1180,MAT-MIC-1180,SUP-004,testing,normal,SYNTHETIC_GOERTEK_PRODUCTION,341,334,7,326,334,319,480,459,428,31,1.1,7328.38,5880.48,610.33,3892,68523.44,363,347,333,347
2026-04-09,LINE-B02,afternoon,MIC-1180,MAT-MIC-1180,SUP-004,testing,normal,SYNTHETIC_GOERTEK_PRODUCTION,342,333,9,326,333,340,480,469,445,24,1.1,7373.69,5847.82,699.93,4418,77584.59,337,324,309,324
2026-04-09,LINE-B02,night,MIC-1180,MAT-MIC-1180,SUP-004,testing,normal,SYNTHETIC_GOERTEK_PRODUCTION,312,306,6,300,306,297,480,457,444,13,1.1,6767.33,5230.7,764.13,4088,69879.42,324,317,300,317
2026-04-09,LINE-C01,morning,TWS-A70,MAT-TWS-A70,SUP-005,packaging,normal,SYNTHETIC_GOERTEK_PRODUCTION,243,237,6,233,237,247,480,461,443,18,1.6,22773.8,16416.49,3760.96,3826,265018.95,242,239,233,239
2026-04-09,LINE-C01,afternoon,TWS-A70,MAT-TWS-A70,SUP-005,packaging,normal,SYNTHETIC_GOERTEK_PRODUCTION,237,230,7,225,230,231,480,458,434,24,1.6,22295.35,16250.65,3598.49,5103,360552.47,230,229,218,229
2026-04-09,LINE-C01,night,TWS-A70,MAT-TWS-A70,SUP-005,packaging,normal,SYNTHETIC_GOERTEK_PRODUCTION,232,226,6,221,226,233,480,463,450,13,1.6,21713.84,15637.68,3529.08,5523,382154.45,241,230,220,230
2026-04-09,LINE-C02,morning,TWS-A70,MAT-TWS-A70,SUP-006,packaging,normal,SYNTHETIC_GOERTEK_PRODUCTION,228,221,7,217,221,220,480,459,431,28,1.55,21329.44,16154.54,2689.91,3659,267463.63,225,222,211,222
2026-04-09,LINE-C02,afternoon,TWS-A70,MAT-TWS-A70,SUP-006,packaging,normal,SYNTHETIC_GOERTEK_PRODUCTION,234,226,8,221,226,233,480,471,450,21,1.55,21803.63,16342.37,3044.43,2998,216789.49,233,222,212,222
2026-04-09,LINE-C02,night,TWS-A70,MAT-TWS-A70,SUP-006,packaging,normal,SYNTHETIC_GOERTEK_PRODUCTION,213,207,6,202,207,211,480,454,435,19,1.55,19956.77,15033.33,2741.88,4705,341699.6,205,204,197,204
2026-04-10,LINE-A01,morning,SPK-3200,MAT-SPK-3200,SUP-001,assembly,normal,SYNTHETIC_GOERTEK_PRODUCTION,324,314,10,307,314,310,480,455,436,19,1.2,12051.94,8918.88,1666.67,4368,124069.01,335,330,325,330
2026-04-10,LINE-A01,afternoon,SPK-3200,MAT-SPK-3200,SUP-001,assembly,normal,SYNTHETIC_GOERTEK_PRODUCTION,329,320,9,313,320,330,480,462,436,26,1.2,12251.79,9141.11,1764.47,2505,71557.75,316,321,305,321
2026-04-10,LINE-A01,night,SPK-3200,MAT-SPK-3200,SUP-001,assembly,normal,SYNTHETIC_GOERTEK_PRODUCTION,320,312,8,306,312,312,480,470,451,19,1.2,12023.26,8802.29,1856.95,3204,90392.75,343,326,308,326
2026-04-10,LINE-A02,morning,SPK-3200,MAT-SPK-3200,SUP-002,assembly,normal,SYNTHETIC_GOERTEK_PRODUCTION,304,296,8,291,296,291,480,464,443,21,1.25,11344.42,8708.54,1364.45,2987,87879.76,302,298,288,298
2026-04-10,LINE-A02,afternoon,SPK-3200,MAT-SPK-3200,SUP-002,assembly,normal,SYNTHETIC_GOERTEK_PRODUCTION,298,290,8,285,290,292,480,462,440,22,1.25,11288.3,8479.66,1436.79,3157,92311.33,291,289,276,289
2026-04-10,LINE-A02,night,SPK-3200,MAT-SPK-3200,SUP-002,assembly,normal,SYNTHETIC_GOERTEK_PRODUCTION,286,279,7,273,279,276,480,461,442,19,1.25,10708.6,8196.2,1189.65,4131,121356.64,300,285,273,285
2026-04-10,LINE-B01,morning,MIC-1180,MAT-MIC-1180,SUP-003,testing,normal,SYNTHETIC_GOERTEK_PRODUCTION,464,449,15,440,449,464,540,533,509,24,1.05,9855.03,7780.59,913.49,3648,63215.13,446,444,425,444
2026-04-10,LINE-B01,afternoon,MIC-1180,MAT-MIC-1180,SUP-003,testing,rework,SYNTHETIC_GOERTEK_PRODUCTION,387,374,13,367,374,386,480,453,418,35,1.05,8283.6,6465.61,795.43,4259,73628.43,365,374,367,374
2026-04-10,LINE-B01,night,MIC-1180,MAT-MIC-1180,SUP-003,testing,normal,SYNTHETIC_GOERTEK_PRODUCTION,386,376,10,371,376,388,480,472,454,18,1.05,8395.82,6611.97,898.47,3940,69285,390,379,363,379
2026-04-10,LINE-B02,morning,MIC-1180,MAT-MIC-1180,SUP-004,testing,normal,SYNTHETIC_GOERTEK_PRODUCTION,335,327,8,318,327,343,480,458,427,31,1.1,7237.52,5647.7,747.5,3451,59603.1,326,316,306,316
2026-04-10,LINE-B02,afternoon,MIC-1180,MAT-MIC-1180,SUP-004,testing,normal,SYNTHETIC_GOERTEK_PRODUCTION,318,309,9,303,309,324,480,458,444,14,1.1,6752.54,5281.97,681.11,3786,64716.95,326,305,296,305
2026-04-10,LINE-B02,night,MIC-1180,MAT-MIC-1180,SUP-004,testing,normal,SYNTHETIC_GOERTEK_PRODUCTION,309,300,9,292,300,301,480,460,437,23,1.1,6536.52,5129.67,618.09,3771,64479.95,291,297,282,297
2026-04-10,LINE-C01,morning,TWS-A70,MAT-TWS-A70,SUP-005,packaging,normal,SYNTHETIC_GOERTEK_PRODUCTION,278,271,7,265,271,277,540,521,489,32,1.6,25862.35,19101.74,3918.86,3606,254172.97,256,274,262,274
2026-04-10,LINE-C01,afternoon,TWS-A70,MAT-TWS-A70,SUP-005,packaging,normal,SYNTHETIC_GOERTEK_PRODUCTION,235,227,8,221,227,219,480,455,438,17,1.6,21817.75,15791.61,3649.65,3612,251274.43,233,224,217,224
2026-04-10,LINE-C01,night,TWS-A70,MAT-TWS-A70,SUP-005,packaging,normal,SYNTHETIC_GOERTEK_PRODUCTION,225,219,6,216,219,220,480,463,444,19,1.6,21084.21,15211.01,3372.63,4365,303178.35,230,224,217,224
2026-04-10,LINE-C02,morning,TWS-A70,MAT-TWS-A70,SUP-006,packaging,normal,SYNTHETIC_GOERTEK_PRODUCTION,238,231,7,224,231,233,480,463,435,28,1.55,22005.74,16703.03,2874.1,4325,312729.89,235,232,227,232
2026-04-10,LINE-C02,afternoon,TWS-A70,MAT-TWS-A70,SUP-006,packaging,normal,SYNTHETIC_GOERTEK_PRODUCTION,216,211,5,207,211,210,480,455,434,21,1.55,20207.15,14887.39,2889.58,3942,278133.13,193,207,195,207
2026-04-10,LINE-C02,night,TWS-A70,MAT-TWS-A70,SUP-006,packaging,normal,SYNTHETIC_GOERTEK_PRODUCTION,204,198,6,196,198,196,480,451,431,20,1.55,19012.52,14527.46,2190.65,4801,352254.22,199,194,189,194
2026-04-11,LINE-A01,morning,SPK-3200,MAT-SPK-3200,SUP-001,assembly,normal,SYNTHETIC_GOERTEK_PRODUCTION,327,319,8,315,319,324,480,467,447,20,1.2,12502.56,9297.52,1746.24,3932,114601.41,335,325,309,325
2026-04-11,LINE-A01,afternoon,SPK-3200,MAT-SPK-3200,SUP-001,assembly,normal,SYNTHETIC_GOERTEK_PRODUCTION,319,310,9,303,310,314,480,457,440,17,1.2,11923.31,8823.58,1616.48,3855,109725.49,326,320,313,320
2026-04-11,LINE-A01,night,SPK-3200,MAT-SPK-3200,SUP-001,assembly,normal,SYNTHETIC_GOERTEK_PRODUCTION,296,289,7,281,289,283,480,462,435,27,1.2,11065.91,8306.32,1524.65,4645,133504.69,281,297,286,297
2026-04-11,LINE-A02,morning,SPK-3200,MAT-SPK-3200,SUP-002,assembly,normal,SYNTHETIC_GOERTEK_PRODUCTION,333,324,9,314,324,305,540,527,514,13,1.25,12357.93,9473.85,1497.93,3617,105762.08,336,328,319,328
2026-04-11,LINE-A02,afternoon,SPK-3200,MAT-SPK-3200,SUP-002,assembly,normal,SYNTHETIC_GOERTEK_PRODUCTION,283,275,8,272,275,284,480,457,435,22,1.25,10538.76,7881.16,1438.58,2948,84486.04,264,271,262,271
2026-04-11,LINE-A02,night,SPK-3200,MAT-SPK-3200,SUP-002,assembly,normal,SYNTHETIC_GOERTEK_PRODUCTION,266,258,8,253,258,248,480,456,428,28,1.25,9859.99,7368.1,1406.71,4688,133882.38,241,254,243,254
2026-04-11,LINE-B01,morning,MIC-1180,MAT-MIC-1180,SUP-003,testing,normal,SYNTHETIC_GOERTEK_PRODUCTION,368,360,8,355,360,362,480,453,424,29,1.05,7935.8,6166.81,778.73,3656,62627.38,358,365,354,365
2026-04-11,LINE-B01,afternoon,MIC-1180,MAT-MIC-1180,SUP-003,testing,normal,SYNTHETIC_GOERTEK_PRODUCTION,383,372,11,365,372,380,480,460,435,25,1.05,8081.19,6364.05,772.82,3948,67541.05,338,367,356,367
2026-04-11,LINE-B01,night,MIC-1180,MAT-MIC-1180,SUP-003,testing,normal,SYNTHETIC_GOERTEK_PRODUCTION,365,354,11,344,354,352,480,466,454,12,1.05,7740.28,5963.42,903.2,3244,54647.84,384,365,362,365
2026-04-11,LINE-B02,morning,MIC-1180,MAT-MIC-1180,SUP-004,testing,rework,SYNTHETIC_GOERTEK_PRODUCTION,308,302,6,293,302,293,480,460,435,25,1.1,6627.23,5238.47,672.92,3902,67683.81,290,295,280,295
2026-04-11,LINE-B02,afternoon,MIC-1180,MAT-MIC-1180,SUP-004,testing,normal,SYNTHETIC_GOERTEK_PRODUCTION,305,295,10,288,295,290,480,457,426,31,1.1,6455.81,5216.25,530.75,4535,80188.79,320,304,293,304
2026-04-11,LINE-B02,night,MIC-1180,MAT-MIC-1180,SUP-004,testing,normal,SYNTHETIC_GOERTEK_PRODUCTION,307,299,8,290,299,308,480,467,393,74,1.1,6660.52,5160.51,760.62,4455,76889.87,279,281,271,281
2026-04-11,LINE-C01,morning,TWS-A70,MAT-TWS-A70,SUP-005,packaging,normal,SYNTHETIC_GOERTEK_PRODUCTION,244,238,6,233,238,233,480,471,457,14,1.6,22865.76,16711.95,3676.56,3847,270129.71,224,224,214,224
2026-04-11,LINE-C01,afternoon,TWS-A70,MAT-TWS-A70,SUP-005,packaging,normal,SYNTHETIC_GOERTEK_PRODUCTION,222,215,7,210,215,217,480,458,432,26,1.6,20579.42,14859.06,3178.19,0,0,225,219,211,219
2026-04-11,LINE-C01,night,TWS-A70,MAT-TWS-A70,SUP-005,packaging,normal,SYNTHETIC_GOERTEK_PRODUCTION,218,211,7,208,211,214,480,455,427,28,1.6,20226.37,14448.79,3566.23,3022,206939.54,207,204,194,204
2026-04-11,LINE-C02,morning,TWS-A70,MAT-TWS-A70,SUP-006,packaging,normal,SYNTHETIC_GOERTEK_PRODUCTION,219,213,6,208,213,212,480,463,447,16,1.55,20241.76,15181.13,2828.05,4395,313244.44,204,210,202,210
2026-04-11,LINE-C02,afternoon,TWS-A70,MAT-TWS-A70,SUP-006,packaging,normal,SYNTHETIC_GOERTEK_PRODUCTION,226,219,7,213,219,217,480,463,456,7,1.55,20936.59,15680.92,2988.16,0,0,222,228,218,228
2026-04-11,LINE-C02,night,TWS-A70,MAT-TWS-A70,SUP-006,packaging,normal,SYNTHETIC_GOERTEK_PRODUCTION,211,206,5,203,206,210,480,472,462,10,1.55,19774.3,15118.3,2445.08,4548,333776.84,207,207,201,207
2026-04-12,LINE-A01,morning,SPK-3200,MAT-SPK-3200,SUP-001,assembly,normal,SYNTHETIC_GOERTEK_PRODUCTION,312,303,9,297,303,317,480,452,431,21,1.2,11698.45,8622.86,1791.74,3754,106832.4,296,300,295,300
2026-04-12,LINE-A01,afternoon,SPK-3200,MAT-SPK-3200,SUP-001,assembly,normal,SYNTHETIC_GOERTEK_PRODUCTION,305,297,8,292,297,306,480,454,431,23,1.2,11449.24,8402.29,1711.3,3791,107249.43,300,297,289,297
2026-04-12,LINE-A01,night,SPK-3200,MAT-SPK-3200,SUP-001,assembly,normal,SYNTHETIC_GOERTEK_PRODUCTION,305,295,10,291,295,283,480,467,447,20,1.2,11424.08,8489.56,1579.43,4389,126307.39,323,304,292,304
2026-04-12,LINE-A02,morning,SPK-3200,MAT-SPK-3200,SUP-002,assembly,normal,SYNTHETIC_GOERTEK_PRODUCTION,303,293,10,286,293,296,480,463,448,15,1.25,11280.62,8606.59,1261.33,3308,97169.28,270,274,261,274
2026-04-12,LINE-A02,afternoon,SPK-3200,MAT-SPK-3200,SUP-002,assembly,normal,SYNTHETIC_GOERTEK_PRODUCTION,288,279,9,273,279,280,480,465,427,38,1.25,10845.22,8157.47,1432.29,3780,110520.56,265,273,262,273
2026-04-12,LINE-A02,night,SPK-3200,MAT-SPK-3200,SUP-002,assembly,normal,SYNTHETIC_GOERTEK_PRODUCTION,314,309,5,302,309,303,540,527,509,18,1.25,11997.34,9135.3,1551.56,3917,115802.49,311,308,294,308
2026-04-12,LINE-B01,morning,MIC-1180,MAT-MIC-1180,SUP-003,testing,normal,SYNTHETIC_GOERTEK_PRODUCTION,441,429,12,420,429,436,540,523,501,22,1.05,9385.71,7407.12,888.08,4055,70013.69,391,404,383,404
2026-04-12,LINE-B01,afternoon,MIC-1180,MAT-MIC-1180,SUP-003,testing,normal,SYNTHETIC_GOERTEK_PRODUCTION,364,353,11,347,353,377,480,456,428,28,1.05,7758.6,6069.99,832.85,3395,58378.52,372,374,356,374
2026-04-12,LINE-B01,night,MIC-1180,MAT-MIC-1180,SUP-003,testing,normal,SYNTHETIC_GOERTEK_PRODUCTION,375,362,13,353,362,373,480,468,437,31,1.05,8104.78,6232.94,974.42,4112,70800.69,358,355,349,355
2026-04-12,LINE-B02,morning,MIC-1180,MAT-MIC-1180,SUP-004,testing,normal,SYNTHETIC_GOERTEK_PRODUCTION,366,359,7,354,359,359,540,521,489,32,1.1,7870.02,6246.01,683.11,3214,55918.32,378,368,353,368
2026-04-12,LINE-B02,afternoon,MIC-1180,MAT-MIC-1180,SUP-004,testing,normal,SYNTHETIC_GOERTEK_PRODUCTION,312,304,8,296,304,301,480,456,428,28,1.1,6692.92,5232.34,755.75,4075,70137.45,294,298,282,298
2026-04-12,LINE-B02,night,MIC-1180,MAT-MIC-1180,SUP-004,testing,normal,SYNTHETIC_GOERTEK_PRODUCTION,302,294,8,286,294,297,480,461,441,20,1.1,6527.2,5228.16,581.56,3810,67752.69,294,279,265,279
2026-04-12,LINE-C01,morning,TWS-A70,MAT-TWS-A70,SUP-005,packaging,normal,SYNTHETIC_GOERTEK_PRODUCTION,235,228,7,225,228,231,480,469,446,23,1.6,21595.78,15821.61,3368.75,3844,266746.79,237,235,223,235
2026-04-12,LINE-C01,afternoon,TWS-A70,MAT-TWS-A70,SUP-005,packaging,normal,SYNTHETIC_GOERTEK_PRODUCTION,232,227,5,223,227,221,480,462,438,24,1.6,21759.82,15687.43,3447.76,3996,276154.05,244,230,217,230
2026-04-12,LINE-C01,night,TWS-A70,MAT-TWS-A70,SUP-005,packaging,normal,SYNTHETIC_GOERTEK_PRODUCTION,207,202,5,196,202,212,480,458,434,24,1.6,19500.93,13965.96,3205.72,2901,200570.54,216,205,195,205
2026-04-12,LINE-C02,morning,TWS-A70,MAT-TWS-A70,SUP-006,packaging,normal,SYNTHETIC_GOERTEK_PRODUCTION,245,239,6,233,239,240,540,521,499,22,1.55,22853.91,17360.76,2715.66,3737,271452.55,266,252,248,252
2026-04-12,LINE-C02,afternoon,TWS-A70,MAT-TWS-A70,SUP-006,packaging,normal,SYNTHETIC_GOERTEK_PRODUCTION,225,218,7,212,218,220,480,466,445,21,1.55,20838.59,15210.24,3092.1,4332,302251.19,224,221,210,221
2026-04-12,LINE-C02,night,TWS-A70,MAT-TWS-A70,SUP-006,packaging,normal,SYNTHETIC_GOERTEK_PRODUCTION,208,203,5,200,203,195,480,464,440,24,1.55,19471.7,14387.36,2828.85,3058,216731.76,200,199,190,199
2026-04-13,LINE-A01,morning,SPK-3200,MAT-SPK-3200,SUP-001,assembly,normal,SYNTHETIC_GOERTEK_PRODUCTION,335,328,7,321,328,340,480,466,444,22,1.2,12694.24,9371.33,1722.76,4206,120170.16,316,331,320,331
2026-04-13,LINE-A01,afternoon,SPK-3200,MAT-SPK-3200,SUP-001,assembly,normal,SYNTHETIC_GOERTEK_PRODUCTION,333,323,10,316,323,328,480,463,440,23,1.2,12436.22,9260.47,1700.38,3966,113705.96,333,344,337,344
2026-04-13,LINE-A01,night,SPK-3200,MAT-SPK-3200,SUP-001,assembly,normal,SYNTHETIC_GOERTEK_PRODUCTION,304,297,7,291,297,301,480,465,450,15,1.2,11563.03,8698.89,1446.01,0,0,320,310,304,310
2026-04-13,LINE-A02,morning,SPK-3200,MAT-SPK-3200,SUP-002,assembly,normal,SYNTHETIC_GOERTEK_PRODUCTION,306,297,9,290,297,301,480,461,447,14,1.25,11393.64,8644.86,1380.21,4210,122541.62,311,299,289,299
2026-04-13,LINE-A02,afternoon,SPK-3200,MAT-SPK-3200,SUP-002,assembly,normal,SYNTHETIC_GOERTEK_PRODUCTION,285,275,10,269,275,272,480,456,434,22,1.25,10458.27,8102.62,1187.38,4095,120655.38,261,272,268,272
2026-04-13,LINE-A02,night,SPK-3200,MAT-SPK-3200,SUP-002,assembly,normal,SYNTHETIC_GOERTEK_PRODUCTION,278,270,8,265,270,260,480,452,380,72,1.25,10513.99,7850.69,1521.06,3803,110578.42,282,277,265,277
2026-04-13,LINE-B01,morning,MIC-1180,MAT-MIC-1180,SUP-003,testing,normal,SYNTHETIC_GOERTEK_PRODUCTION,386,377,9,368,377,378,480,456,435,21,1.05,8271.11,6364.68,950.94,4674,78908.53,421,396,383,396
2026-04-13,LINE-B01,afternoon,MIC-1180,MAT-MIC-1180,SUP-003,testing,normal,SYNTHETIC_GOERTEK_PRODUCTION,392,381,11,372,381,389,480,459,447,12,1.05,8328.14,6471.89,923.7,0,0,378,368,352,368
2026-04-13,LINE-B01,night,MIC-1180,MAT-MIC-1180,SUP-003,testing,normal,SYNTHETIC_GOERTEK_PRODUCTION,416,405,11,398,405,408,540,533,517,16,1.05,8926.54,6816.34,1117.55,3011,50676.54,414,413,393,413
2026-04-13,LINE-B02,morning,MIC-1180,MAT-MIC-1180,SUP-004,testing,normal,SYNTHETIC_GOERTEK_PRODUCTION,336,327,9,321,327,329,480,457,432,25,1.1,7135.58,5654.46,686.31,2461,42555.43,348,347,330,347
2026-04-13,LINE-B02,afternoon,MIC-1180,MAT-MIC-1180,SUP-004,testing,normal,SYNTHETIC_GOERTEK_PRODUCTION,329,318,11,312,318,314,480,458,439,19,1.1,7060.36,5494.15,765.93,4252,73462.66,322,320,301,320
2026-04-13,LINE-B02,night,MIC-1180,MAT-MIC-1180,SUP-004,testing,normal,SYNTHETIC_GOERTEK_PRODUCTION,298,291,7,284,291,311,480,457,436,21,1.1,6359.69,5013.29,611.51,3558,61296.51,294,298,287,298
2026-04-13,LINE-C01,morning,TWS-A70,MAT-TWS-A70,SUP-005,packaging,normal,SYNTHETIC_GOERTEK_PRODUCTION,234,227,7,221,227,219,480,459,431,28,1.6,21522.1,15357.4,3693.78,4754,321625.9,221,237,228,237
2026-04-13,LINE-C01,afternoon,TWS-A70,MAT-TWS-A70,SUP-005,packaging,normal,SYNTHETIC_GOERTEK_PRODUCTION,274,266,8,261,266,267,540,524,499,25,1.6,25218.16,18163.98,4187.56,3465,236609.74,279,271,266,271
2026-04-13,LINE-C01,night,TWS-A70,MAT-TWS-A70,SUP-005,packaging,normal,SYNTHETIC_GOERTEK_PRODUCTION,229,223,6,216,223,218,480,465,445,20,1.6,21447.53,15432.44,3504.93,3638,251763.3,225,228,221,228
2026-04-13,LINE-C02,morning,TWS-A70,MAT-TWS-A70,SUP-006,packaging,normal,SYNTHETIC_GOERTEK_PRODUCTION,231,224,7,218,224,232,480,448,433,15,1.55,21752.65,16070.17,3314.24,4756,341204.15,217,216,209,216
2026-04-13,LINE-C02,afternoon,TWS-A70,MAT-TWS-A70,SUP-006,packaging,normal,SYNTHETIC_GOERTEK_PRODUCTION,234,227,7,221,227,226,480,464,448,16,1.55,21596.09,15912.95,3346.86,2923,204905.52,225,227,219,227
2026-04-13,LINE-C02,night,TWS-A70,MAT-TWS-A70,SUP-006,packaging,normal,SYNTHETIC_GOERTEK_PRODUCTION,213,208,5,202,208,207,480,458,442,16,1.55,19792.74,14876.77,2582.5,3186,227872.06,212,212,205,212
2026-04-14,LINE-A01,morning,SPK-3200,MAT-SPK-3200,SUP-001,assembly,normal,SYNTHETIC_GOERTEK_PRODUCTION,319,311,8,307,311,315,480,464,444,20,1.2,12006.53,8797.98,1838.2,3811,107810.62,324,314,306,314
2026-04-14,LINE-A01,afternoon,SPK-3200,MAT-SPK-3200,SUP-001,assembly,normal,SYNTHETIC_GOERTEK_PRODUCTION,327,320,7,312,320,314,480,454,428,26,1.2,12259.64,9112.03,1605.24,4347,123781.23,304,323,315,323
2026-04-14,LINE-A01,night,SPK-3200,MAT-SPK-3200,SUP-001,assembly,normal,SYNTHETIC_GOERTEK_PRODUCTION,312,302,10,296,302,301,480,458,432,26,1.2,11593.04,8478.54,1757.7,3634,102023.23,316,306,297,306
2026-04-14,LINE-A02,morning,SPK-3200,MAT-SPK-3200,SUP-002,assembly,normal,SYNTHETIC_GOERTEK_PRODUCTION,314,307,7,299,307,308,480,458,421,37,1.25,11963.74,9084.03,1518.76,4497,133064.77,311,295,289,295
2026-04-14,LINE-A02,afternoon,SPK-3200,MAT-SPK-3200,SUP-002,assembly,test,SYNTHETIC_GOERTEK_PRODUCTION,349,339,10,331,339,339,540,533,503,30,1.25,13077.96,9838.55,1749.13,4022,116727.58,346,350,337,350
2026-04-14,LINE-A02,night,SPK-3200,MAT-SPK-3200,SUP-002,assembly,normal,SYNTHETIC_GOERTEK_PRODUCTION,269,262,7,256,262,266,480,453,428,25,1.25,10104.92,7792.55,1163.69,3563,105972.73,270,265,254,265
2026-04-14,LINE-B01,morning,MIC-1180,MAT-MIC-1180,SUP-003,testing,normal,SYNTHETIC_GOERTEK_PRODUCTION,393,383,10,377,383,389,480,452,418,34,1.05,8364.73,6575.73,819.13,3843,65980.5,397,394,379,394
2026-04-14,LINE-B01,afternoon,MIC-1180,MAT-MIC-1180,SUP-003,testing,normal,SYNTHETIC_GOERTEK_PRODUCTION,388,380,8,371,380,393,480,463,435,28,1.05,8440.95,6537.16,837.88,3887,66868.27,358,373,357,373
2026-04-14,LINE-B01,night,MIC-1180,MAT-MIC-1180,SUP-003,testing,normal,SYNTHETIC_GOERTEK_PRODUCTION,369,358,11,349,358,345,480,468,438,30,1.05,7813.89,6114.35,744.77,5184,88538.52,400,367,352,367
2026-04-14,LINE-B02,morning,MIC-1180,MAT-MIC-1180,SUP-004,testing,normal,SYNTHETIC_GOERTEK_PRODUCTION,338,328,10,321,328,332,480,456,438,18,1.1,7215.39,5732.17,575.62,4321,75514.35,317,324,308,324
2026-04-14,LINE-B02,afternoon,MIC-1180,MAT-MIC-1180,SUP-004,testing,normal,SYNTHETIC_GOERTEK_PRODUCTION,318,310,8,305,310,311,480,451,425,26,1.1,6742.26,5303.21,688.29,5007,85655.4,312,299,290,299
2026-04-14,LINE-B02,night,MIC-1180,MAT-MIC-1180,SUP-004,testing,normal,SYNTHETIC_GOERTEK_PRODUCTION,330,322,8,312,322,325,480,467,439,28,1.1,7137.86,5570.58,650.14,5384,93142.87,312,325,314,325
2026-04-14,LINE-C01,morning,TWS-A70,MAT-TWS-A70,SUP-005,packaging,normal,SYNTHETIC_GOERTEK_PRODUCTION,246,239,7,233,239,234,480,470,458,12,1.6,23167.84,16393.98,4099.09,3254,223205.07,238,238,228,238
2026-04-14,LINE-C01,afternoon,TWS-A70,MAT-TWS-A70,SUP-005,packaging,normal,SYNTHETIC_GOERTEK_PRODUCTION,244,237,7,232,237,254,480,468,382,86,1.6,22627.97,16547.28,3456.54,3185,222375.89,248,243,232,243
2026-04-14,LINE-C01,night,TWS-A70,MAT-TWS-A70,SUP-005,packaging,normal,SYNTHETIC_GOERTEK_PRODUCTION,222,215,7,212,215,219,480,454,428,26,1.6,20759.5,14718.98,3784.04,4528,309988.56,214,210,207,210
2026-04-14,LINE-C02,morning,TWS-A70,MAT-TWS-A70,SUP-006,packaging,normal,SYNTHETIC_GOERTEK_PRODUCTION,249,243,6,238,243,244,480,468,442,26,1.55,23261.02,17208.19,3445.63,5137,363779.72,256,239,232,239
2026-04-14,LINE-C02,afternoon,TWS-A70,MAT-TWS-A70,SUP-006,packaging,normal,SYNTHETIC_GOERTEK_PRODUCTION,260,253,7,248,253,248,540,527,512,15,1.55,24650.56,18800.35,2990.62,4499,334319.27,253,257,244,257
2026-04-14,LINE-C02,night,TWS-A70,MAT-TWS-A70,SUP-006,packaging,normal,SYNTHETIC_GOERTEK_PRODUCTION,216,209,7,204,209,220,480,460,433,27,1.55,20163.11,14972.78,2879.27,2680,191995.46,212,208,199,208
2026-04-15,LINE-A01,morning,SPK-3200,MAT-SPK-3200,SUP-001,assembly,normal,SYNTHETIC_GOERTEK_PRODUCTION,338,332,6,323,332,326,480,467,450,17,1.2,12690.2,9358.46,2026.16,5565,156866.96,337,327,321,327
2026-04-15,LINE-A01,afternoon,SPK-3200,MAT-SPK-3200,SUP-001,assembly,normal,SYNTHETIC_GOERTEK_PRODUCTION,315,306,9,301,306,301,480,455,432,23,1.2,11891.37,8828.95,1520.92,3836,110679.26,291,312,302,312
2026-04-15,LINE-A01,night,SPK-3200,MAT-SPK-3200,SUP-001,assembly,normal,SYNTHETIC_GOERTEK_PRODUCTION,302,295,7,290,295,301,480,449,430,19,1.2,11458.9,8480.71,1626.24,2981,85698.29,300,284,268,284
2026-04-15,LINE-A02,morning,SPK-3200,MAT-SPK-3200,SUP-002,assembly,normal,SYNTHETIC_GOERTEK_PRODUCTION,303,297,6,288,297,295,480,463,453,10,1.25,11306.09,8459.19,1509.87,3332,94902.43,288,304,290,304
2026-04-15,LINE-A02,afternoon,SPK-3200,MAT-SPK-3200,SUP-002,assembly,normal,SYNTHETIC_GOERTEK_PRODUCTION,288,279,9,272,279,275,480,458,437,21,1.25,10821.81,8201.36,1437.86,4205,123608.31,292,283,274,283
2026-04-15,LINE-A02,night,SPK-3200,MAT-SPK-3200,SUP-002,assembly,rework,SYNTHETIC_GOERTEK_PRODUCTION,265,256,9,249,256,239,480,455,376,79,1.25,9869.02,7487.56,1250.7,4281,125211.89,275,262,259,262
2026-04-15,LINE-B01,morning,MIC-1180,MAT-MIC-1180,SUP-003,testing,normal,SYNTHETIC_GOERTEK_PRODUCTION,390,377,13,369,377,363,480,455,438,17,1.05,8278.09,6393.08,868.35,3696,62675.92,390,386,371,386
2026-04-15,LINE-B01,afternoon,MIC-1180,MAT-MIC-1180,SUP-003,testing,normal,SYNTHETIC_GOERTEK_PRODUCTION,451,442,9,431,442,446,540,527,474,53,1.05,9682.94,7650.77,899.49,4710,81527.44,466,457,449,457
2026-04-15,LINE-B01,night,MIC-1180,MAT-MIC-1180,SUP-003,testing,rework,SYNTHETIC_GOERTEK_PRODUCTION,349,342,7,335,342,338,480,456,432,24,1.05,7553.29,5950.12,697.22,3501,60910.44,336,347,339,347
2026-04-15,LINE-B02,morning,MIC-1180,MAT-MIC-1180,SUP-004,testing,normal,SYNTHETIC_GOERTEK_PRODUCTION,334,325,9,317,325,313,480,456,436,20,1.1,7170.54,5670.66,749.37,4056,70769.84,311,313,296,313
2026-04-15,LINE-B02,afternoon,MIC-1180,MAT-MIC-1180,SUP-004,testing,normal,SYNTHETIC_GOERTEK_PRODUCTION,331,322,9,314,322,311,480,462,432,30,1.1,7148.62,5534.05,844.46,3629,62369.77,331,322,315,322
2026-04-15,LINE-B02,night,MIC-1180,MAT-MIC-1180,SUP-004,testing,rework,SYNTHETIC_GOERTEK_PRODUCTION,306,296,10,289,296,299,480,458,431,27,1.1,6511.27,5073.19,662.95,2538,43499.18,284,270,256,270
2026-04-15,LINE-C01,morning,TWS-A70,MAT-TWS-A70,SUP-005,packaging,normal,SYNTHETIC_GOERTEK_PRODUCTION,277,269,8,262,269,280,540,532,509,23,1.6,26141.34,18724.14,4549.57,3630,252671.48,283,264,254,264
2026-04-15,LINE-C01,afternoon,TWS-A70,MAT-TWS-A70,SUP-005,packaging,normal,SYNTHETIC_GOERTEK_PRODUCTION,241,235,6,230,235,227,480,468,444,24,1.6,22707.4,16608.08,3520.23,3057,216046.39,241,231,228,231
2026-04-15,LINE-C01,night,TWS-A70,MAT-TWS-A70,SUP-005,packaging,normal,SYNTHETIC_GOERTEK_PRODUCTION,210,204,6,200,204,200,480,461,442,19,1.6,19649.19,14249.94,3141.41,3080,215146.15,198,202,198,202
2026-04-15,LINE-C02,morning,TWS-A70,MAT-TWS-A70,SUP-006,packaging,normal,SYNTHETIC_GOERTEK_PRODUCTION,234,228,6,224,228,236,480,467,457,10,1.55,21818.38,16492.99,2807.7,3847,278283.04,222,224,215,224
2026-04-15,LINE-C02,afternoon,TWS-A70,MAT-TWS-A70,SUP-006,packaging,normal,SYNTHETIC_GOERTEK_PRODUCTION,255,250,5,245,250,248,540,526,483,43,1.55,23990.37,17903.21,3456.86,4107,294113.93,255,260,244,260
2026-04-15,LINE-C02,night,TWS-A70,MAT-TWS-A70,SUP-006,packaging,normal,SYNTHETIC_GOERTEK_PRODUCTION,242,235,7,228,235,239,540,524,501,23,1.55,22677.98,16615.43,3444.42,4120,291300.3,236,232,226,232
2026-04-16,LINE-A01,morning,SPK-3200,MAT-SPK-3200,SUP-001,assembly,normal,SYNTHETIC_GOERTEK_PRODUCTION,369,357,12,347,357,360,540,510,392,118,1.2,13948.58,10265.17,2081.29,3069,88245.96,374,360,347,360
2026-04-16,LINE-A01,afternoon,SPK-3200,MAT-SPK-3200,SUP-001,assembly,rework,SYNTHETIC_GOERTEK_PRODUCTION,319,310,9,302,310,310,480,460,436,24,1.2,11840.43,8836.7,1586.13,4135,117870.18,284,283,272,283
2026-04-16,LINE-A01,night,SPK-3200,MAT-SPK-3200,SUP-001,assembly,normal,SYNTHETIC_GOERTEK_PRODUCTION,317,309,8,299,309,310,480,467,441,26,1.2,11896.39,8784.92,1768.57,3531,100386.9,326,305,290,305
2026-04-16,LINE-A02,morning,SPK-3200,MAT-SPK-3200,SUP-002,assembly,normal,SYNTHETIC_GOERTEK_PRODUCTION,308,300,8,294,300,308,480,468,454,14,1.25,11485.31,8681.47,1506.75,4291,124173.96,308,308,296,308
2026-04-16,LINE-A02,afternoon,SPK-3200,MAT-SPK-3200,SUP-002,assembly,normal,SYNTHETIC_GOERTEK_PRODUCTION,290,281,9,276,281,290,480,455,439,16,1.25,10878.55,8355.01,1227.69,4121,122530.24,275,274,259,274
2026-04-16,LINE-A02,night,SPK-3200,MAT-SPK-3200,SUP-002,assembly,normal,SYNTHETIC_GOERTEK_PRODUCTION,279,273,6,267,273,280,480,464,448,16,1.25,10473.96,7936.43,1230.55,3760,109307.61,270,276,266,276
2026-04-16,LINE-B01,morning,MIC-1180,MAT-MIC-1180,SUP-003,testing,normal,SYNTHETIC_GOERTEK_PRODUCTION,420,407,13,396,407,420,480,469,461,8,1.05,8987.99,7004.73,959.46,3361,57844.96,449,415,404,415
2026-04-16,LINE-B01,afternoon,MIC-1180,MAT-MIC-1180,SUP-003,testing,rework,SYNTHETIC_GOERTEK_PRODUCTION,387,375,12,368,375,362,480,460,430,30,1.05,8314.61,6625.97,703.39,4730,83575.57,371,380,373,380
2026-04-16,LINE-B01,night,MIC-1180,MAT-MIC-1180,SUP-003,testing,normal,SYNTHETIC_GOERTEK_PRODUCTION,372,363,9,357,363,358,480,456,444,12,1.05,8039.53,6300.53,869.76,3105,53892.96,377,374,361,374
2026-04-16,LINE-B02,morning,MIC-1180,MAT-MIC-1180,SUP-004,testing,normal,SYNTHETIC_GOERTEK_PRODUCTION,346,337,9,329,337,334,480,466,428,38,1.1,7452.21,5807.27,778.74,2881,49646.13,339,333,318,333
2026-04-16,LINE-B02,afternoon,MIC-1180,MAT-MIC-1180,SUP-004,testing,normal,SYNTHETIC_GOERTEK_PRODUCTION,325,316,9,309,316,320,480,457,442,15,1.1,6969.96,5414.67,749.41,4935,84561.38,312,321,311,321
2026-04-16,LINE-B02,night,MIC-1180,MAT-MIC-1180,SUP-004,testing,normal,SYNTHETIC_GOERTEK_PRODUCTION,323,316,7,312,316,332,480,467,449,18,1.1,6966.42,5570.14,639.42,4009,70666.74,331,314,306,314
2026-04-16,LINE-C01,morning,TWS-A70,MAT-TWS-A70,SUP-005,packaging,normal,SYNTHETIC_GOERTEK_PRODUCTION,250,242,8,235,242,225,480,465,454,11,1.6,23106.93,16431.35,4020.21,2977,202132.76,225,238,229,238
2026-04-16,LINE-C01,afternoon,TWS-A70,MAT-TWS-A70,SUP-005,packaging,normal,SYNTHETIC_GOERTEK_PRODUCTION,246,238,8,234,238,242,480,462,440,22,1.6,22931.49,16467.19,3755.75,4178,289075.29,248,250,238,250
2026-04-16,LINE-C01,night,TWS-A70,MAT-TWS-A70,SUP-005,packaging,normal,SYNTHETIC_GOERTEK_PRODUCTION,221,216,5,211,216,212,480,464,434,30,1.6,20968.91,15214.35,3311.83,4469,314782.08,225,217,212,217
2026-04-16,LINE-C02,morning,TWS-A70,MAT-TWS-A70,SUP-006,packaging,normal,SYNTHETIC_GOERTEK_PRODUCTION,228,221,7,217,221,227,480,451,437,14,1.55,21047.91,15649.91,3061.78,4279,303013.42,219,213,203,213
2026-04-16,LINE-C02,afternoon,TWS-A70,MAT-TWS-A70,SUP-006,packaging,normal,SYNTHETIC_GOERTEK_PRODUCTION,232,224,8,218,224,231,480,474,448,26,1.55,21406.06,16350.9,2395.83,3029,221102.13,207,218,208,218
2026-04-16,LINE-C02,night,TWS-A70,MAT-TWS-A70,SUP-006,packaging,normal,SYNTHETIC_GOERTEK_PRODUCTION,216,211,5,208,211,213,480,458,441,17,1.55,20081.76,15149.61,2732.62,2763,198380.91,212,214,206,214
2026-04-17,LINE-A01,morning,SPK-3200,MAT-SPK-3200,SUP-001,assembly,normal,SYNTHETIC_GOERTEK_PRODUCTION,340,331,9,325,331,343,480,462,448,14,1.2,12638.3,9479.93,1729.09,3163,90589.18,320,335,326,335
2026-04-17,LINE-A01,afternoon,SPK-3200,MAT-SPK-3200,SUP-001,assembly,normal,SYNTHETIC_GOERTEK_PRODUCTION,317,309,8,302,309,304,480,470,455,15,1.2,11986.88,8894.39,1704.46,3895,112115.37,308,305,295,305
2026-04-17,LINE-A01,night,SPK-3200,MAT-SPK-3200,SUP-001,assembly,normal,SYNTHETIC_GOERTEK_PRODUCTION,343,333,10,328,333,332,540,521,501,20,1.2,12702.55,9410.29,1621.29,3734,105519.59,321,330,317,330
2026-04-17,LINE-A02,morning,SPK-3200,MAT-SPK-3200,SUP-002,assembly,rework,SYNTHETIC_GOERTEK_PRODUCTION,297,289,8,283,289,296,480,459,440,19,1.25,11198.75,8427.76,1367.87,4373,127524.55,285,287,277,287
2026-04-17,LINE-A02,afternoon,SPK-3200,MAT-SPK-3200,SUP-002,assembly,test,SYNTHETIC_GOERTEK_PRODUCTION,301,293,8,285,293,288,480,462,435,27,1.25,11149.86,8460.6,1349.33,4783,138112.8,277,286,272,286
2026-04-17,LINE-A02,night,SPK-3200,MAT-SPK-3200,SUP-002,assembly,normal,SYNTHETIC_GOERTEK_PRODUCTION,269,262,7,255,262,264,480,463,444,19,1.25,10039.16,7731.39,1287.18,3072,90652.02,264,264,256,264
2026-04-17,LINE-B01,morning,MIC-1180,MAT-MIC-1180,SUP-003,testing,normal,SYNTHETIC_GOERTEK_PRODUCTION,403,391,12,382,391,403,480,468,440,28,1.05,8641.18,6803.56,808.15,2920,50809.19,381,401,396,401
2026-04-17,LINE-B01,afternoon,MIC-1180,MAT-MIC-1180,SUP-003,testing,normal,SYNTHETIC_GOERTEK_PRODUCTION,390,380,10,376,380,361,480,465,444,21,1.05,8452.56,6572.86,875.54,5105,88301.19,339,363,350,363
2026-04-17,LINE-B01,night,MIC-1180,MAT-MIC-1180,SUP-003,testing,normal,SYNTHETIC_GOERTEK_PRODUCTION,372,360,12,351,360,361,480,461,440,21,1.05,7897.86,6250.89,798.75,4545,78917.49,373,365,353,365
2026-04-17,LINE-B02,morning,MIC-1180,MAT-MIC-1180,SUP-004,testing,normal,SYNTHETIC_GOERTEK_PRODUCTION,339,331,8,327,331,334,480,467,451,16,1.1,7360.8,5789.98,653.78,4246,74272.67,329,340,330,340
2026-04-17,LINE-B02,afternoon,MIC-1180,MAT-MIC-1180,SUP-004,testing,normal,SYNTHETIC_GOERTEK_PRODUCTION,334,324,10,319,324,320,480,454,436,18,1.1,7164.67,5792.88,535.04,3600,64365.33,332,332,316,332
2026-04-17,LINE-B02,night,MIC-1180,MAT-MIC-1180,SUP-004,testing,normal,SYNTHETIC_GOERTEK_PRODUCTION,309,300,9,293,300,297,480,465,442,23,1.1,6578.96,5156.46,712.36,2510,43142.38,326,309,301,309
2026-04-17,LINE-C01,morning,TWS-A70,MAT-TWS-A70,SUP-005,packaging,normal,SYNTHETIC_GOERTEK_PRODUCTION,246,239,7,236,239,232,480,461,441,20,1.6,23058.5,16422.33,4146.56,3117,214177.42,252,239,230,239
2026-04-17,LINE-C01,afternoon,TWS-A70,MAT-TWS-A70,SUP-005,packaging,normal,SYNTHETIC_GOERTEK_PRODUCTION,237,231,6,226,231,230,480,464,448,16,1.6,22220.01,15730.12,3808.55,3557,242216.61,229,225,217,225
2026-04-17,LINE-C01,night,TWS-A70,MAT-TWS-A70,SUP-005,packaging,normal,SYNTHETIC_GOERTEK_PRODUCTION,222,216,6,211,216,221,480,464,424,40,1.6,20478.6,14585.87,3591.84,2783,187928.13,229,226,220,226
2026-04-17,LINE-C02,morning,TWS-A70,MAT-TWS-A70,SUP-006,packaging,normal,SYNTHETIC_GOERTEK_PRODUCTION,240,233,7,225,233,241,480,468,449,19,1.55,22369.35,16734.47,3082.26,2398,172228.58,235,235,230,235
2026-04-17,LINE-C02,afternoon,TWS-A70,MAT-TWS-A70,SUP-006,packaging,normal,SYNTHETIC_GOERTEK_PRODUCTION,231,225,6,221,225,229,480,461,446,15,1.55,21771.63,16020.67,3252.82,5233,372605.18,221,230,221,230
2026-04-17,LINE-C02,night,TWS-A70,MAT-TWS-A70,SUP-006,packaging,normal,SYNTHETIC_GOERTEK_PRODUCTION,226,219,7,213,219,224,480,463,431,32,1.55,20693.88,15607.41,2793.53,4528,322695.67,217,221,216,221
2026-04-18,LINE-A01,morning,SPK-3200,MAT-SPK-3200,SUP-001,assembly,normal,SYNTHETIC_GOERTEK_PRODUCTION,312,305,7,298,305,311,480,455,440,15,1.2,11611.44,8611.78,1628.63,3958,111755.49,303,295,287,295
2026-04-18,LINE-A01,afternoon,SPK-3200,MAT-SPK-3200,SUP-001,assembly,normal,SYNTHETIC_GOERTEK_PRODUCTION,349,339,10,333,339,343,540,524,504,20,1.2,13106.02,9858.03,1893.81,3470,100906.68,331,343,327,343
2026-04-18,LINE-A01,night,SPK-3200,MAT-SPK-3200,SUP-001,assembly,normal,SYNTHETIC_GOERTEK_PRODUCTION,279,272,7,268,272,274,480,450,374,76,1.2,10471.6,7640.24,1655.07,3613,101485.98,291,279,270,279
2026-04-18,LINE-A02,morning,SPK-3200,MAT-SPK-3200,SUP-002,assembly,normal,SYNTHETIC_GOERTEK_PRODUCTION,303,294,9,287,294,302,480,464,437,27,1.25,11324.53,8617.55,1439.18,4665,136737.66,308,308,299,308
2026-04-18,LINE-A02,afternoon,SPK-3200,MAT-SPK-3200,SUP-002,assembly,normal,SYNTHETIC_GOERTEK_PRODUCTION,280,272,8,266,272,272,480,455,446,9,1.25,10443.31,7953.1,1287.48,3828,111928.19,270,287,279,287
2026-04-18,LINE-A02,night,SPK-3200,MAT-SPK-3200,SUP-002,assembly,normal,SYNTHETIC_GOERTEK_PRODUCTION,264,255,9,249,255,258,480,461,433,28,1.25,9781.64,7435.36,1197.31,4370,127421.66,255,261,248,261
2026-04-18,LINE-B01,morning,MIC-1180,MAT-MIC-1180,SUP-003,testing,normal,SYNTHETIC_GOERTEK_PRODUCTION,383,373,10,366,373,375,480,460,442,18,1.05,8153,6429.82,741.99,3081,53110.66,393,394,381,394
2026-04-18,LINE-B01,afternoon,MIC-1180,MAT-MIC-1180,SUP-003,testing,normal,SYNTHETIC_GOERTEK_PRODUCTION,363,352,11,343,352,344,480,454,425,29,1.05,7649.99,5920.39,791.2,2900,48775.94,356,360,351,360
2026-04-18,LINE-B01,night,MIC-1180,MAT-MIC-1180,SUP-003,testing,normal,SYNTHETIC_GOERTEK_PRODUCTION,352,343,9,336,343,348,480,461,432,29,1.05,7526.59,5788.24,801.94,0,0,341,337,323,337
2026-04-18,LINE-B02,morning,MIC-1180,MAT-MIC-1180,SUP-004,testing,normal,SYNTHETIC_GOERTEK_PRODUCTION,367,359,8,350,359,346,540,517,492,25,1.1,7898.08,6233.7,806,4509,78294.58,346,357,343,357
2026-04-18,LINE-B02,afternoon,MIC-1180,MAT-MIC-1180,SUP-004,testing,normal,SYNTHETIC_GOERTEK_PRODUCTION,323,315,8,306,315,312,480,464,439,25,1.1,6950.06,5529.73,525.73,4042,70956.09,296,321,301,321
2026-04-18,LINE-B02,night,MIC-1180,MAT-MIC-1180,SUP-004,testing,normal,SYNTHETIC_GOERTEK_PRODUCTION,328,321,7,315,321,314,540,524,510,14,1.1,7031.89,5552.09,735.65,4889,84561.27,332,322,311,322
2026-04-18,LINE-C01,morning,TWS-A70,MAT-TWS-A70,SUP-005,packaging,normal,SYNTHETIC_GOERTEK_PRODUCTION,234,227,7,223,227,233,480,453,435,18,1.6,21917.55,15849.46,3639.77,3827,267206.53,224,226,217,226
2026-04-18,LINE-C01,afternoon,TWS-A70,MAT-TWS-A70,SUP-005,packaging,normal,SYNTHETIC_GOERTEK_PRODUCTION,241,234,7,228,234,244,480,469,453,16,1.6,22293.43,15897.3,3545.74,4087,277659.25,225,231,220,231
2026-04-18,LINE-C01,night,TWS-A70,MAT-TWS-A70,SUP-005,packaging,normal,SYNTHETIC_GOERTEK_PRODUCTION,209,204,5,201,204,207,480,458,433,25,1.6,19565.21,14340.13,2806.13,3634,255451.14,212,204,200,204
2026-04-18,LINE-C02,morning,TWS-A70,MAT-TWS-A70,SUP-006,packaging,rework,SYNTHETIC_GOERTEK_PRODUCTION,223,219,4,213,219,221,480,471,450,21,1.55,20988.65,15560.85,2935.77,4524,321448.79,212,218,212,218
2026-04-18,LINE-C02,afternoon,TWS-A70,MAT-TWS-A70,SUP-006,packaging,normal,SYNTHETIC_GOERTEK_PRODUCTION,248,241,7,237,241,245,540,523,516,7,1.55,23065.61,17125.29,3274.45,4187,297525.27,217,235,228,235
2026-04-18,LINE-C02,night,TWS-A70,MAT-TWS-A70,SUP-006,packaging,normal,SYNTHETIC_GOERTEK_PRODUCTION,196,190,6,186,190,183,480,458,455,3,1.55,18301.58,13687.71,2663.74,3308,238310.24,198,198,189,198
2026-04-19,LINE-A01,morning,SPK-3200,MAT-SPK-3200,SUP-001,assembly,normal,SYNTHETIC_GOERTEK_PRODUCTION,319,309,10,304,309,315,480,462,442,20,1.2,11846.46,8824.9,1732.19,3546,101272.15,283,313,305,313
2026-04-19,LINE-A01,afternoon,SPK-3200,MAT-SPK-3200,SUP-001,assembly,normal,SYNTHETIC_GOERTEK_PRODUCTION,327,318,9,311,318,315,480,465,459,6,1.2,12196.44,9115.12,1635.74,3611,103505.34,335,313,304,313
2026-04-19,LINE-A01,night,SPK-3200,MAT-SPK-3200,SUP-001,assembly,normal,SYNTHETIC_GOERTEK_PRODUCTION,293,285,8,279,285,276,480,456,429,27,1.2,11036.4,7997.04,1756.04,4373,122705.46,309,293,277,293
2026-04-19,LINE-A02,morning,SPK-3200,MAT-SPK-3200,SUP-002,assembly,normal,SYNTHETIC_GOERTEK_PRODUCTION,284,275,9,267,275,270,480,458,426,32,1.25,10536.21,7844.76,1376.06,2976,84894.57,278,271,259,271
2026-04-19,LINE-A02,afternoon,SPK-3200,MAT-SPK-3200,SUP-002,assembly,normal,SYNTHETIC_GOERTEK_PRODUCTION,282,275,7,269,275,270,480,458,442,16,1.25,10729.01,8107.19,1429.33,4200,123818.9,274,263,256,263
2026-04-19,LINE-A02,night,SPK-3200,MAT-SPK-3200,SUP-002,assembly,normal,SYNTHETIC_GOERTEK_PRODUCTION,306,299,7,292,299,289,540,525,500,25,1.25,11494.85,8646.59,1426.89,3482,100693.73,295,297,281,297
2026-04-19,LINE-B01,morning,MIC-1180,MAT-MIC-1180,SUP-003,testing,normal,SYNTHETIC_GOERTEK_PRODUCTION,386,376,10,367,376,374,480,474,452,22,1.05,8229.27,6298.08,1037.11,2929,49061.37,359,358,344,358
2026-04-19,LINE-B01,afternoon,MIC-1180,MAT-MIC-1180,SUP-003,testing,normal,SYNTHETIC_GOERTEK_PRODUCTION,367,357,10,348,357,364,480,463,443,20,1.05,7733.54,6120.54,710.28,3140,53833.32,345,346,334,346
2026-04-19,LINE-B01,night,MIC-1180,MAT-MIC-1180,SUP-003,testing,normal,SYNTHETIC_GOERTEK_PRODUCTION,355,346,9,340,346,342,480,456,416,40,1.05,7581.76,5862.02,885.04,4262,72207.89,321,342,329,342
2026-04-19,LINE-B02,morning,MIC-1180,MAT-MIC-1180,SUP-004,testing,normal,SYNTHETIC_GOERTEK_PRODUCTION,329,321,8,314,321,320,480,450,437,13,1.1,7146.52,5717.1,584.51,3859,68729.87,297,308,297,308
2026-04-19,LINE-B02,afternoon,MIC-1180,MAT-MIC-1180,SUP-004,testing,normal,SYNTHETIC_GOERTEK_PRODUCTION,330,320,10,313,320,323,480,470,456,14,1.1,6920.95,5398.33,676.82,4902,82695.67,308,307,300,307
2026-04-19,LINE-B02,night,MIC-1180,MAT-MIC-1180,SUP-004,testing,normal,SYNTHETIC_GOERTEK_PRODUCTION,302,291,11,286,291,286,480,463,442,21,1.1,6334.55,4862.38,745.28,3187,53252.25,289,286,280,286
2026-04-19,LINE-C01,morning,TWS-A70,MAT-TWS-A70,SUP-005,packaging,rework,SYNTHETIC_GOERTEK_PRODUCTION,243,237,6,231,237,248,480,470,463,7,1.6,22619.03,16413.36,3718.01,2995,207417.78,245,237,227,237
2026-04-19,LINE-C01,afternoon,TWS-A70,MAT-TWS-A70,SUP-005,packaging,normal,SYNTHETIC_GOERTEK_PRODUCTION,228,222,6,217,222,226,480,457,432,25,1.6,21412.2,15125.35,3896.63,3142,214071.4,228,231,227,231
2026-04-19,LINE-C01,night,TWS-A70,MAT-TWS-A70,SUP-005,packaging,normal,SYNTHETIC_GOERTEK_PRODUCTION,216,212,4,208,212,214,480,467,447,20,1.6,20399.09,14760.12,3227.42,3234,225161.45,210,201,191,201
2026-04-19,LINE-C02,morning,TWS-A70,MAT-TWS-A70,SUP-006,packaging,normal,SYNTHETIC_GOERTEK_PRODUCTION,226,219,7,213,219,218,480,462,436,26,1.55,20760.69,15918.82,2345.23,3419,248522.58,222,215,206,215
2026-04-19,LINE-C02,afternoon,TWS-A70,MAT-TWS-A70,SUP-006,packaging,normal,SYNTHETIC_GOERTEK_PRODUCTION,205,199,6,194,199,190,480,457,437,20,1.55,19212.19,14343.27,2508.99,4253,306542.35,185,191,187,191
2026-04-19,LINE-C02,night,TWS-A70,MAT-TWS-A70,SUP-006,packaging,normal,SYNTHETIC_GOERTEK_PRODUCTION,206,201,5,197,201,202,480,466,434,32,1.55,19457.46,14540.82,2813,2928,211818.51,193,188,182,188
2026-04-20,LINE-A01,morning,SPK-3200,MAT-SPK-3200,SUP-001,assembly,normal,SYNTHETIC_GOERTEK_PRODUCTION,335,326,9,318,326,331,480,465,375,90,1.2,12563.45,9339.23,1771.06,4657,133413.48,329,327,314,327
2026-04-20,LINE-A01,afternoon,SPK-3200,MAT-SPK-3200,SUP-001,assembly,normal,SYNTHETIC_GOERTEK_PRODUCTION,324,312,12,305,312,304,480,464,439,25,1.2,11986.8,8948.06,1681.03,4737,135855.64,312,318,301,318
2026-04-20,LINE-A01,night,SPK-3200,MAT-SPK-3200,SUP-001,assembly,normal,SYNTHETIC_GOERTEK_PRODUCTION,311,304,7,299,304,302,480,466,449,17,1.2,11650.28,8616.15,1694.36,2993,84829.4,307,293,277,293
2026-04-20,LINE-A02,morning,SPK-3200,MAT-SPK-3200,SUP-002,assembly,normal,SYNTHETIC_GOERTEK_PRODUCTION,310,300,10,293,300,282,480,463,453,10,1.25,11597.7,9038.89,1269.41,4021,121151.26,311,303,294,303
2026-04-20,LINE-A02,afternoon,SPK-3200,MAT-SPK-3200,SUP-002,assembly,normal,SYNTHETIC_GOERTEK_PRODUCTION,296,289,7,281,289,287,480,465,454,11,1.25,11029.65,8331.06,1496.51,2591,74691.27,282,285,276,285
2026-04-20,LINE-A02,night,SPK-3200,MAT-SPK-3200,SUP-002,assembly,normal,SYNTHETIC_GOERTEK_PRODUCTION,285,279,6,273,279,284,480,467,449,18,1.25,10698.91,7998.97,1539.66,4703,134835.68,272,278,272,278
2026-04-20,LINE-B01,morning,MIC-1180,MAT-MIC-1180,SUP-003,testing,normal,SYNTHETIC_GOERTEK_PRODUCTION,388,375,13,367,375,366,480,464,437,27,1.05,8247,6497.93,799.29,3131,54253.38,398,384,363,384
2026-04-20,LINE-B01,afternoon,MIC-1180,MAT-MIC-1180,SUP-003,testing,normal,SYNTHETIC_GOERTEK_PRODUCTION,431,422,9,413,422,431,540,512,492,20,1.05,9270.72,7320.51,900.14,3808,66058.06,440,416,397,416
2026-04-20,LINE-B01,night,MIC-1180,MAT-MIC-1180,SUP-003,testing,normal,SYNTHETIC_GOERTEK_PRODUCTION,368,360,8,350,360,365,480,458,441,17,1.05,7928.99,6227.76,746.23,3539,61222.34,384,360,348,360
2026-04-20,LINE-B02,morning,MIC-1180,MAT-MIC-1180,SUP-004,testing,normal,SYNTHETIC_GOERTEK_PRODUCTION,349,341,8,332,341,334,480,472,455,17,1.1,7436.85,5816.61,715.86,4237,72272.66,350,352,339,352
2026-04-20,LINE-B02,afternoon,MIC-1180,MAT-MIC-1180,SUP-004,testing,normal,SYNTHETIC_GOERTEK_PRODUCTION,317,309,8,301,309,307,480,454,428,26,1.1,6714.97,5218.83,712.5,3883,65581.61,288,299,288,299
2026-04-20,LINE-B02,night,MIC-1180,MAT-MIC-1180,SUP-004,testing,normal,SYNTHETIC_GOERTEK_PRODUCTION,312,303,9,295,303,299,480,465,460,5,1.1,6578.85,5073.08,653.26,4443,74388.43,294,299,283,299
2026-04-20,LINE-C01,morning,TWS-A70,MAT-TWS-A70,SUP-005,packaging,normal,SYNTHETIC_GOERTEK_PRODUCTION,245,241,4,236,241,244,480,463,430,33,1.6,22999.88,16380.71,3817.13,3830,260324.15,243,251,237,251
2026-04-20,LINE-C01,afternoon,TWS-A70,MAT-TWS-A70,SUP-005,packaging,normal,SYNTHETIC_GOERTEK_PRODUCTION,233,227,6,222,227,236,480,464,436,28,1.6,21886.73,15748.94,3659.56,4168,289169.96,235,232,224,232
2026-04-20,LINE-C01,night,TWS-A70,MAT-TWS-A70,SUP-005,packaging,normal,SYNTHETIC_GOERTEK_PRODUCTION,222,215,7,209,215,211,480,463,447,16,1.6,20587.51,14789.79,3623.18,5100,350827.58,196,205,203,205
2026-04-20,LINE-C02,morning,TWS-A70,MAT-TWS-A70,SUP-006,packaging,normal,SYNTHETIC_GOERTEK_PRODUCTION,236,231,5,228,231,235,480,463,447,16,1.55,22396.3,16751.81,2980.92,3550,257441.24,212,226,222,226
2026-04-20,LINE-C02,afternoon,TWS-A70,MAT-TWS-A70,SUP-006,packaging,normal,SYNTHETIC_GOERTEK_PRODUCTION,224,218,6,211,218,223,480,453,432,21,1.55,21077.7,15862.61,3013.5,4401,320235.53,218,219,212,219
2026-04-20,LINE-C02,night,TWS-A70,MAT-TWS-A70,SUP-006,packaging,normal,SYNTHETIC_GOERTEK_PRODUCTION,208,202,6,198,202,210,480,461,452,9,1.55,19300.94,14320.4,2975.62,3916,277617.26,196,198,191,198
2026-04-21,LINE-A01,morning,SPK-3200,MAT-SPK-3200,SUP-001,assembly,normal,SYNTHETIC_GOERTEK_PRODUCTION,323,313,10,305,313,322,480,453,445,8,1.2,12203.86,8953.15,1779.77,3859,110384.04,319,314,304,314
2026-04-21,LINE-A01,afternoon,SPK-3200,MAT-SPK-3200,SUP-001,assembly,normal,SYNTHETIC_GOERTEK_PRODUCTION,325,319,6,313,319,327,480,464,434,30,1.2,12420.17,9096.88,1871.56,4665,133031.18,316,318,310,318
2026-04-21,LINE-A01,night,SPK-3200,MAT-SPK-3200,SUP-001,assembly,normal,SYNTHETIC_GOERTEK_PRODUCTION,329,321,8,315,321,322,480,471,454,17,1.2,12361.6,9079.97,1727.28,4190,118520.48,323,324,310,324
2026-04-21,LINE-A02,morning,SPK-3200,MAT-SPK-3200,SUP-002,assembly,normal,SYNTHETIC_GOERTEK_PRODUCTION,312,304,8,296,304,314,480,470,441,29,1.25,11851.19,8981.92,1460.89,4562,134787.89,310,305,292,305
2026-04-21,LINE-A02,afternoon,SPK-3200,MAT-SPK-3200,SUP-002,assembly,normal,SYNTHETIC_GOERTEK_PRODUCTION,293,284,9,276,284,286,480,457,433,24,1.25,10991.24,8382.96,1347.51,3796,112048.3,292,295,282,295
2026-04-21,LINE-A02,night,SPK-3200,MAT-SPK-3200,SUP-002,assembly,normal,SYNTHETIC_GOERTEK_PRODUCTION,263,257,6,253,257,262,480,459,439,20,1.25,9947.4,7463.16,1235.48,2584,75038.15,249,265,259,265
2026-04-21,LINE-B01,morning,MIC-1180,MAT-MIC-1180,SUP-003,testing,normal,SYNTHETIC_GOERTEK_PRODUCTION,400,389,11,379,389,381,480,469,457,12,1.05,8584.83,6777.34,824.02,3446,60037.82,410,405,395,405
2026-04-21,LINE-B01,afternoon,MIC-1180,MAT-MIC-1180,SUP-003,testing,normal,SYNTHETIC_GOERTEK_PRODUCTION,396,385,11,373,385,365,480,469,456,13,1.05,8577.08,6709.22,942.46,3222,56148.33,414,405,390,405
2026-04-21,LINE-B01,night,MIC-1180,MAT-MIC-1180,SUP-003,testing,rework,SYNTHETIC_GOERTEK_PRODUCTION,372,364,8,359,364,364,480,461,431,30,1.05,7992.53,6323.35,732.44,4286,74455.71,353,356,347,356
2026-04-21,LINE-B02,morning,MIC-1180,MAT-MIC-1180,SUP-004,testing,normal,SYNTHETIC_GOERTEK_PRODUCTION,333,324,9,317,324,324,480,465,444,21,1.1,7207.96,5776.27,573.64,3992,71169.35,332,340,337,340
2026-04-21,LINE-B02,afternoon,MIC-1180,MAT-MIC-1180,SUP-004,testing,normal,SYNTHETIC_GOERTEK_PRODUCTION,346,333,13,329,333,339,480,470,456,14,1.1,7330.41,5681.64,786.59,3559,60723.59,314,321,308,321
2026-04-21,LINE-B02,night,MIC-1180,MAT-MIC-1180,SUP-004,testing,normal,SYNTHETIC_GOERTEK_PRODUCTION,313,303,10,298,303,295,480,461,429,32,1.1,6601.98,5172.59,623.83,3339,57000.92,320,295,284,295
2026-04-21,LINE-C01,morning,TWS-A70,MAT-TWS-A70,SUP-005,packaging,normal,SYNTHETIC_GOERTEK_PRODUCTION,242,235,7,231,235,236,480,461,434,27,1.6,22606.7,16120.12,3820.28,4522,310192.27,242,245,237,245
2026-04-21,LINE-C01,afternoon,TWS-A70,MAT-TWS-A70,SUP-005,packaging,normal,SYNTHETIC_GOERTEK_PRODUCTION,249,243,6,238,243,253,480,467,445,22,1.6,23572.29,16934.47,3810.32,2369,165093.66,237,234,224,234
2026-04-21,LINE-C01,night,TWS-A70,MAT-TWS-A70,SUP-005,packaging,normal,SYNTHETIC_GOERTEK_PRODUCTION,214,207,7,203,207,207,480,457,434,23,1.6,20042.9,14537.73,3406.84,2385,167499.93,204,210,202,210
2026-04-21,LINE-C02,morning,TWS-A70,MAT-TWS-A70,SUP-006,packaging,normal,SYNTHETIC_GOERTEK_PRODUCTION,230,224,6,220,224,226,480,461,450,11,1.55,21683.36,16466.19,2770.09,4044,297273.54,243,230,222,230
2026-04-21,LINE-C02,afternoon,TWS-A70,MAT-TWS-A70,SUP-006,packaging,normal,SYNTHETIC_GOERTEK_PRODUCTION,226,221,5,218,221,226,480,462,449,13,1.55,21108.91,16062.23,2711.16,3818,277491.38,223,222,216,222
2026-04-21,LINE-C02,night,TWS-A70,MAT-TWS-A70,SUP-006,packaging,normal,SYNTHETIC_GOERTEK_PRODUCTION,230,222,8,219,222,224,480,468,456,12,1.55,21101.58,15747.06,2920.98,5217,370055.91,231,222,217,222
2026-04-22,LINE-A01,morning,SPK-3200,MAT-SPK-3200,SUP-001,assembly,normal,SYNTHETIC_GOERTEK_PRODUCTION,341,332,9,323,332,326,480,471,454,17,1.2,12801.39,9430.76,1852.3,3984,113169.12,318,313,300,313
2026-04-22,LINE-A01,afternoon,SPK-3200,MAT-SPK-3200,SUP-001,assembly,normal,SYNTHETIC_GOERTEK_PRODUCTION,327,319,8,313,319,318,480,465,446,19,1.2,12335.55,9365.19,1649.52,4229,124154.82,321,321,300,321
2026-04-22,LINE-A01,night,SPK-3200,MAT-SPK-3200,SUP-001,assembly,normal,SYNTHETIC_GOERTEK_PRODUCTION,299,292,7,288,292,297,480,461,438,23,1.2,11177.03,8284.15,1541.27,3369,95579.8,313,283,271,283
2026-04-22,LINE-A02,morning,SPK-3200,MAT-SPK-3200,SUP-002,assembly,normal,SYNTHETIC_GOERTEK_PRODUCTION,297,290,7,286,290,295,480,458,434,24,1.25,11213.74,8427.96,1412.56,2999,87156.73,298,300,289,300
2026-04-22,LINE-A02,afternoon,SPK-3200,MAT-SPK-3200,SUP-002,assembly,normal,SYNTHETIC_GOERTEK_PRODUCTION,300,291,9,288,291,302,480,463,430,33,1.25,11160.49,8532.96,1370.56,3721,109110.46,306,303,290,303
2026-04-22,LINE-A02,night,SPK-3200,MAT-SPK-3200,SUP-002,assembly,normal,SYNTHETIC_GOERTEK_PRODUCTION,282,275,7,269,275,272,480,466,462,4,1.25,10480.13,7986.84,1220.95,2653,77051.22,244,259,250,259
2026-04-22,LINE-B01,morning,MIC-1180,MAT-MIC-1180,SUP-003,testing,normal,SYNTHETIC_GOERTEK_PRODUCTION,373,365,8,356,365,370,480,460,438,22,1.05,8000.06,6218.61,899.3,4144,70602.52,351,341,323,341
2026-04-22,LINE-B01,afternoon,MIC-1180,MAT-MIC-1180,SUP-003,testing,normal,SYNTHETIC_GOERTEK_PRODUCTION,399,388,11,378,388,392,480,465,442,23,1.05,8400.01,6448.82,987.23,0,0,384,398,378,398
2026-04-22,LINE-B01,night,MIC-1180,MAT-MIC-1180,SUP-003,testing,normal,SYNTHETIC_GOERTEK_PRODUCTION,357,345,12,339,345,361,480,464,447,17,1.05,7577.62,5957.14,828.68,0,0,352,346,336,346
2026-04-22,LINE-B02,morning,MIC-1180,MAT-MIC-1180,SUP-004,testing,normal,SYNTHETIC_GOERTEK_PRODUCTION,337,328,9,320,328,334,480,461,444,17,1.1,7228.98,5720.36,682.06,4923,85857.72,344,332,319,332
2026-04-22,LINE-B02,afternoon,MIC-1180,MAT-MIC-1180,SUP-004,testing,normal,SYNTHETIC_GOERTEK_PRODUCTION,335,324,11,317,324,308,480,465,451,14,1.1,7111.35,5553.69,709.02,2616,44840.9,316,328,317,328
2026-04-22,LINE-B02,night,MIC-1180,MAT-MIC-1180,SUP-004,testing,normal,SYNTHETIC_GOERTEK_PRODUCTION,297,290,7,284,290,296,480,453,431,22,1.1,6356.95,5026.07,670.93,2602,45095.98,322,297,286,297
2026-04-22,LINE-C01,morning,TWS-A70,MAT-TWS-A70,SUP-005,packaging,normal,SYNTHETIC_GOERTEK_PRODUCTION,237,232,5,227,232,231,480,452,424,28,1.6,22036.76,15842.29,3569.53,3980,271777.22,243,243,232,243
2026-04-22,LINE-C01,afternoon,TWS-A70,MAT-TWS-A70,SUP-005,packaging,normal,SYNTHETIC_GOERTEK_PRODUCTION,254,246,8,239,246,249,480,473,455,18,1.6,23681.01,16950.98,4189.62,3330,229458.39,230,234,224,234
2026-04-22,LINE-C01,night,TWS-A70,MAT-TWS-A70,SUP-005,packaging,normal,SYNTHETIC_GOERTEK_PRODUCTION,219,213,6,209,213,207,480,458,431,27,1.6,20707.68,14990.53,3417.26,4370,307552.19,213,205,200,205
2026-04-22,LINE-C02,morning,TWS-A70,MAT-TWS-A70,SUP-006,packaging,normal,SYNTHETIC_GOERTEK_PRODUCTION,238,231,7,226,231,233,480,466,454,12,1.55,22385.28,17124.2,2632.22,4289,317946.73,240,234,224,234
2026-04-22,LINE-C02,afternoon,TWS-A70,MAT-TWS-A70,SUP-006,packaging,normal,SYNTHETIC_GOERTEK_PRODUCTION,229,223,6,219,223,228,480,467,443,24,1.55,21479.34,16250.29,2711.17,3203,233406.63,228,231,226,231
2026-04-22,LINE-C02,night,TWS-A70,MAT-TWS-A70,SUP-006,packaging,normal,SYNTHETIC_GOERTEK_PRODUCTION,214,207,7,201,207,202,480,463,442,21,1.55,19526.72,14420.99,2733.6,3487,242927.5,214,207,199,207
2026-04-23,LINE-A01,morning,SPK-3200,MAT-SPK-3200,SUP-001,assembly,normal,SYNTHETIC_GOERTEK_PRODUCTION,322,312,10,305,312,310,480,458,429,29,1.2,12091.04,8951.36,1825.61,5218,149705.76,291,307,301,307
2026-04-23,LINE-A01,afternoon,SPK-3200,MAT-SPK-3200,SUP-001,assembly,normal,SYNTHETIC_GOERTEK_PRODUCTION,335,326,9,316,326,327,480,463,443,20,1.2,12619.65,9464.05,1802.9,3628,105323.84,295,323,314,323
2026-04-23,LINE-A01,night,SPK-3200,MAT-SPK-3200,SUP-001,assembly,normal,SYNTHETIC_GOERTEK_PRODUCTION,327,320,7,312,320,329,480,464,434,30,1.2,12340.18,9139.67,1760.04,2308,65919.87,342,322,313,322
2026-04-23,LINE-A02,morning,SPK-3200,MAT-SPK-3200,SUP-002,assembly,normal,SYNTHETIC_GOERTEK_PRODUCTION,314,306,8,299,306,304,480,471,448,23,1.25,11669.11,8771.2,1624.9,4633,132800.55,311,308,299,308
2026-04-23,LINE-A02,afternoon,SPK-3200,MAT-SPK-3200,SUP-002,assembly,normal,SYNTHETIC_GOERTEK_PRODUCTION,298,289,9,282,289,292,480,456,431,25,1.25,11222.97,8610.35,1437.17,2467,73500.81,293,277,268,277
2026-04-23,LINE-A02,night,SPK-3200,MAT-SPK-3200,SUP-002,assembly,normal,SYNTHETIC_GOERTEK_PRODUCTION,276,267,9,260,267,272,480,468,446,22,1.25,10306,7852.08,1206.38,3501,102959.3,285,269,258,269
2026-04-23,LINE-B01,morning,MIC-1180,MAT-MIC-1180,SUP-003,testing,normal,SYNTHETIC_GOERTEK_PRODUCTION,394,384,10,375,384,390,480,474,361,113,1.05,8392.76,6446.86,1010.24,2667,44775.46,386,384,374,384
2026-04-23,LINE-B01,afternoon,MIC-1180,MAT-MIC-1180,SUP-003,testing,normal,SYNTHETIC_GOERTEK_PRODUCTION,384,374,10,369,374,385,480,454,431,23,1.05,8212.15,6436.36,787.22,4399,75704.67,381,389,377,389
2026-04-23,LINE-B01,night,MIC-1180,MAT-MIC-1180,SUP-003,testing,normal,SYNTHETIC_GOERTEK_PRODUCTION,368,362,6,354,362,368,480,467,449,18,1.05,7940.44,6184.51,779.85,4625,79014.8,350,355,344,355
2026-04-23,LINE-B02,morning,MIC-1180,MAT-MIC-1180,SUP-004,testing,normal,SYNTHETIC_GOERTEK_PRODUCTION,339,327,12,319,327,325,480,460,440,20,1.1,7179.89,5649.11,719.16,3410,58909.68,325,333,327,333
2026-04-23,LINE-B02,afternoon,MIC-1180,MAT-MIC-1180,SUP-004,testing,normal,SYNTHETIC_GOERTEK_PRODUCTION,339,331,8,321,331,331,480,461,429,32,1.1,7252.06,5687,723.51,4670,80236.53,324,323,315,323
2026-04-23,LINE-B02,night,MIC-1180,MAT-MIC-1180,SUP-004,testing,normal,SYNTHETIC_GOERTEK_PRODUCTION,318,309,9,303,309,314,480,468,445,23,1.1,6812.2,5280.97,718.72,2897,49511.23,295,308,300,308
2026-04-23,LINE-C01,morning,TWS-A70,MAT-TWS-A70,SUP-005,packaging,normal,SYNTHETIC_GOERTEK_PRODUCTION,251,245,6,240,245,255,480,466,442,24,1.6,23831.52,17412.69,3952.96,1666,118406.29,238,233,220,233
2026-04-23,LINE-C01,afternoon,TWS-A70,MAT-TWS-A70,SUP-005,packaging,normal,SYNTHETIC_GOERTEK_PRODUCTION,238,232,6,226,232,233,480,462,437,25,1.6,21992.08,16116.46,3349.8,3093,214862.98,252,241,230,241
2026-04-23,LINE-C01,night,TWS-A70,MAT-TWS-A70,SUP-005,packaging,normal,SYNTHETIC_GOERTEK_PRODUCTION,232,224,8,219,224,217,480,464,451,13,1.6,21387.62,15622.3,3430.32,3677,256442.84,214,214,211,214
2026-04-23,LINE-C02,morning,TWS-A70,MAT-TWS-A70,SUP-006,packaging,normal,SYNTHETIC_GOERTEK_PRODUCTION,261,253,8,247,253,256,540,517,496,21,1.55,24376.21,18191.12,3205.65,4004,287894.25,275,266,259,266
2026-04-23,LINE-C02,afternoon,TWS-A70,MAT-TWS-A70,SUP-006,packaging,normal,SYNTHETIC_GOERTEK_PRODUCTION,220,214,6,209,214,225,480,456,443,13,1.55,20531.95,15553.69,2731.59,4111,298790.75,214,215,207,215
2026-04-23,LINE-C02,night,TWS-A70,MAT-TWS-A70,SUP-006,packaging,normal,SYNTHETIC_GOERTEK_PRODUCTION,211,204,7,200,204,201,480,459,430,29,1.55,19274.73,14457.64,2554.31,3320,235291,197,210,207,210
2026-04-24,LINE-A01,morning,SPK-3200,MAT-SPK-3200,SUP-001,assembly,normal,SYNTHETIC_GOERTEK_PRODUCTION,332,325,7,318,325,317,480,457,442,15,1.2,12558.15,9167.72,1851.58,4219,119011.11,323,327,320,327
2026-04-24,LINE-A01,afternoon,SPK-3200,MAT-SPK-3200,SUP-001,assembly,normal,SYNTHETIC_GOERTEK_PRODUCTION,330,322,8,317,322,341,480,467,437,30,1.2,12370.06,9206.72,1645.01,3698,105734.32,328,317,308,317
2026-04-24,LINE-A01,night,SPK-3200,MAT-SPK-3200,SUP-001,assembly,normal,SYNTHETIC_GOERTEK_PRODUCTION,296,290,6,284,290,296,480,451,431,20,1.2,11207.55,8214.45,1729.18,4052,114775.69,274,287,274,287
2026-04-24,LINE-A02,morning,SPK-3200,MAT-SPK-3200,SUP-002,assembly,normal,SYNTHETIC_GOERTEK_PRODUCTION,303,296,7,289,296,308,480,455,424,31,1.25,11358.84,8605.98,1405.3,3735,108592.35,309,300,291,300
2026-04-24,LINE-A02,afternoon,SPK-3200,MAT-SPK-3200,SUP-002,assembly,normal,SYNTHETIC_GOERTEK_PRODUCTION,294,287,7,283,287,288,480,462,434,28,1.25,11040.87,8549.29,1249.6,3511,104587.31,295,294,285,294
2026-04-24,LINE-A02,night,SPK-3200,MAT-SPK-3200,SUP-002,assembly,normal,SYNTHETIC_GOERTEK_PRODUCTION,286,277,9,272,277,268,480,472,457,15,1.25,10739.47,8249.36,1297.4,4837,144051.1,282,273,265,273
2026-04-24,LINE-B01,morning,MIC-1180,MAT-MIC-1180,SUP-003,testing,normal,SYNTHETIC_GOERTEK_PRODUCTION,407,395,12,384,395,411,480,463,437,26,1.05,8706.68,6850.26,872.18,3140,54455.23,391,405,397,405
2026-04-24,LINE-B01,afternoon,MIC-1180,MAT-MIC-1180,SUP-003,testing,normal,SYNTHETIC_GOERTEK_PRODUCTION,376,366,10,355,366,361,480,455,347,108,1.05,8036.42,6165,904.62,3999,67360.2,388,378,365,378
2026-04-24,LINE-B01,night,MIC-1180,MAT-MIC-1180,SUP-003,testing,normal,SYNTHETIC_GOERTEK_PRODUCTION,363,354,9,346,354,351,480,463,447,16,1.05,7700.29,6056.7,747.69,4634,79284.6,343,350,334,350
2026-04-24,LINE-B02,morning,MIC-1180,MAT-MIC-1180,SUP-004,testing,normal,SYNTHETIC_GOERTEK_PRODUCTION,339,329,10,321,329,332,480,465,388,77,1.1,7252.89,5666.22,751.34,2818,48533.15,321,327,309,327
2026-04-24,LINE-B02,afternoon,MIC-1180,MAT-MIC-1180,SUP-004,testing,normal,SYNTHETIC_GOERTEK_PRODUCTION,336,327,9,322,327,331,480,469,449,20,1.1,7206.42,5677.23,781.39,3960,68751.78,325,315,302,315
2026-04-24,LINE-B02,night,MIC-1180,MAT-MIC-1180,SUP-004,testing,normal,SYNTHETIC_GOERTEK_PRODUCTION,304,295,9,287,295,303,480,457,434,23,1.1,6531.55,5219.85,562.41,3626,64159.92,301,288,278,288
2026-04-24,LINE-C01,morning,TWS-A70,MAT-TWS-A70,SUP-005,packaging,normal,SYNTHETIC_GOERTEK_PRODUCTION,232,225,7,221,225,233,480,464,435,29,1.6,21717.83,15708.07,3443.63,2207,154078.71,219,220,209,220
2026-04-24,LINE-C01,afternoon,TWS-A70,MAT-TWS-A70,SUP-005,packaging,normal,SYNTHETIC_GOERTEK_PRODUCTION,241,234,7,229,234,232,480,458,428,30,1.6,22723.56,16254.95,3975.54,4011,278626.51,229,233,222,233
2026-04-24,LINE-C01,night,TWS-A70,MAT-TWS-A70,SUP-005,packaging,normal,SYNTHETIC_GOERTEK_PRODUCTION,230,223,7,216,223,228,480,457,433,24,1.6,21411.7,15462.73,3334.06,4257,295178.66,223,214,201,214
2026-04-24,LINE-C02,morning,TWS-A70,MAT-TWS-A70,SUP-006,packaging,normal,SYNTHETIC_GOERTEK_PRODUCTION,241,235,6,231,235,232,480,464,449,15,1.55,22670.46,17245.48,2781.78,4572,335516.32,235,236,228,236
2026-04-24,LINE-C02,afternoon,TWS-A70,MAT-TWS-A70,SUP-006,packaging,normal,SYNTHETIC_GOERTEK_PRODUCTION,263,253,10,248,253,256,540,524,518,6,1.55,24233.73,17913.3,3439.99,3844,272168.87,256,261,249,261
2026-04-24,LINE-C02,night,TWS-A70,MAT-TWS-A70,SUP-006,packaging,normal,SYNTHETIC_GOERTEK_PRODUCTION,210,204,6,199,204,207,480,459,439,20,1.55,19587.18,14681.82,2769.67,3562,256356.09,198,213,206,213
2026-04-25,LINE-A01,morning,SPK-3200,MAT-SPK-3200,SUP-001,assembly,normal,SYNTHETIC_GOERTEK_PRODUCTION,321,313,8,306,313,309,480,462,426,36,1.2,11961.89,8858.75,1651.66,4203,118956.31,332,322,309,322
2026-04-25,LINE-A01,afternoon,SPK-3200,MAT-SPK-3200,SUP-001,assembly,normal,SYNTHETIC_GOERTEK_PRODUCTION,318,309,9,301,309,310,480,461,446,15,1.2,11930.5,8692.48,1939.91,3764,105885.1,313,303,289,303
2026-04-25,LINE-A01,night,SPK-3200,MAT-SPK-3200,SUP-001,assembly,normal,SYNTHETIC_GOERTEK_PRODUCTION,278,270,8,264,270,270,480,453,431,22,1.2,10268.48,7669,1292.8,3099,88023.08,278,265,257,265
2026-04-25,LINE-A02,morning,SPK-3200,MAT-SPK-3200,SUP-002,assembly,normal,SYNTHETIC_GOERTEK_PRODUCTION,291,282,9,278,282,298,480,454,433,21,1.25,10784.81,8228.23,1277.46,3790,110585.08,296,296,288,296
2026-04-25,LINE-A02,afternoon,SPK-3200,MAT-SPK-3200,SUP-002,assembly,normal,SYNTHETIC_GOERTEK_PRODUCTION,283,274,9,267,274,269,480,459,430,29,1.25,10499.81,7958.24,1331.59,2591,75254.74,269,270,265,270
2026-04-25,LINE-A02,night,SPK-3200,MAT-SPK-3200,SUP-002,assembly,normal,SYNTHETIC_GOERTEK_PRODUCTION,301,292,9,287,292,282,540,520,491,29,1.25,11290.22,8643.16,1335.77,3369,99721.94,284,283,278,283
2026-04-25,LINE-B01,morning,MIC-1180,MAT-MIC-1180,SUP-003,testing,normal,SYNTHETIC_GOERTEK_PRODUCTION,393,382,11,373,382,384,480,462,437,25,1.05,8386.73,6470.59,968.41,3207,54322.47,367,377,368,377
2026-04-25,LINE-B01,afternoon,MIC-1180,MAT-MIC-1180,SUP-003,testing,normal,SYNTHETIC_GOERTEK_PRODUCTION,379,369,10,363,369,370,480,466,429,37,1.05,8132.65,6320.23,956.01,3915,67056.1,372,377,369,377
2026-04-25,LINE-B01,night,MIC-1180,MAT-MIC-1180,SUP-003,testing,normal,SYNTHETIC_GOERTEK_PRODUCTION,383,374,9,364,374,366,540,517,495,22,1.05,8195.71,6368.94,896.03,4762,81093.29,380,388,366,388
2026-04-25,LINE-B02,morning,MIC-1180,MAT-MIC-1180,SUP-004,testing,normal,SYNTHETIC_GOERTEK_PRODUCTION,323,312,11,303,312,298,480,471,446,25,1.1,6823.95,5422.23,606.61,4118,71566.48,294,305,288,305
2026-04-25,LINE-B02,afternoon,MIC-1180,MAT-MIC-1180,SUP-004,testing,normal,SYNTHETIC_GOERTEK_PRODUCTION,315,308,7,299,308,304,480,459,379,80,1.1,6825.71,5287.55,802.82,3874,66506.39,313,312,304,312
2026-04-25,LINE-B02,night,MIC-1180,MAT-MIC-1180,SUP-004,testing,normal,SYNTHETIC_GOERTEK_PRODUCTION,300,290,10,284,290,289,480,464,452,12,1.1,6432.89,5114.75,580.33,5279,93106.09,285,299,290,299
2026-04-25,LINE-C01,morning,TWS-A70,MAT-TWS-A70,SUP-005,packaging,normal,SYNTHETIC_GOERTEK_PRODUCTION,236,230,6,225,230,227,480,466,442,24,1.6,22055.34,16202.52,3246.57,3893,274245.26,225,221,214,221
2026-04-25,LINE-C01,afternoon,TWS-A70,MAT-TWS-A70,SUP-005,packaging,normal,SYNTHETIC_GOERTEK_PRODUCTION,227,222,5,218,222,222,480,463,443,20,1.6,21242.36,15415.32,3409.65,4186,290669.05,221,227,219,227
2026-04-25,LINE-C01,night,TWS-A70,MAT-TWS-A70,SUP-005,packaging,normal,SYNTHETIC_GOERTEK_PRODUCTION,231,224,7,222,224,221,480,458,443,15,1.6,21613.73,15581.93,3608.9,4183,290978.63,220,221,211,221
2026-04-25,LINE-C02,morning,TWS-A70,MAT-TWS-A70,SUP-006,packaging,normal,SYNTHETIC_GOERTEK_PRODUCTION,226,220,6,215,220,219,480,463,407,56,1.55,21168.78,15768.32,2922.64,3279,235019.64,212,221,214,221
2026-04-25,LINE-C02,afternoon,TWS-A70,MAT-TWS-A70,SUP-006,packaging,normal,SYNTHETIC_GOERTEK_PRODUCTION,228,222,6,216,222,238,480,471,441,30,1.55,21579.6,16446.81,2618.54,3401,251962.17,217,219,215,219
2026-04-25,LINE-C02,night,TWS-A70,MAT-TWS-A70,SUP-006,packaging,normal,SYNTHETIC_GOERTEK_PRODUCTION,203,197,6,192,197,212,480,460,436,24,1.55,18768.99,14246.68,2327.96,0,0,196,198,196,198
2026-04-26,LINE-A01,morning,SPK-3200,MAT-SPK-3200,SUP-001,assembly,normal,SYNTHETIC_GOERTEK_PRODUCTION,324,316,8,307,316,328,480,462,431,31,1.2,12172.15,8943.92,1735.95,3624,102572.04,310,312,298,312
2026-04-26,LINE-A01,afternoon,SPK-3200,MAT-SPK-3200,SUP-001,assembly,normal,SYNTHETIC_GOERTEK_PRODUCTION,356,346,10,337,346,337,540,529,495,34,1.2,13253.37,9760.91,2039.09,3065,86465.86,331,337,320,337
2026-04-26,LINE-A01,night,SPK-3200,MAT-SPK-3200,SUP-001,assembly,normal,SYNTHETIC_GOERTEK_PRODUCTION,342,332,10,323,332,339,540,533,512,21,1.2,12837.79,9351.38,1933.04,2798,78810.73,321,322,313,322
2026-04-26,LINE-A02,morning,SPK-3200,MAT-SPK-3200,SUP-002,assembly,normal,SYNTHETIC_GOERTEK_PRODUCTION,329,320,9,314,320,324,540,526,501,25,1.25,12347.93,9288.57,1751.89,3708,107631.3,323,317,304,317
2026-04-26,LINE-A02,afternoon,SPK-3200,MAT-SPK-3200,SUP-002,assembly,normal,SYNTHETIC_GOERTEK_PRODUCTION,290,281,9,276,281,293,480,469,449,20,1.25,10852.12,8130.07,1564.82,3724,107745.13,283,279,266,279
2026-04-26,LINE-A02,night,SPK-3200,MAT-SPK-3200,SUP-002,assembly,normal,SYNTHETIC_GOERTEK_PRODUCTION,309,301,8,295,301,309,540,522,514,8,1.25,11628.86,8795.15,1476.8,3965,115856.38,290,305,303,305
2026-04-26,LINE-B01,morning,MIC-1180,MAT-MIC-1180,SUP-003,testing,normal,SYNTHETIC_GOERTEK_PRODUCTION,386,376,10,371,376,370,480,465,445,20,1.05,8250.59,6438.25,867.41,3313,56728.52,367,369,360,369
2026-04-26,LINE-B01,afternoon,MIC-1180,MAT-MIC-1180,SUP-003,testing,normal,SYNTHETIC_GOERTEK_PRODUCTION,370,358,12,352,358,359,480,459,440,19,1.05,7921.59,6277.65,797.66,3413,59848.1,343,358,350,358
2026-04-26,LINE-B01,night,MIC-1180,MAT-MIC-1180,SUP-003,testing,normal,SYNTHETIC_GOERTEK_PRODUCTION,355,344,11,333,344,336,480,463,451,12,1.05,7553.95,5843.9,790.09,4751,80710.37,334,335,328,335
2026-04-26,LINE-B02,morning,MIC-1180,MAT-MIC-1180,SUP-004,testing,normal,SYNTHETIC_GOERTEK_PRODUCTION,331,321,10,313,321,317,480,463,443,20,1.1,7087.96,5656.63,577.76,2460,43349.87,314,317,303,317
2026-04-26,LINE-B02,afternoon,MIC-1180,MAT-MIC-1180,SUP-004,testing,normal,SYNTHETIC_GOERTEK_PRODUCTION,325,315,10,309,315,315,480,465,442,23,1.1,6940.03,5477.09,647.29,4294,74662.3,331,327,313,327
2026-04-26,LINE-B02,night,MIC-1180,MAT-MIC-1180,SUP-004,testing,normal,SYNTHETIC_GOERTEK_PRODUCTION,299,290,9,283,290,292,480,460,431,29,1.1,6330.26,5058.7,623.44,4163,72618.51,295,289,273,289
2026-04-26,LINE-C01,morning,TWS-A70,MAT-TWS-A70,SUP-005,packaging,normal,SYNTHETIC_GOERTEK_PRODUCTION,239,232,7,224,232,233,480,463,457,6,1.6,22217.24,15489.6,4026.52,3419,228271.3,240,232,221,232
2026-04-26,LINE-C01,afternoon,TWS-A70,MAT-TWS-A70,SUP-005,packaging,normal,SYNTHETIC_GOERTEK_PRODUCTION,236,228,8,223,228,231,480,465,434,31,1.6,21690.86,15582.61,3470.29,4246,290191.94,222,236,234,236
2026-04-26,LINE-C01,night,TWS-A70,MAT-TWS-A70,SUP-005,packaging,normal,SYNTHETIC_GOERTEK_PRODUCTION,203,198,5,194,198,205,480,453,422,31,1.6,18881.42,13891.58,2829.15,3011,211250.24,189,200,197,200
2026-04-26,LINE-C02,morning,TWS-A70,MAT-TWS-A70,SUP-006,packaging,normal,SYNTHETIC_GOERTEK_PRODUCTION,254,247,7,242,247,242,540,528,513,15,1.55,23851.76,17859.32,3121.79,4194,303246.92,257,254,248,254
2026-04-26,LINE-C02,afternoon,TWS-A70,MAT-TWS-A70,SUP-006,packaging,normal,SYNTHETIC_GOERTEK_PRODUCTION,228,221,7,217,221,220,480,461,453,8,1.55,21517.76,16197.89,2814.78,4151,304241.82,228,221,211,221
2026-04-26,LINE-C02,night,TWS-A70,MAT-TWS-A70,SUP-006,packaging,normal,SYNTHETIC_GOERTEK_PRODUCTION,208,203,5,198,203,215,480,458,444,14,1.55,19216.11,14552.35,2355.63,4494,322158.92,189,194,188,194
2026-04-27,LINE-A01,morning,SPK-3200,MAT-SPK-3200,SUP-001,assembly,normal,SYNTHETIC_GOERTEK_PRODUCTION,319,313,6,307,313,311,480,464,431,33,1.2,12114.88,8930.55,1766.06,4748,135470.45,306,302,290,302
2026-04-27,LINE-A01,afternoon,SPK-3200,MAT-SPK-3200,SUP-001,assembly,normal,SYNTHETIC_GOERTEK_PRODUCTION,329,320,9,315,320,325,480,456,433,23,1.2,12374.85,9202.46,1638.79,3321,95504.28,328,312,308,312
2026-04-27,LINE-A01,night,SPK-3200,MAT-SPK-3200,SUP-001,assembly,normal,SYNTHETIC_GOERTEK_PRODUCTION,347,339,8,330,339,335,540,522,512,10,1.2,13007.47,9754.78,1827.43,3906,112395.78,333,343,336,343
2026-04-27,LINE-A02,morning,SPK-3200,MAT-SPK-3200,SUP-002,assembly,normal,SYNTHETIC_GOERTEK_PRODUCTION,303,297,6,291,297,290,480,465,452,13,1.25,11389.32,8668.28,1434.41,4281,124945.81,285,278,262,278
2026-04-27,LINE-A02,afternoon,SPK-3200,MAT-SPK-3200,SUP-002,assembly,normal,SYNTHETIC_GOERTEK_PRODUCTION,299,289,10,281,289,292,480,460,432,28,1.25,11141.39,8458.85,1374.04,3511,102764.78,317,298,290,298
2026-04-27,LINE-A02,night,SPK-3200,MAT-SPK-3200,SUP-002,assembly,normal,SYNTHETIC_GOERTEK_PRODUCTION,276,270,6,264,270,267,480,467,459,8,1.25,10325.29,7896.65,1235.83,2925,85547.04,255,270,259,270
2026-04-27,LINE-B01,morning,MIC-1180,MAT-MIC-1180,SUP-003,testing,normal,SYNTHETIC_GOERTEK_PRODUCTION,383,373,10,365,373,384,480,448,422,26,1.05,8165.36,6449.72,749.82,3237,55972.5,351,371,358,371
2026-04-27,LINE-B01,afternoon,MIC-1180,MAT-MIC-1180,SUP-003,testing,rework,SYNTHETIC_GOERTEK_PRODUCTION,386,376,10,368,376,360,480,470,448,22,1.05,8322.47,6427.67,882.43,4368,74670.38,381,382,369,382
2026-04-27,LINE-B01,night,MIC-1180,MAT-MIC-1180,SUP-003,testing,normal,SYNTHETIC_GOERTEK_PRODUCTION,396,385,11,375,385,382,540,521,497,24,1.05,8544.4,6751.78,840.62,5032,88246.64,386,395,381,395
2026-04-27,LINE-B02,morning,MIC-1180,MAT-MIC-1180,SUP-004,testing,normal,SYNTHETIC_GOERTEK_PRODUCTION,345,335,10,326,335,350,480,463,444,19,1.1,7438.26,5852.76,680.5,4998,87319.69,316,337,324,337
2026-04-27,LINE-B02,afternoon,MIC-1180,MAT-MIC-1180,SUP-004,testing,normal,SYNTHETIC_GOERTEK_PRODUCTION,343,334,9,325,334,331,480,466,445,21,1.1,7285.5,5614.45,865.58,4417,74248.58,313,333,318,333
2026-04-27,LINE-B02,night,MIC-1180,MAT-MIC-1180,SUP-004,testing,normal,SYNTHETIC_GOERTEK_PRODUCTION,308,299,9,294,299,282,480,460,437,23,1.1,6603.58,5230.44,572.73,4808,84106.87,290,302,295,302
2026-04-27,LINE-C01,morning,TWS-A70,MAT-TWS-A70,SUP-005,packaging,normal,SYNTHETIC_GOERTEK_PRODUCTION,249,241,8,235,241,227,480,465,444,21,1.6,23089.39,16819.81,3543.96,3237,225915.87,261,251,239,251
2026-04-27,LINE-C01,afternoon,TWS-A70,MAT-TWS-A70,SUP-005,packaging,normal,SYNTHETIC_GOERTEK_PRODUCTION,233,226,7,221,226,227,480,455,423,32,1.6,21543.51,15712.33,3356.12,4280,297560.94,212,225,220,225
2026-04-27,LINE-C01,night,TWS-A70,MAT-TWS-A70,SUP-005,packaging,normal,SYNTHETIC_GOERTEK_PRODUCTION,224,219,5,214,219,220,480,466,443,23,1.6,21085.29,15077.85,3653.91,3818,262864.07,211,221,210,221
2026-04-27,LINE-C02,morning,TWS-A70,MAT-TWS-A70,SUP-006,packaging,normal,SYNTHETIC_GOERTEK_PRODUCTION,225,218,7,212,218,223,480,454,431,23,1.55,21080.57,15759.43,2748.71,4378,316489.84,240,221,212,221
2026-04-27,LINE-C02,afternoon,TWS-A70,MAT-TWS-A70,SUP-006,packaging,normal,SYNTHETIC_GOERTEK_PRODUCTION,224,218,6,212,218,223,480,463,430,33,1.55,21059.18,15701.52,2888.91,3841,276649.26,220,222,216,222
2026-04-27,LINE-C02,night,TWS-A70,MAT-TWS-A70,SUP-006,packaging,normal,SYNTHETIC_GOERTEK_PRODUCTION,245,238,7,233,238,245,540,522,499,23,1.55,22609.53,16853.83,3159,4486,317673.45,251,239,233,239
2026-04-28,LINE-A01,morning,SPK-3200,MAT-SPK-3200,SUP-001,assembly,normal,SYNTHETIC_GOERTEK_PRODUCTION,332,323,9,316,323,326,480,453,434,19,1.2,12354.2,9172.33,1771.81,3041,86356.21,290,308,296,308
2026-04-28,LINE-A01,afternoon,SPK-3200,MAT-SPK-3200,SUP-001,assembly,normal,SYNTHETIC_GOERTEK_PRODUCTION,324,316,8,311,316,311,480,457,440,17,1.2,12079.12,8871.86,1769.95,2648,74343.94,321,324,312,324
2026-04-28,LINE-A01,night,SPK-3200,MAT-SPK-3200,SUP-001,assembly,normal,SYNTHETIC_GOERTEK_PRODUCTION,290,282,8,276,282,272,480,447,419,28,1.2,10950.77,8164.64,1462.96,3108,89984.76,281,275,266,275
2026-04-28,LINE-A02,morning,SPK-3200,MAT-SPK-3200,SUP-002,assembly,normal,SYNTHETIC_GOERTEK_PRODUCTION,312,302,10,292,302,290,480,466,455,11,1.25,11551.3,8938.69,1313.58,3272,96845.67,284,290,276,290
2026-04-28,LINE-A02,afternoon,SPK-3200,MAT-SPK-3200,SUP-002,assembly,rework,SYNTHETIC_GOERTEK_PRODUCTION,279,271,8,262,271,269,480,453,431,22,1.25,10406.5,7965.9,1364.47,0,0,284,277,270,277
2026-04-28,LINE-A02,night,SPK-3200,MAT-SPK-3200,SUP-002,assembly,normal,SYNTHETIC_GOERTEK_PRODUCTION,280,270,10,264,270,276,480,455,433,22,1.25,10287.41,7723.78,1327.31,4086,116886.54,254,256,242,256
2026-04-28,LINE-B01,morning,MIC-1180,MAT-MIC-1180,SUP-003,testing,normal,SYNTHETIC_GOERTEK_PRODUCTION,383,372,11,360,372,387,480,458,437,21,1.05,8133.49,6305.23,870.8,4090,69323.63,365,380,365,380
2026-04-28,LINE-B01,afternoon,MIC-1180,MAT-MIC-1180,SUP-003,testing,normal,SYNTHETIC_GOERTEK_PRODUCTION,376,366,10,359,366,370,480,461,443,18,1.05,8016.96,6347.37,690.44,4303,74624.95,378,360,351,360
2026-04-28,LINE-B01,night,MIC-1180,MAT-MIC-1180,SUP-003,testing,normal,SYNTHETIC_GOERTEK_PRODUCTION,374,360,14,351,360,365,480,465,449,16,1.05,7905.93,6044.44,903.02,4080,68503.65,387,378,358,378
2026-04-28,LINE-B02,morning,MIC-1180,MAT-MIC-1180,SUP-004,testing,normal,SYNTHETIC_GOERTEK_PRODUCTION,344,336,8,330,336,330,480,463,428,35,1.1,7306.64,5812.79,586.84,5374,92970.04,345,347,336,347
2026-04-28,LINE-B02,afternoon,MIC-1180,MAT-MIC-1180,SUP-004,testing,normal,SYNTHETIC_GOERTEK_PRODUCTION,327,321,6,314,321,330,480,461,438,23,1.1,7043.47,5584.05,707.69,3931,68382.87,314,328,312,328
2026-04-28,LINE-B02,night,MIC-1180,MAT-MIC-1180,SUP-004,testing,normal,SYNTHETIC_GOERTEK_PRODUCTION,309,301,8,297,301,289,480,462,427,35,1.1,6532.23,5103.56,672.82,3237,54884.46,301,306,296,306
2026-04-28,LINE-C01,morning,TWS-A70,MAT-TWS-A70,SUP-005,packaging,normal,SYNTHETIC_GOERTEK_PRODUCTION,255,249,6,245,249,260,480,474,443,31,1.6,23914.64,17779.94,3556.29,3577,255417.05,256,245,241,245
2026-04-28,LINE-C01,afternoon,TWS-A70,MAT-TWS-A70,SUP-005,packaging,normal,SYNTHETIC_GOERTEK_PRODUCTION,231,225,6,219,225,226,480,463,448,15,1.6,21396.18,15543.29,3441.36,4029,278328.51,234,229,223,229
2026-04-28,LINE-C01,night,TWS-A70,MAT-TWS-A70,SUP-005,packaging,normal,SYNTHETIC_GOERTEK_PRODUCTION,268,260,8,253,260,263,540,536,512,24,1.6,25110.96,18031.29,4202.97,3494,242312.8,261,255,249,255
2026-04-28,LINE-C02,morning,TWS-A70,MAT-TWS-A70,SUP-006,packaging,normal,SYNTHETIC_GOERTEK_PRODUCTION,231,225,6,220,225,232,480,459,385,74,1.55,21477.34,15902.61,2941.41,2546,179946.87,225,228,221,228
2026-04-28,LINE-C02,afternoon,TWS-A70,MAT-TWS-A70,SUP-006,packaging,normal,SYNTHETIC_GOERTEK_PRODUCTION,229,223,6,216,223,217,480,460,445,15,1.55,21237.81,15878.89,2759.39,3919,279055.47,227,228,216,228
2026-04-28,LINE-C02,night,TWS-A70,MAT-TWS-A70,SUP-006,packaging,normal,SYNTHETIC_GOERTEK_PRODUCTION,240,233,7,229,233,233,540,513,487,26,1.55,22045.88,16241.51,3194.76,0,0,226,232,221,232
2026-04-29,LINE-A01,morning,SPK-3200,MAT-SPK-3200,SUP-001,assembly,normal,SYNTHETIC_GOERTEK_PRODUCTION,328,319,9,313,319,324,480,450,437,13,1.2,12412.52,9284.61,1807.92,3035,88334.77,308,322,312,322
2026-04-29,LINE-A01,afternoon,SPK-3200,MAT-SPK-3200,SUP-001,assembly,rework,SYNTHETIC_GOERTEK_PRODUCTION,312,304,8,300,304,302,480,453,425,28,1.2,11581.22,8599.31,1619.79,3696,104549.51,287,287,280,287
2026-04-29,LINE-A01,night,SPK-3200,MAT-SPK-3200,SUP-001,assembly,normal,SYNTHETIC_GOERTEK_PRODUCTION,294,289,5,283,289,290,480,453,436,17,1.2,11178.56,8373.34,1538.85,4075,118066.99,294,293,285,293
2026-04-29,LINE-A02,morning,SPK-3200,MAT-SPK-3200,SUP-002,assembly,normal,SYNTHETIC_GOERTEK_PRODUCTION,299,291,8,281,291,293,480,458,441,17,1.25,11157.89,8522.34,1367.83,4350,127395.8,326,310,298,310
2026-04-29,LINE-A02,afternoon,SPK-3200,MAT-SPK-3200,SUP-002,assembly,normal,SYNTHETIC_GOERTEK_PRODUCTION,344,335,9,328,335,349,540,515,458,57,1.25,12935.64,9788.09,1530.92,3306,96595.3,318,338,327,338
2026-04-29,LINE-A02,night,SPK-3200,MAT-SPK-3200,SUP-002,assembly,normal,SYNTHETIC_GOERTEK_PRODUCTION,277,269,8,263,269,273,480,452,436,16,1.25,10382.45,7900.19,1200.71,3654,107313.36,296,278,268,278
2026-04-29,LINE-B01,morning,MIC-1180,MAT-MIC-1180,SUP-003,testing,normal,SYNTHETIC_GOERTEK_PRODUCTION,430,418,12,411,418,413,540,516,457,59,1.05,9225.69,7186.65,1000.57,2769,47607.26,389,394,375,394
2026-04-29,LINE-B01,afternoon,MIC-1180,MAT-MIC-1180,SUP-003,testing,normal,SYNTHETIC_GOERTEK_PRODUCTION,376,366,10,357,366,374,480,468,441,27,1.05,7950.66,6248.82,842.94,4020,68634.58,354,360,352,360
2026-04-29,LINE-B01,night,MIC-1180,MAT-MIC-1180,SUP-003,testing,normal,SYNTHETIC_GOERTEK_PRODUCTION,373,361,12,352,361,369,480,466,453,13,1.05,7892.7,6056.22,904.44,4728,79318.03,354,339,322,339
2026-04-29,LINE-B02,morning,MIC-1180,MAT-MIC-1180,SUP-004,testing,normal,SYNTHETIC_GOERTEK_PRODUCTION,318,311,7,304,311,302,480,462,435,27,1.1,6864.32,5380.86,725.53,4373,75660.77,292,300,292,300
2026-04-29,LINE-B02,afternoon,MIC-1180,MAT-MIC-1180,SUP-004,testing,normal,SYNTHETIC_GOERTEK_PRODUCTION,331,321,10,315,321,322,480,459,443,16,1.1,7120.46,5676.2,652.79,3152,55736.39,328,322,314,322
2026-04-29,LINE-B02,night,MIC-1180,MAT-MIC-1180,SUP-004,testing,normal,SYNTHETIC_GOERTEK_PRODUCTION,314,303,11,297,303,311,480,461,426,35,1.1,6663.41,5348.6,584.51,3939,69531.8,307,302,298,302
2026-04-29,LINE-C01,morning,TWS-A70,MAT-TWS-A70,SUP-005,packaging,normal,SYNTHETIC_GOERTEK_PRODUCTION,241,237,4,230,237,240,480,460,434,26,1.6,22808.85,16316.05,3947.9,3523,242537.74,232,229,225,229
2026-04-29,LINE-C01,afternoon,TWS-A70,MAT-TWS-A70,SUP-005,packaging,normal,SYNTHETIC_GOERTEK_PRODUCTION,243,235,8,230,235,230,480,467,390,77,1.6,22762.93,15938.45,4182.21,3408,231141.44,230,235,227,235
2026-04-29,LINE-C01,night,TWS-A70,MAT-TWS-A70,SUP-005,packaging,normal,SYNTHETIC_GOERTEK_PRODUCTION,234,228,6,225,228,225,480,471,449,22,1.6,21840.93,15736.58,3703.92,4090,282292.16,230,235,228,235
2026-04-29,LINE-C02,morning,TWS-A70,MAT-TWS-A70,SUP-006,packaging,rework,SYNTHETIC_GOERTEK_PRODUCTION,236,229,7,226,229,231,480,466,458,8,1.55,22086.88,16517.93,3132.79,3380,243801.76,226,226,222,226
2026-04-29,LINE-C02,afternoon,TWS-A70,MAT-TWS-A70,SUP-006,packaging,normal,SYNTHETIC_GOERTEK_PRODUCTION,233,227,6,223,227,226,480,467,455,12,1.55,21923.09,16044.92,3487.27,3252,229859.38,208,214,208,214
2026-04-29,LINE-C02,night,TWS-A70,MAT-TWS-A70,SUP-006,packaging,normal,SYNTHETIC_GOERTEK_PRODUCTION,207,202,5,198,202,196,480,449,427,22,1.55,19358.62,14729.63,2418.26,3104,226340.45,206,200,195,200
2026-04-30,LINE-A01,morning,SPK-3200,MAT-SPK-3200,SUP-001,assembly,normal,SYNTHETIC_GOERTEK_PRODUCTION,326,317,9,309,317,329,480,457,437,20,1.2,12262.59,8991.2,1770.71,3785,107355.5,306,316,305,316
2026-04-30,LINE-A01,afternoon,SPK-3200,MAT-SPK-3200,SUP-001,assembly,normal,SYNTHETIC_GOERTEK_PRODUCTION,328,319,9,310,319,315,480,462,436,26,1.2,12357.59,9038.23,1897.51,0,0,301,309,302,309
2026-04-30,LINE-A01,night,SPK-3200,MAT-SPK-3200,SUP-001,assembly,normal,SYNTHETIC_GOERTEK_PRODUCTION,311,303,8,298,303,303,480,470,447,23,1.2,11670.76,8709.65,1645.02,3978,114346.49,317,316,307,316
2026-04-30,LINE-A02,morning,SPK-3200,MAT-SPK-3200,SUP-002,assembly,normal,SYNTHETIC_GOERTEK_PRODUCTION,303,295,8,288,295,307,480,454,430,24,1.25,11318.93,8379.11,1553.38,3212,91232.89,286,294,279,294
2026-04-30,LINE-A02,afternoon,SPK-3200,MAT-SPK-3200,SUP-002,assembly,normal,SYNTHETIC_GOERTEK_PRODUCTION,302,292,10,284,292,303,480,455,432,23,1.25,11049.88,8325.87,1401.17,4606,131332.05,299,300,287,300
2026-04-30,LINE-A02,night,SPK-3200,MAT-SPK-3200,SUP-002,assembly,normal,SYNTHETIC_GOERTEK_PRODUCTION,326,315,11,311,315,316,540,524,509,15,1.25,12316.63,9366.33,1584.05,4110,122208.31,338,323,305,323
2026-04-30,LINE-B01,morning,MIC-1180,MAT-MIC-1180,SUP-003,testing,normal,SYNTHETIC_GOERTEK_PRODUCTION,417,406,11,397,406,403,480,479,454,25,1.05,9032.68,7168.91,777.74,4726,83448.94,407,391,387,391
2026-04-30,LINE-B01,afternoon,MIC-1180,MAT-MIC-1180,SUP-003,testing,normal,SYNTHETIC_GOERTEK_PRODUCTION,381,372,9,365,372,375,480,458,432,26,1.05,8131.78,6365.28,875.52,4744,81174.43,400,385,373,385
2026-04-30,LINE-B01,night,MIC-1180,MAT-MIC-1180,SUP-003,testing,test,SYNTHETIC_GOERTEK_PRODUCTION,434,424,10,417,424,436,540,528,510,18,1.05,9431.72,7296.56,1105.66,4670,80365.41,394,401,393,401
2026-04-30,LINE-B02,morning,MIC-1180,MAT-MIC-1180,SUP-004,testing,normal,SYNTHETIC_GOERTEK_PRODUCTION,343,333,10,327,333,342,480,467,442,25,1.1,7363.79,5819.23,787.45,4094,71543.33,340,347,342,347
2026-04-30,LINE-B02,afternoon,MIC-1180,MAT-MIC-1180,SUP-004,testing,normal,SYNTHETIC_GOERTEK_PRODUCTION,334,326,8,318,326,322,480,470,449,21,1.1,7146.63,5575.57,812.54,3027,51770.71,337,318,307,318
2026-04-30,LINE-B02,night,MIC-1180,MAT-MIC-1180,SUP-004,testing,normal,SYNTHETIC_GOERTEK_PRODUCTION,317,310,7,302,310,316,480,472,460,12,1.1,6815.15,5306.43,716.07,3126,53509.36,319,322,314,322
2026-04-30,LINE-C01,morning,TWS-A70,MAT-TWS-A70,SUP-005,packaging,normal,SYNTHETIC_GOERTEK_PRODUCTION,234,228,6,222,228,228,480,460,445,15,1.6,21916.46,15719.6,3567.71,3236,223108.01,225,221,212,221
2026-04-30,LINE-C01,afternoon,TWS-A70,MAT-TWS-A70,SUP-005,packaging,normal,SYNTHETIC_GOERTEK_PRODUCTION,240,235,5,229,235,235,480,465,431,34,1.6,22638.48,16341.76,3824.02,2100,146032.75,231,229,224,229
2026-04-30,LINE-C01,night,TWS-A70,MAT-TWS-A70,SUP-005,packaging,normal,SYNTHETIC_GOERTEK_PRODUCTION,226,220,6,215,220,214,480,460,443,17,1.6,21178.36,15303.49,3345.17,4699,326868.63,220,212,204,212
2026-04-30,LINE-C02,morning,TWS-A70,MAT-TWS-A70,SUP-006,packaging,normal,SYNTHETIC_GOERTEK_PRODUCTION,230,224,6,218,224,236,480,448,423,25,1.55,21479.18,16138.41,2861.43,2941,211888.68,231,223,218,223
2026-04-30,LINE-C02,afternoon,TWS-A70,MAT-TWS-A70,SUP-006,packaging,normal,SYNTHETIC_GOERTEK_PRODUCTION,222,216,6,212,216,214,480,457,425,32,1.55,20846.85,15651.39,2901.36,4196,304042.74,232,225,219,225
2026-04-30,LINE-C02,night,TWS-A70,MAT-TWS-A70,SUP-006,packaging,normal,SYNTHETIC_GOERTEK_PRODUCTION,223,217,6,212,217,212,480,471,461,10,1.55,20888.28,15498.21,2935.95,3511,250756.75,204,206,194,206
2026-05-01,LINE-A01,morning,SPK-3200,MAT-SPK-3200,SUP-001,assembly,normal,SYNTHETIC_GOERTEK_PRODUCTION,339,330,9,322,330,326,480,464,442,22,1.2,12634.59,9195.84,2041.64,4228,117818.22,317,330,316,330
2026-05-01,LINE-A01,afternoon,SPK-3200,MAT-SPK-3200,SUP-001,assembly,normal,SYNTHETIC_GOERTEK_PRODUCTION,325,316,9,310,316,328,480,467,402,65,1.2,12092.82,8994.64,1786.57,3889,110696.69,326,316,303,316
2026-05-01,LINE-A01,night,SPK-3200,MAT-SPK-3200,SUP-001,assembly,normal,SYNTHETIC_GOERTEK_PRODUCTION,302,294,8,285,294,286,480,456,443,13,1.2,11301.73,8283.11,1760.37,3666,103285.31,289,294,288,294
2026-05-01,LINE-A02,morning,SPK-3200,MAT-SPK-3200,SUP-002,assembly,normal,SYNTHETIC_GOERTEK_PRODUCTION,303,296,7,288,296,291,480,464,444,20,1.25,11466.08,8822.97,1394.49,3218,95919.99,303,311,301,311
2026-05-01,LINE-A02,afternoon,SPK-3200,MAT-SPK-3200,SUP-002,assembly,normal,SYNTHETIC_GOERTEK_PRODUCTION,294,285,9,280,285,287,480,459,434,25,1.25,10952.94,8415.17,1256.48,4207,124219.72,265,270,255,270
2026-05-01,LINE-A02,night,SPK-3200,MAT-SPK-3200,SUP-002,assembly,normal,SYNTHETIC_GOERTEK_PRODUCTION,287,280,7,274,280,274,480,466,452,14,1.25,10790.75,8319.5,1310.85,4858,144343.32,281,282,270,282
2026-05-01,LINE-B01,morning,MIC-1180,MAT-MIC-1180,SUP-003,testing,normal,SYNTHETIC_GOERTEK_PRODUCTION,450,436,14,430,436,429,540,525,519,6,1.05,9596.4,7480.78,1053,5206,89323.26,441,423,412,423
2026-05-01,LINE-B01,afternoon,MIC-1180,MAT-MIC-1180,SUP-003,testing,normal,SYNTHETIC_GOERTEK_PRODUCTION,379,369,10,361,369,358,480,452,436,16,1.05,8038.3,6344.86,718.34,2972,51102.77,405,383,370,383
2026-05-01,LINE-B01,night,MIC-1180,MAT-MIC-1180,SUP-003,testing,normal,SYNTHETIC_GOERTEK_PRODUCTION,368,359,9,351,359,351,480,463,446,17,1.05,7865.49,6047.37,937.19,4237,71372.44,389,381,364,381
2026-05-01,LINE-B02,morning,MIC-1180,MAT-MIC-1180,SUP-004,testing,normal,SYNTHETIC_GOERTEK_PRODUCTION,342,332,10,324,332,343,480,455,433,22,1.1,7301.55,5698.75,731.28,3102,53245.55,325,329,315,329
2026-05-01,LINE-B02,afternoon,MIC-1180,MAT-MIC-1180,SUP-004,testing,normal,SYNTHETIC_GOERTEK_PRODUCTION,317,309,8,303,309,314,480,456,441,15,1.1,6768.35,5356.45,662.45,3119,54067.21,300,296,288,296
2026-05-01,LINE-B02,night,MIC-1180,MAT-MIC-1180,SUP-004,testing,normal,SYNTHETIC_GOERTEK_PRODUCTION,302,295,7,288,295,283,480,453,425,28,1.1,6470.94,5077.56,648.75,3616,62238.84,280,281,269,281
2026-05-01,LINE-C01,morning,TWS-A70,MAT-TWS-A70,SUP-005,packaging,normal,SYNTHETIC_GOERTEK_PRODUCTION,243,235,8,230,235,229,480,471,445,26,1.6,22546.66,16175.51,3741.57,3985,274295.35,232,227,222,227
2026-05-01,LINE-C01,afternoon,TWS-A70,MAT-TWS-A70,SUP-005,packaging,normal,SYNTHETIC_GOERTEK_PRODUCTION,235,228,7,222,228,233,480,463,436,27,1.6,21731.56,15639.71,3651.96,4421,303259.46,212,221,215,221
2026-05-01,LINE-C01,night,TWS-A70,MAT-TWS-A70,SUP-005,packaging,normal,SYNTHETIC_GOERTEK_PRODUCTION,231,225,6,219,225,219,480,465,441,24,1.6,21427.56,15079.92,3738.22,4715,316008.1,220,221,214,221
2026-05-01,LINE-C02,morning,TWS-A70,MAT-TWS-A70,SUP-006,packaging,normal,SYNTHETIC_GOERTEK_PRODUCTION,242,234,8,230,234,244,480,469,445,24,1.55,22508.43,16890.06,2967.88,5360,386883.43,217,227,225,227
2026-05-01,LINE-C02,afternoon,TWS-A70,MAT-TWS-A70,SUP-006,packaging,normal,SYNTHETIC_GOERTEK_PRODUCTION,227,220,7,216,220,220,480,461,438,23,1.55,21416.75,15790.54,3190.04,4145,297508.13,197,211,205,211
2026-05-01,LINE-C02,night,TWS-A70,MAT-TWS-A70,SUP-006,packaging,normal,SYNTHETIC_GOERTEK_PRODUCTION,218,211,7,206,211,217,480,461,441,20,1.55,20296.53,15343.32,2514.98,2710,197063.49,200,210,205,210
2026-05-02,LINE-A01,morning,SPK-3200,MAT-SPK-3200,SUP-001,assembly,normal,SYNTHETIC_GOERTEK_PRODUCTION,318,308,10,302,308,316,480,453,428,25,1.2,11813.18,8676.43,1800.44,4078,114878.19,312,311,300,311
2026-05-02,LINE-A01,afternoon,SPK-3200,MAT-SPK-3200,SUP-001,assembly,normal,SYNTHETIC_GOERTEK_PRODUCTION,327,318,9,313,318,330,480,464,448,16,1.2,12214.24,8880.33,1858.51,4550,127061.33,329,326,317,326
2026-05-02,LINE-A01,night,SPK-3200,MAT-SPK-3200,SUP-001,assembly,normal,SYNTHETIC_GOERTEK_PRODUCTION,298,292,6,287,292,290,480,459,437,22,1.2,11235.08,8415.38,1533.34,3208,92453.9,279,282,273,282
2026-05-02,LINE-A02,morning,SPK-3200,MAT-SPK-3200,SUP-002,assembly,normal,SYNTHETIC_GOERTEK_PRODUCTION,302,294,8,286,294,287,480,466,442,24,1.25,11393.76,8672.68,1429.69,4166,122892.47,298,294,290,294
2026-05-02,LINE-A02,afternoon,SPK-3200,MAT-SPK-3200,SUP-002,assembly,normal,SYNTHETIC_GOERTEK_PRODUCTION,284,275,9,270,275,288,480,457,426,31,1.25,10602.04,8139.14,1164.12,4246,125668.32,268,272,264,272
2026-05-02,LINE-A02,night,SPK-3200,MAT-SPK-3200,SUP-002,assembly,normal,SYNTHETIC_GOERTEK_PRODUCTION,272,265,7,260,265,270,480,464,445,19,1.25,10162.85,7834.61,1208.46,3637,107526.33,279,260,251,260
2026-05-02,LINE-B01,morning,MIC-1180,MAT-MIC-1180,SUP-003,testing,normal,SYNTHETIC_GOERTEK_PRODUCTION,388,376,12,370,376,398,480,464,442,22,1.05,8217.84,6391.98,858.92,3872,65823.79,352,360,344,360
2026-05-02,LINE-B01,afternoon,MIC-1180,MAT-MIC-1180,SUP-003,testing,normal,SYNTHETIC_GOERTEK_PRODUCTION,382,373,9,364,373,386,480,457,434,23,1.05,8092.57,6319.85,867.59,5302,89833.36,390,377,359,377
2026-05-02,LINE-B01,night,MIC-1180,MAT-MIC-1180,SUP-003,testing,normal,SYNTHETIC_GOERTEK_PRODUCTION,343,334,9,328,334,332,480,459,438,21,1.05,7342.12,5662.72,781.65,4722,80057.98,309,333,323,333
2026-05-02,LINE-B02,morning,MIC-1180,MAT-MIC-1180,SUP-004,testing,normal,SYNTHETIC_GOERTEK_PRODUCTION,326,318,8,310,318,324,480,462,432,30,1.1,6959.16,5406.39,690.21,4428,75281.43,310,317,306,317
2026-05-02,LINE-B02,afternoon,MIC-1180,MAT-MIC-1180,SUP-004,testing,normal,SYNTHETIC_GOERTEK_PRODUCTION,310,305,5,302,305,304,480,463,450,13,1.1,6721.17,5370.39,549.03,3709,65307.46,305,315,306,315
2026-05-02,LINE-B02,night,MIC-1180,MAT-MIC-1180,SUP-004,testing,normal,SYNTHETIC_GOERTEK_PRODUCTION,324,318,6,314,318,318,540,515,482,33,1.1,7060.21,5658.73,601.97,3613,64292.43,305,311,294,311
2026-05-02,LINE-C01,morning,TWS-A70,MAT-TWS-A70,SUP-005,packaging,normal,SYNTHETIC_GOERTEK_PRODUCTION,250,244,6,239,244,235,540,509,484,25,1.6,23770.85,17051.51,4166.05,3080,215240.37,247,244,239,244
2026-05-02,LINE-C01,afternoon,TWS-A70,MAT-TWS-A70,SUP-005,packaging,rework,SYNTHETIC_GOERTEK_PRODUCTION,234,227,7,223,227,229,480,463,435,28,1.6,21900.05,15815.09,3450.69,0,0,200,223,221,223
2026-05-02,LINE-C01,night,TWS-A70,MAT-TWS-A70,SUP-005,packaging,rework,SYNTHETIC_GOERTEK_PRODUCTION,221,215,6,210,215,210,480,472,454,18,1.6,20731.22,14964.11,3378.92,3155,219589.61,220,223,216,223
2026-05-02,LINE-C02,morning,TWS-A70,MAT-TWS-A70,SUP-006,packaging,normal,SYNTHETIC_GOERTEK_PRODUCTION,226,221,5,215,221,217,480,457,423,34,1.55,21377.53,16249.03,2722.23,3815,280497.96,207,217,209,217
2026-05-02,LINE-C02,afternoon,TWS-A70,MAT-TWS-A70,SUP-006,packaging,normal,SYNTHETIC_GOERTEK_PRODUCTION,220,214,6,211,214,203,480,459,444,15,1.55,20575.79,15507.05,2713.7,3890,281880.49,221,224,217,224
2026-05-02,LINE-C02,night,TWS-A70,MAT-TWS-A70,SUP-006,packaging,normal,SYNTHETIC_GOERTEK_PRODUCTION,204,198,6,194,198,195,480,460,452,8,1.55,18946.23,14175.64,2785.13,5314,380451.27,197,199,195,199
2026-05-03,LINE-A01,morning,SPK-3200,MAT-SPK-3200,SUP-001,assembly,normal,SYNTHETIC_GOERTEK_PRODUCTION,316,309,7,302,309,307,480,456,416,40,1.2,11882.47,8728.42,1769.14,3713,104882.28,328,312,295,312
2026-05-03,LINE-A01,afternoon,SPK-3200,MAT-SPK-3200,SUP-001,assembly,normal,SYNTHETIC_GOERTEK_PRODUCTION,318,308,10,301,308,299,480,463,446,17,1.2,11856.96,8853.8,1766.67,3279,94258.47,285,307,299,307
2026-05-03,LINE-A01,night,SPK-3200,MAT-SPK-3200,SUP-001,assembly,normal,SYNTHETIC_GOERTEK_PRODUCTION,328,319,9,313,319,321,540,516,494,22,1.2,12376.77,9142.03,1847.63,2221,63650.31,306,318,302,318
2026-05-03,LINE-A02,morning,SPK-3200,MAT-SPK-3200,SUP-002,assembly,normal,SYNTHETIC_GOERTEK_PRODUCTION,292,286,6,279,286,293,480,467,442,25,1.25,11018.75,8516.94,1251.05,3403,101339.67,272,294,276,294
2026-05-03,LINE-A02,afternoon,SPK-3200,MAT-SPK-3200,SUP-002,assembly,normal,SYNTHETIC_GOERTEK_PRODUCTION,297,288,9,283,288,284,480,462,368,94,1.25,10997.89,8209.88,1560.39,3333,95012.26,313,292,278,292
2026-05-03,LINE-A02,night,SPK-3200,MAT-SPK-3200,SUP-002,assembly,normal,SYNTHETIC_GOERTEK_PRODUCTION,279,268,11,261,268,264,480,467,435,32,1.25,10369.24,7806.96,1249.54,5106,148740.07,281,281,271,281
2026-05-03,LINE-B01,morning,MIC-1180,MAT-MIC-1180,SUP-003,testing,normal,SYNTHETIC_GOERTEK_PRODUCTION,390,379,11,369,379,371,480,461,431,30,1.05,8308.21,6440.1,871.81,4489,76278.65,370,379,368,379
2026-05-03,LINE-B01,afternoon,MIC-1180,MAT-MIC-1180,SUP-003,testing,normal,SYNTHETIC_GOERTEK_PRODUCTION,367,360,7,352,360,365,480,465,449,16,1.05,7987.76,6216.99,835.04,4984,86070.77,344,353,334,353
2026-05-03,LINE-B01,night,MIC-1180,MAT-MIC-1180,SUP-003,testing,normal,SYNTHETIC_GOERTEK_PRODUCTION,408,398,10,390,398,391,540,517,505,12,1.05,8765.03,6806.38,885.87,4221,72185.25,393,393,376,393
2026-05-03,LINE-B02,morning,MIC-1180,MAT-MIC-1180,SUP-004,testing,normal,SYNTHETIC_GOERTEK_PRODUCTION,336,329,7,323,329,320,480,466,438,28,1.1,7195.92,5729.62,670.32,4807,83715.15,321,325,314,325
2026-05-03,LINE-B02,afternoon,MIC-1180,MAT-MIC-1180,SUP-004,testing,normal,SYNTHETIC_GOERTEK_PRODUCTION,326,316,10,310,316,301,480,474,459,15,1.1,6969.61,5504.99,722.54,2045,35625.65,323,321,310,321
2026-05-03,LINE-B02,night,MIC-1180,MAT-MIC-1180,SUP-004,testing,normal,SYNTHETIC_GOERTEK_PRODUCTION,285,276,9,269,276,264,480,459,439,20,1.1,6067.78,4879.16,412.59,0,0,268,273,263,273
2026-05-03,LINE-C01,morning,TWS-A70,MAT-TWS-A70,SUP-005,packaging,normal,SYNTHETIC_GOERTEK_PRODUCTION,238,231,7,226,231,240,480,460,434,26,1.6,22160.4,16143.35,3460.38,4323,302111.26,259,242,235,242
2026-05-03,LINE-C01,afternoon,TWS-A70,MAT-TWS-A70,SUP-005,packaging,normal,SYNTHETIC_GOERTEK_PRODUCTION,232,224,8,218,224,227,480,450,430,20,1.6,21606.11,15540.6,3719.72,3463,240254.9,229,223,214,223
2026-05-03,LINE-C01,night,TWS-A70,MAT-TWS-A70,SUP-005,packaging,normal,SYNTHETIC_GOERTEK_PRODUCTION,222,216,6,211,216,214,480,459,437,22,1.6,20491.89,14612.69,3371.99,4312,291712.59,234,224,221,224
2026-05-03,LINE-C02,morning,TWS-A70,MAT-TWS-A70,SUP-006,packaging,normal,SYNTHETIC_GOERTEK_PRODUCTION,237,230,7,226,230,232,480,476,398,78,1.55,22416.21,16996.8,2752.68,4242,313480.11,212,228,215,228
2026-05-03,LINE-C02,afternoon,TWS-A70,MAT-TWS-A70,SUP-006,packaging,normal,SYNTHETIC_GOERTEK_PRODUCTION,213,206,7,202,206,209,480,456,423,33,1.55,19480.09,14718.73,2646.93,2865,204704.67,193,199,194,199
2026-05-03,LINE-C02,night,TWS-A70,MAT-TWS-A70,SUP-006,packaging,normal,SYNTHETIC_GOERTEK_PRODUCTION,205,201,4,197,201,205,480,463,451,12,1.55,19187.8,14177.59,2782.13,4515,318466.76,218,210,202,210
2026-05-04,LINE-A01,morning,SPK-3200,MAT-SPK-3200,SUP-001,assembly,normal,SYNTHETIC_GOERTEK_PRODUCTION,376,365,11,357,365,363,540,517,511,6,1.2,14012.35,10373.74,1990.21,4716,134034.41,371,357,351,357
2026-05-04,LINE-A01,afternoon,SPK-3200,MAT-SPK-3200,SUP-001,assembly,normal,SYNTHETIC_GOERTEK_PRODUCTION,314,306,8,299,306,294,480,468,444,24,1.2,11814.19,8659.38,1733.21,2612,73916.01,281,298,289,298
2026-05-04,LINE-A01,night,SPK-3200,MAT-SPK-3200,SUP-001,assembly,normal,SYNTHETIC_GOERTEK_PRODUCTION,305,296,9,288,296,305,480,465,446,19,1.2,11427.91,8445.17,1635.88,3922,111898.5,303,295,285,295
2026-05-04,LINE-A02,morning,SPK-3200,MAT-SPK-3200,SUP-002,assembly,normal,SYNTHETIC_GOERTEK_PRODUCTION,314,305,9,298,305,309,480,467,440,27,1.25,11714.84,8803.53,1494.37,3832,110606.97,287,304,298,304
2026-05-04,LINE-A02,afternoon,SPK-3200,MAT-SPK-3200,SUP-002,assembly,normal,SYNTHETIC_GOERTEK_PRODUCTION,302,293,9,289,293,300,480,457,455,2,1.25,11212.21,8558.31,1390.84,5016,146513.59,281,293,280,293
2026-05-04,LINE-A02,night,SPK-3200,MAT-SPK-3200,SUP-002,assembly,normal,SYNTHETIC_GOERTEK_PRODUCTION,281,273,8,270,273,277,480,460,442,18,1.25,10556.01,8066.75,1246.52,2615,77269.42,278,277,272,277
2026-05-04,LINE-B01,morning,MIC-1180,MAT-MIC-1180,SUP-003,testing,normal,SYNTHETIC_GOERTEK_PRODUCTION,393,381,12,373,381,395,480,460,444,16,1.05,8379.72,6512.48,839.7,4585,78371.97,405,399,386,399
2026-05-04,LINE-B01,afternoon,MIC-1180,MAT-MIC-1180,SUP-003,testing,normal,SYNTHETIC_GOERTEK_PRODUCTION,397,387,10,377,387,389,480,464,431,33,1.05,8382.52,6531.27,836.68,0,0,362,380,370,380
2026-05-04,LINE-B01,night,MIC-1180,MAT-MIC-1180,SUP-003,testing,normal,SYNTHETIC_GOERTEK_PRODUCTION,372,362,10,353,362,379,480,460,434,26,1.05,8049.82,6303.04,819.9,2591,45113.75,364,377,365,377
2026-05-04,LINE-B02,morning,MIC-1180,MAT-MIC-1180,SUP-004,testing,normal,SYNTHETIC_GOERTEK_PRODUCTION,340,332,8,326,332,319,480,469,451,18,1.1,7281.06,5628.62,798.01,4102,69543.97,344,343,332,343
2026-05-04,LINE-B02,afternoon,MIC-1180,MAT-MIC-1180,SUP-004,testing,normal,SYNTHETIC_GOERTEK_PRODUCTION,326,318,8,310,318,315,480,458,444,14,1.1,6971.67,5514.89,684.75,2872,49807.43,332,328,319,328
2026-05-04,LINE-B02,night,MIC-1180,MAT-MIC-1180,SUP-004,testing,normal,SYNTHETIC_GOERTEK_PRODUCTION,314,304,10,298,304,292,480,457,438,19,1.1,6622.13,5195.95,659.75,4038,69017.26,301,299,285,299
2026-05-04,LINE-C01,morning,TWS-A70,MAT-TWS-A70,SUP-005,packaging,normal,SYNTHETIC_GOERTEK_PRODUCTION,246,238,8,231,238,237,480,454,427,27,1.6,22724.22,16443.42,3404.62,5112,353188.08,229,230,223,230
2026-05-04,LINE-C01,afternoon,TWS-A70,MAT-TWS-A70,SUP-005,packaging,normal,SYNTHETIC_GOERTEK_PRODUCTION,247,242,5,236,242,246,480,459,395,64,1.6,23065.47,16562.68,4069.78,3365,230303.38,243,246,240,246
2026-05-04,LINE-C01,night,TWS-A70,MAT-TWS-A70,SUP-005,packaging,normal,SYNTHETIC_GOERTEK_PRODUCTION,228,221,7,216,221,224,480,466,447,19,1.6,21403.38,15302.12,3634.96,3588,248434.42,230,225,213,225
2026-05-04,LINE-C02,morning,TWS-A70,MAT-TWS-A70,SUP-006,packaging,normal,SYNTHETIC_GOERTEK_PRODUCTION,228,223,5,218,223,221,480,462,426,36,1.55,21083.26,15872.14,2669.55,4089,291036.68,232,228,214,228
2026-05-04,LINE-C02,afternoon,TWS-A70,MAT-TWS-A70,SUP-006,packaging,normal,SYNTHETIC_GOERTEK_PRODUCTION,216,209,7,203,209,215,480,458,452,6,1.55,20147.83,15181.9,2526.77,3268,237389.71,220,212,203,212
2026-05-04,LINE-C02,night,TWS-A70,MAT-TWS-A70,SUP-006,packaging,normal,SYNTHETIC_GOERTEK_PRODUCTION,232,225,7,221,225,218,540,520,507,13,1.55,21582.01,16492.22,2851.64,5122,375436.23,221,216,207,216
2026-05-05,LINE-A01,morning,SPK-3200,MAT-SPK-3200,SUP-001,assembly,normal,SYNTHETIC_GOERTEK_PRODUCTION,326,316,10,308,316,313,480,452,429,23,1.2,12091.32,8913.4,1765.34,4748,133926.66,311,308,294,308
2026-05-05,LINE-A01,afternoon,SPK-3200,MAT-SPK-3200,SUP-001,assembly,normal,SYNTHETIC_GOERTEK_PRODUCTION,320,309,11,303,309,320,480,454,428,26,1.2,11881.36,8741.99,1746.46,4224,119502.15,301,294,282,294
2026-05-05,LINE-A01,night,SPK-3200,MAT-SPK-3200,SUP-001,assembly,normal,SYNTHETIC_GOERTEK_PRODUCTION,302,294,8,288,294,291,480,454,429,25,1.2,11352.6,8332,1601.9,3380,95789.66,289,288,285,288
2026-05-05,LINE-A02,morning,SPK-3200,MAT-SPK-3200,SUP-002,assembly,normal,SYNTHETIC_GOERTEK_PRODUCTION,299,288,11,281,288,277,480,455,428,27,1.25,11036.87,8378.69,1403.9,3990,116079.77,276,289,280,289
2026-05-05,LINE-A02,afternoon,SPK-3200,MAT-SPK-3200,SUP-002,assembly,normal,SYNTHETIC_GOERTEK_PRODUCTION,291,282,9,276,282,274,480,454,446,8,1.25,10905.28,8351.11,1386.12,2734,80964.31,282,288,276,288
2026-05-05,LINE-A02,night,SPK-3200,MAT-SPK-3200,SUP-002,assembly,test,SYNTHETIC_GOERTEK_PRODUCTION,275,265,10,258,265,270,480,463,446,17,1.25,10217.27,7736.26,1247.96,1676,48928.2,262,259,249,259
2026-05-05,LINE-B01,morning,MIC-1180,MAT-MIC-1180,SUP-003,testing,normal,SYNTHETIC_GOERTEK_PRODUCTION,388,378,10,370,378,388,480,452,430,22,1.05,8316.59,6499.89,832.05,3946,67853.35,372,362,347,362
2026-05-05,LINE-B01,afternoon,MIC-1180,MAT-MIC-1180,SUP-003,testing,normal,SYNTHETIC_GOERTEK_PRODUCTION,393,384,9,374,384,391,480,466,447,19,1.05,8404.05,6595.86,887.6,4951,85041.93,375,382,365,382
2026-05-05,LINE-B01,night,MIC-1180,MAT-MIC-1180,SUP-003,testing,normal,SYNTHETIC_GOERTEK_PRODUCTION,364,355,9,350,355,371,480,454,442,12,1.05,7780.11,6046.52,797.86,2368,40332.84,370,348,335,348
2026-05-05,LINE-B02,morning,MIC-1180,MAT-MIC-1180,SUP-004,testing,normal,SYNTHETIC_GOERTEK_PRODUCTION,340,330,10,320,330,322,480,471,448,23,1.1,7209.62,5686.4,668.3,4581,78937.57,329,328,316,328
2026-05-05,LINE-B02,afternoon,MIC-1180,MAT-MIC-1180,SUP-004,testing,normal,SYNTHETIC_GOERTEK_PRODUCTION,329,321,8,313,321,325,480,459,444,15,1.1,7015.61,5639.82,543.57,3387,59508.01,348,326,323,326
2026-05-05,LINE-B02,night,MIC-1180,MAT-MIC-1180,SUP-004,testing,normal,SYNTHETIC_GOERTEK_PRODUCTION,322,312,10,307,312,326,480,469,438,31,1.1,6863.39,5489.41,522.2,3989,70183.51,331,317,303,317
2026-05-05,LINE-C01,morning,TWS-A70,MAT-TWS-A70,SUP-005,packaging,normal,SYNTHETIC_GOERTEK_PRODUCTION,234,227,7,220,227,229,480,456,434,22,1.6,21938.8,15897.5,3454.39,3595,251768.78,235,229,223,229
2026-05-05,LINE-C01,afternoon,TWS-A70,MAT-TWS-A70,SUP-005,packaging,normal,SYNTHETIC_GOERTEK_PRODUCTION,266,260,6,255,260,271,540,523,506,17,1.6,25233.15,17987.66,4325.93,4123,285242.78,283,266,259,266
2026-05-05,LINE-C01,night,TWS-A70,MAT-TWS-A70,SUP-005,packaging,normal,SYNTHETIC_GOERTEK_PRODUCTION,222,216,6,212,216,219,480,459,423,36,1.6,20560.69,14992.57,3313.84,4433,307694.74,214,215,209,215
2026-05-05,LINE-C02,morning,TWS-A70,MAT-TWS-A70,SUP-006,packaging,normal,SYNTHETIC_GOERTEK_PRODUCTION,236,228,8,225,228,240,480,458,444,14,1.55,22197.7,16806.69,2615.16,3247,239347.91,236,230,218,230
2026-05-05,LINE-C02,afternoon,TWS-A70,MAT-TWS-A70,SUP-006,packaging,normal,SYNTHETIC_GOERTEK_PRODUCTION,228,222,6,218,222,222,480,458,429,29,1.55,21206.79,15815.24,3146.69,3542,252331.44,219,219,211,219
2026-05-05,LINE-C02,night,TWS-A70,MAT-TWS-A70,SUP-006,packaging,normal,SYNTHETIC_GOERTEK_PRODUCTION,215,208,7,202,208,209,480,457,447,10,1.55,20168.13,15238.83,2498.38,0,0,198,200,193,200
2026-05-06,LINE-A01,morning,SPK-3200,MAT-SPK-3200,SUP-001,assembly,rework,SYNTHETIC_GOERTEK_PRODUCTION,353,342,11,335,342,332,480,462,446,16,1.2,12980.88,9626.58,1761.92,4084,114956,352,345,337,345
2026-05-06,LINE-A01,afternoon,SPK-3200,MAT-SPK-3200,SUP-001,assembly,normal,SYNTHETIC_GOERTEK_PRODUCTION,333,325,8,318,325,318,480,468,452,16,1.2,12374.96,9166.74,1740.74,3608,101764.92,335,339,335,339
2026-05-06,LINE-A01,night,SPK-3200,MAT-SPK-3200,SUP-001,assembly,normal,SYNTHETIC_GOERTEK_PRODUCTION,287,279,8,273,279,273,480,447,432,15,1.2,10820.36,8022.96,1488.75,3178,91386.98,289,289,280,289
2026-05-06,LINE-A02,morning,SPK-3200,MAT-SPK-3200,SUP-002,assembly,normal,SYNTHETIC_GOERTEK_PRODUCTION,311,302,9,295,302,304,480,460,432,28,1.25,11485.03,8717.41,1396.29,3852,111190.28,299,296,288,296
2026-05-06,LINE-A02,afternoon,SPK-3200,MAT-SPK-3200,SUP-002,assembly,normal,SYNTHETIC_GOERTEK_PRODUCTION,314,306,8,300,306,314,480,468,448,20,1.25,11800.04,9012.95,1401.68,3439,101292.6,326,311,308,311
2026-05-06,LINE-A02,night,SPK-3200,MAT-SPK-3200,SUP-002,assembly,normal,SYNTHETIC_GOERTEK_PRODUCTION,296,288,8,282,288,287,480,459,431,28,1.25,11115.29,8311.54,1495.31,3874,111801.76,289,285,279,285
2026-05-06,LINE-B01,morning,MIC-1180,MAT-MIC-1180,SUP-003,testing,normal,SYNTHETIC_GOERTEK_PRODUCTION,383,374,9,363,374,369,480,469,446,23,1.05,8232.26,6535.93,739,4862,84967.09,393,383,367,383
2026-05-06,LINE-B01,afternoon,MIC-1180,MAT-MIC-1180,SUP-003,testing,normal,SYNTHETIC_GOERTEK_PRODUCTION,444,429,15,420,429,425,540,522,506,16,1.05,9498.91,7485.43,926.37,4642,80996.19,431,438,423,438
2026-05-06,LINE-B01,night,MIC-1180,MAT-MIC-1180,SUP-003,testing,normal,SYNTHETIC_GOERTEK_PRODUCTION,378,367,11,362,367,372,480,468,453,15,1.05,8027.12,6311.55,806.99,4207,72350.66,384,376,366,376
2026-05-06,LINE-B02,morning,MIC-1180,MAT-MIC-1180,SUP-004,testing,normal,SYNTHETIC_GOERTEK_PRODUCTION,348,339,9,329,339,340,480,463,386,77,1.1,7519.19,5992.13,691.38,4696,83006.03,335,335,318,335
2026-05-06,LINE-B02,afternoon,MIC-1180,MAT-MIC-1180,SUP-004,testing,normal,SYNTHETIC_GOERTEK_PRODUCTION,343,334,9,324,334,335,480,467,437,30,1.1,7331.37,5855.4,557.24,3324,58273.5,329,330,319,330
2026-05-06,LINE-B02,night,MIC-1180,MAT-MIC-1180,SUP-004,testing,normal,SYNTHETIC_GOERTEK_PRODUCTION,315,308,7,302,308,304,480,462,428,34,1.1,6801.59,5436.98,653.52,4252,75058.57,318,313,299,313
2026-05-06,LINE-C01,morning,TWS-A70,MAT-TWS-A70,SUP-005,packaging,normal,SYNTHETIC_GOERTEK_PRODUCTION,246,238,8,234,238,231,480,457,445,12,1.6,23204.76,17082.6,3506.94,3447,247410.6,220,247,239,247
2026-05-06,LINE-C01,afternoon,TWS-A70,MAT-TWS-A70,SUP-005,packaging,normal,SYNTHETIC_GOERTEK_PRODUCTION,241,236,5,229,236,243,480,469,442,27,1.6,22926.81,16235.65,4037.12,4344,298846.03,225,234,221,234
2026-05-06,LINE-C01,night,TWS-A70,MAT-TWS-A70,SUP-005,packaging,normal,SYNTHETIC_GOERTEK_PRODUCTION,230,225,5,220,225,233,480,474,455,19,1.6,21694.25,15590.09,3655.11,3660,253598.8,223,221,215,221
2026-05-06,LINE-C02,morning,TWS-A70,MAT-TWS-A70,SUP-006,packaging,normal,SYNTHETIC_GOERTEK_PRODUCTION,222,216,6,211,216,211,480,454,434,20,1.55,20464.12,15338.72,2782.77,3676,261042.29,230,227,221,227
2026-05-06,LINE-C02,afternoon,TWS-A70,MAT-TWS-A70,SUP-006,packaging,normal,SYNTHETIC_GOERTEK_PRODUCTION,257,250,7,245,250,257,540,530,504,26,1.55,24166.75,18347.4,3201,3959,290549.43,242,243,239,243
2026-05-06,LINE-C02,night,TWS-A70,MAT-TWS-A70,SUP-006,packaging,normal,SYNTHETIC_GOERTEK_PRODUCTION,206,202,4,197,202,193,480,455,438,17,1.55,19267.95,14498.5,2761.99,3357,240947.84,188,203,197,203
2026-05-07,LINE-A01,morning,SPK-3200,MAT-SPK-3200,SUP-001,assembly,normal,SYNTHETIC_GOERTEK_PRODUCTION,338,330,8,322,330,321,480,467,439,28,1.2,12751.93,9559.64,1730.54,4724,136847.7,344,327,312,327
2026-05-07,LINE-A01,afternoon,SPK-3200,MAT-SPK-3200,SUP-001,assembly,normal,SYNTHETIC_GOERTEK_PRODUCTION,314,305,9,297,305,300,480,449,426,23,1.2,11785.46,8681.49,1643.84,3502,99680.58,302,293,277,293
2026-05-07,LINE-A01,night,SPK-3200,MAT-SPK-3200,SUP-001,assembly,normal,SYNTHETIC_GOERTEK_PRODUCTION,314,304,10,298,304,307,480,470,450,20,1.2,11602.69,8676.86,1518.4,2169,61908.25,313,298,289,298
2026-05-07,LINE-A02,morning,SPK-3200,MAT-SPK-3200,SUP-002,assembly,normal,SYNTHETIC_GOERTEK_PRODUCTION,309,304,5,295,304,291,480,460,446,14,1.25,11680.26,9005.28,1338.16,3913,115913.36,303,304,296,304
2026-05-07,LINE-A02,afternoon,SPK-3200,MAT-SPK-3200,SUP-002,assembly,normal,SYNTHETIC_GOERTEK_PRODUCTION,300,294,6,287,294,299,480,458,434,24,1.25,11404.24,8786.76,1273,3460,103408.81,310,301,292,301
2026-05-07,LINE-A02,night,SPK-3200,MAT-SPK-3200,SUP-002,assembly,normal,SYNTHETIC_GOERTEK_PRODUCTION,279,271,8,266,271,272,480,455,435,20,1.25,10464.59,7768.86,1562.29,3374,96723.74,261,276,262,276
2026-05-07,LINE-B01,morning,MIC-1180,MAT-MIC-1180,SUP-003,testing,normal,SYNTHETIC_GOERTEK_PRODUCTION,385,376,9,368,376,381,480,456,365,91,1.05,8401.54,6412.74,979.08,4599,78436.68,369,374,354,374
2026-05-07,LINE-B01,afternoon,MIC-1180,MAT-MIC-1180,SUP-003,testing,normal,SYNTHETIC_GOERTEK_PRODUCTION,382,373,9,362,373,367,480,457,431,26,1.05,8239.45,6418.02,872.76,3630,62459.55,364,362,346,362
2026-05-07,LINE-B01,night,MIC-1180,MAT-MIC-1180,SUP-003,testing,normal,SYNTHETIC_GOERTEK_PRODUCTION,372,361,11,354,361,347,480,461,441,20,1.05,7883.33,6212.49,847.7,4248,73104.31,369,356,341,356
2026-05-07,LINE-B02,morning,MIC-1180,MAT-MIC-1180,SUP-004,testing,normal,SYNTHETIC_GOERTEK_PRODUCTION,362,353,9,343,353,342,480,465,454,11,1.1,7741.9,6139.94,683.74,2527,43953.62,363,368,356,368
2026-05-07,LINE-B02,afternoon,MIC-1180,MAT-MIC-1180,SUP-004,testing,normal,SYNTHETIC_GOERTEK_PRODUCTION,336,328,8,321,328,317,480,456,444,12,1.1,7166.74,5573.64,753.82,2708,46016.52,333,318,305,318
2026-05-07,LINE-B02,night,MIC-1180,MAT-MIC-1180,SUP-004,testing,normal,SYNTHETIC_GOERTEK_PRODUCTION,317,310,7,304,310,313,480,466,446,20,1.1,6840.35,5392.42,651.88,2519,43817.76,317,313,297,313
2026-05-07,LINE-C01,morning,TWS-A70,MAT-TWS-A70,SUP-005,packaging,rework,SYNTHETIC_GOERTEK_PRODUCTION,245,238,7,232,238,233,480,466,455,11,1.6,22966.76,16537.42,3816.62,3194,221934.96,231,238,227,238
2026-05-07,LINE-C01,afternoon,TWS-A70,MAT-TWS-A70,SUP-005,packaging,normal,SYNTHETIC_GOERTEK_PRODUCTION,232,226,6,220,226,224,480,463,447,16,1.6,21656.29,15802.15,3303.5,5015,350653.9,229,226,221,226
2026-05-07,LINE-C01,night,TWS-A70,MAT-TWS-A70,SUP-005,packaging,normal,SYNTHETIC_GOERTEK_PRODUCTION,224,218,6,212,218,218,480,456,438,18,1.6,21032.81,14997.12,3601.85,3826,263206.34,224,215,208,215
2026-05-07,LINE-C02,morning,TWS-A70,MAT-TWS-A70,SUP-006,packaging,normal,SYNTHETIC_GOERTEK_PRODUCTION,241,233,8,227,233,221,480,470,442,28,1.55,22379.43,16923.79,2901.99,3359,243978.59,219,229,215,229
2026-05-07,LINE-C02,afternoon,TWS-A70,MAT-TWS-A70,SUP-006,packaging,normal,SYNTHETIC_GOERTEK_PRODUCTION,218,214,4,209,214,212,480,452,415,37,1.55,20578.74,15572.26,2504.81,3069,223323.67,211,219,211,219
2026-05-07,LINE-C02,night,TWS-A70,MAT-TWS-A70,SUP-006,packaging,normal,SYNTHETIC_GOERTEK_PRODUCTION,215,211,4,206,211,207,480,472,451,21,1.55,20420.37,15280.28,2557.93,3738,270699.94,203,212,203,212
2026-05-08,LINE-A01,morning,SPK-3200,MAT-SPK-3200,SUP-001,assembly,test,SYNTHETIC_GOERTEK_PRODUCTION,336,325,11,318,325,320,480,464,442,22,1.2,12403.11,9191.23,1771.44,3618,102319.6,323,328,314,328
2026-05-08,LINE-A01,afternoon,SPK-3200,MAT-SPK-3200,SUP-001,assembly,rework,SYNTHETIC_GOERTEK_PRODUCTION,315,305,10,297,305,307,480,453,416,37,1.2,11739.88,8788.8,1563,4661,134310.15,298,304,294,304
2026-05-08,LINE-A01,night,SPK-3200,MAT-SPK-3200,SUP-001,assembly,normal,SYNTHETIC_GOERTEK_PRODUCTION,311,303,8,296,303,310,480,460,337,123,1.2,11559.16,8427.15,1733.31,2629,73118.74,297,303,294,303
2026-05-08,LINE-A02,morning,SPK-3200,MAT-SPK-3200,SUP-002,assembly,normal,SYNTHETIC_GOERTEK_PRODUCTION,316,308,8,303,308,315,480,468,441,27,1.25,11745.69,9068.39,1438.69,2911,85708.06,310,310,295,310
2026-05-08,LINE-A02,afternoon,SPK-3200,MAT-SPK-3200,SUP-002,assembly,normal,SYNTHETIC_GOERTEK_PRODUCTION,294,286,8,279,286,280,480,461,441,20,1.25,10904.7,8332.18,1378.55,3238,94334.26,276,297,281,297
2026-05-08,LINE-A02,night,SPK-3200,MAT-SPK-3200,SUP-002,assembly,normal,SYNTHETIC_GOERTEK_PRODUCTION,277,272,5,267,272,270,480,462,440,22,1.25,10507.3,8080.39,1173.6,5033,149516.92,286,282,279,282
2026-05-08,LINE-B01,morning,MIC-1180,MAT-MIC-1180,SUP-003,testing,normal,SYNTHETIC_GOERTEK_PRODUCTION,412,400,12,392,400,396,480,470,434,36,1.05,8696.6,6900.16,836.41,5127,88442.8,407,405,396,405
2026-05-08,LINE-B01,afternoon,MIC-1180,MAT-MIC-1180,SUP-003,testing,rework,SYNTHETIC_GOERTEK_PRODUCTION,395,386,9,377,386,381,480,461,437,24,1.05,8404.51,6655.51,782.44,3250,56037.33,395,390,376,390
2026-05-08,LINE-B01,night,MIC-1180,MAT-MIC-1180,SUP-003,testing,normal,SYNTHETIC_GOERTEK_PRODUCTION,364,356,8,347,356,359,480,458,438,20,1.05,7870.61,6192.57,848.33,3343,58151.02,365,359,345,359
2026-05-08,LINE-B02,morning,MIC-1180,MAT-MIC-1180,SUP-004,testing,normal,SYNTHETIC_GOERTEK_PRODUCTION,327,321,6,314,321,311,480,459,388,71,1.1,7136.09,5653.97,660.29,4692,82643.08,307,323,310,323
2026-05-08,LINE-B02,afternoon,MIC-1180,MAT-MIC-1180,SUP-004,testing,normal,SYNTHETIC_GOERTEK_PRODUCTION,321,310,11,303,310,304,480,453,437,16,1.1,6879.42,5365.29,751.09,0,0,310,315,305,315
2026-05-08,LINE-B02,night,MIC-1180,MAT-MIC-1180,SUP-004,testing,rework,SYNTHETIC_GOERTEK_PRODUCTION,315,307,8,299,307,317,480,464,449,15,1.1,6697.26,5161.59,739.37,3119,52439.74,310,309,295,309
2026-05-08,LINE-C01,morning,TWS-A70,MAT-TWS-A70,SUP-005,packaging,normal,SYNTHETIC_GOERTEK_PRODUCTION,245,239,6,234,239,243,480,456,436,20,1.6,22801.93,16294.9,3983.08,4462,304216.92,234,250,239,250
2026-05-08,LINE-C01,afternoon,TWS-A70,MAT-TWS-A70,SUP-005,packaging,normal,SYNTHETIC_GOERTEK_PRODUCTION,248,242,6,237,242,239,480,466,458,8,1.6,23325.17,17275.61,3620.65,4738,338230.74,248,246,240,246
2026-05-08,LINE-C01,night,TWS-A70,MAT-TWS-A70,SUP-005,packaging,normal,SYNTHETIC_GOERTEK_PRODUCTION,230,223,7,218,223,225,480,461,439,22,1.6,21368.19,15616.91,3260.7,4023,281734.66,228,222,213,222
2026-05-08,LINE-C02,morning,TWS-A70,MAT-TWS-A70,SUP-006,packaging,test,SYNTHETIC_GOERTEK_PRODUCTION,232,226,6,221,226,236,480,462,437,25,1.55,21840.55,16539.83,2969.03,3162,231411.25,216,227,221,227
2026-05-08,LINE-C02,afternoon,TWS-A70,MAT-TWS-A70,SUP-006,packaging,normal,SYNTHETIC_GOERTEK_PRODUCTION,235,228,7,225,228,229,480,467,446,21,1.55,21627.92,16372.17,2834.8,3770,270715.27,223,222,211,222
2026-05-08,LINE-C02,night,TWS-A70,MAT-TWS-A70,SUP-006,packaging,normal,SYNTHETIC_GOERTEK_PRODUCTION,208,203,5,199,203,209,480,457,427,30,1.55,19738.37,14903.86,2475.37,4131,303289.88,196,204,195,204
2026-05-09,LINE-A01,morning,SPK-3200,MAT-SPK-3200,SUP-001,assembly,normal,SYNTHETIC_GOERTEK_PRODUCTION,316,305,11,298,305,313,480,457,434,23,1.2,11719.22,8856.21,1475.31,3319,96372.99,288,286,280,286
2026-05-09,LINE-A01,afternoon,SPK-3200,MAT-SPK-3200,SUP-001,assembly,normal,SYNTHETIC_GOERTEK_PRODUCTION,306,297,9,290,297,302,480,464,454,10,1.2,11458.7,8545.07,1546.29,2542,73136.59,305,301,293,301
2026-05-09,LINE-A01,night,SPK-3200,MAT-SPK-3200,SUP-001,assembly,normal,SYNTHETIC_GOERTEK_PRODUCTION,305,296,9,291,296,307,480,465,451,14,1.2,11320.86,8411.58,1567.96,0,0,311,299,286,299
2026-05-09,LINE-A02,morning,SPK-3200,MAT-SPK-3200,SUP-002,assembly,normal,SYNTHETIC_GOERTEK_PRODUCTION,297,288,9,280,288,294,480,462,442,20,1.25,11020.18,8528.48,1173.72,4003,118539.95,283,299,289,299
2026-05-09,LINE-A02,afternoon,SPK-3200,MAT-SPK-3200,SUP-002,assembly,normal,SYNTHETIC_GOERTEK_PRODUCTION,304,295,9,290,295,284,480,474,452,22,1.25,11395.26,8724.77,1411.2,4692,138768.21,293,286,269,286
2026-05-09,LINE-A02,night,SPK-3200,MAT-SPK-3200,SUP-002,assembly,normal,SYNTHETIC_GOERTEK_PRODUCTION,297,291,6,287,291,298,540,520,502,18,1.25,11183.05,8378.79,1512.2,3836,110450.3,292,300,289,300
2026-05-09,LINE-B01,morning,MIC-1180,MAT-MIC-1180,SUP-003,testing,normal,SYNTHETIC_GOERTEK_PRODUCTION,379,368,11,357,368,370,480,457,431,26,1.05,8064.26,6323.96,779.96,3295,56623.5,384,387,375,387
2026-05-09,LINE-B01,afternoon,MIC-1180,MAT-MIC-1180,SUP-003,testing,normal,SYNTHETIC_GOERTEK_PRODUCTION,367,356,11,346,356,372,480,456,431,25,1.05,7736.35,6074.28,733.97,4125,70383.16,343,339,322,339
2026-05-09,LINE-B01,night,MIC-1180,MAT-MIC-1180,SUP-003,testing,normal,SYNTHETIC_GOERTEK_PRODUCTION,347,335,12,328,335,332,480,455,430,25,1.05,7427.75,5831.44,791.3,3550,61795.86,344,349,334,349
2026-05-09,LINE-B02,morning,MIC-1180,MAT-MIC-1180,SUP-004,testing,normal,SYNTHETIC_GOERTEK_PRODUCTION,335,325,10,321,325,323,480,461,430,31,1.1,7191.7,5692.26,643.77,0,0,323,325,315,325
2026-05-09,LINE-B02,afternoon,MIC-1180,MAT-MIC-1180,SUP-004,testing,normal,SYNTHETIC_GOERTEK_PRODUCTION,319,311,8,305,311,327,480,461,376,85,1.1,6870.91,5531.58,518.78,4032,71714.89,319,308,296,308
2026-05-09,LINE-B02,night,MIC-1180,MAT-MIC-1180,SUP-004,testing,normal,SYNTHETIC_GOERTEK_PRODUCTION,287,280,7,274,280,276,480,457,426,31,1.1,6176.45,4784.03,653.32,3841,65626.64,267,282,275,282
2026-05-09,LINE-C01,morning,TWS-A70,MAT-TWS-A70,SUP-005,packaging,normal,SYNTHETIC_GOERTEK_PRODUCTION,236,229,7,224,229,235,480,462,439,23,1.6,21691.19,15363.82,3827.5,3758,252127.67,225,230,222,230
2026-05-09,LINE-C01,afternoon,TWS-A70,MAT-TWS-A70,SUP-005,packaging,normal,SYNTHETIC_GOERTEK_PRODUCTION,258,250,8,245,250,258,540,521,495,26,1.6,23899.06,17286.83,3977.7,3643,251903.69,249,246,234,246
2026-05-09,LINE-C01,night,TWS-A70,MAT-TWS-A70,SUP-005,packaging,normal,SYNTHETIC_GOERTEK_PRODUCTION,223,217,6,212,217,218,480,474,446,28,1.6,20858.29,14974.07,3281.63,0,0,209,220,211,220
2026-05-09,LINE-C02,morning,TWS-A70,MAT-TWS-A70,SUP-006,packaging,normal,SYNTHETIC_GOERTEK_PRODUCTION,228,223,5,219,223,223,480,458,434,24,1.55,21537.74,16483.74,2620.9,2839,209853.53,223,217,211,217
2026-05-09,LINE-C02,afternoon,TWS-A70,MAT-TWS-A70,SUP-006,packaging,normal,SYNTHETIC_GOERTEK_PRODUCTION,241,235,6,229,235,239,540,519,507,12,1.55,22707.37,17078.71,2986.73,3858,280381.55,235,227,215,227
2026-05-09,LINE-C02,night,TWS-A70,MAT-TWS-A70,SUP-006,packaging,normal,SYNTHETIC_GOERTEK_PRODUCTION,213,208,5,204,208,213,480,468,450,18,1.55,20009.47,15080.86,2748.61,4737,343452.09,203,206,200,206
2026-05-10,LINE-A01,morning,SPK-3200,MAT-SPK-3200,SUP-001,assembly,normal,SYNTHETIC_GOERTEK_PRODUCTION,320,313,7,305,313,326,480,454,424,30,1.2,12067.25,8773.24,1821.97,3711,104017.55,316,313,305,313
2026-05-10,LINE-A01,afternoon,SPK-3200,MAT-SPK-3200,SUP-001,assembly,normal,SYNTHETIC_GOERTEK_PRODUCTION,324,316,8,311,316,312,480,464,438,26,1.2,12115.43,9030.18,1694.74,3029,86558.28,323,331,321,331
2026-05-10,LINE-A01,night,SPK-3200,MAT-SPK-3200,SUP-001,assembly,normal,SYNTHETIC_GOERTEK_PRODUCTION,296,289,7,282,289,279,480,463,439,24,1.2,10982.29,8129.03,1647.76,3799,106858.77,300,292,282,292
2026-05-10,LINE-A02,morning,SPK-3200,MAT-SPK-3200,SUP-002,assembly,normal,SYNTHETIC_GOERTEK_PRODUCTION,300,292,8,286,292,290,480,455,428,27,1.25,11402.94,8530.49,1513.84,3627,105959.2,296,286,276,286
2026-05-10,LINE-A02,afternoon,SPK-3200,MAT-SPK-3200,SUP-002,assembly,normal,SYNTHETIC_GOERTEK_PRODUCTION,294,286,8,280,286,285,480,460,443,17,1.25,10997.68,8260.52,1405.24,2887,83385.04,289,298,290,298
2026-05-10,LINE-A02,night,SPK-3200,MAT-SPK-3200,SUP-002,assembly,normal,SYNTHETIC_GOERTEK_PRODUCTION,280,272,8,264,272,280,480,477,459,18,1.25,10606.06,8135.44,1377.21,3428,102530.47,266,273,267,273
2026-05-10,LINE-B01,morning,MIC-1180,MAT-MIC-1180,SUP-003,testing,normal,SYNTHETIC_GOERTEK_PRODUCTION,390,379,11,370,379,383,480,461,432,29,1.05,8399.43,6463.13,943.16,4195,71537.81,407,399,380,399
2026-05-10,LINE-B01,afternoon,MIC-1180,MAT-MIC-1180,SUP-003,testing,normal,SYNTHETIC_GOERTEK_PRODUCTION,375,365,10,358,365,354,480,465,447,18,1.05,7965.34,6223.6,875.84,2502,42661.5,346,362,343,362
2026-05-10,LINE-B01,night,MIC-1180,MAT-MIC-1180,SUP-003,testing,normal,SYNTHETIC_GOERTEK_PRODUCTION,361,352,9,346,352,372,480,467,450,17,1.05,7748.44,5949.73,947.11,3957,66883.75,341,361,353,361
2026-05-10,LINE-B02,morning,MIC-1180,MAT-MIC-1180,SUP-004,testing,normal,SYNTHETIC_GOERTEK_PRODUCTION,326,318,8,311,318,324,480,465,440,25,1.1,6927.72,5422.32,695.82,3469,59151.03,295,320,314,320
2026-05-10,LINE-B02,afternoon,MIC-1180,MAT-MIC-1180,SUP-004,testing,normal,SYNTHETIC_GOERTEK_PRODUCTION,327,319,8,312,319,310,480,464,443,21,1.1,7089.35,5645.66,603.54,2845,50350.79,312,314,309,314
2026-05-10,LINE-B02,night,MIC-1180,MAT-MIC-1180,SUP-004,testing,normal,SYNTHETIC_GOERTEK_PRODUCTION,285,277,8,271,277,269,480,458,443,15,1.1,6137.26,4967.3,478.67,3134,56200.43,272,280,269,280
2026-05-10,LINE-C01,morning,TWS-A70,MAT-TWS-A70,SUP-005,packaging,normal,SYNTHETIC_GOERTEK_PRODUCTION,234,230,4,225,230,222,480,463,436,27,1.6,22379.28,16615.6,3301.98,0,0,251,241,228,241
2026-05-10,LINE-C01,afternoon,TWS-A70,MAT-TWS-A70,SUP-005,packaging,rework,SYNTHETIC_GOERTEK_PRODUCTION,232,227,5,223,227,223,480,458,434,24,1.6,21736.06,15435.03,3897.27,3661,248932.36,225,225,216,225
2026-05-10,LINE-C01,night,TWS-A70,MAT-TWS-A70,SUP-005,packaging,normal,SYNTHETIC_GOERTEK_PRODUCTION,207,201,6,197,201,192,480,447,433,14,1.6,19383.28,14131.56,2983.49,3682,258867.68,213,204,196,204
2026-05-10,LINE-C02,morning,TWS-A70,MAT-TWS-A70,SUP-006,packaging,normal,SYNTHETIC_GOERTEK_PRODUCTION,228,223,5,217,223,221,480,451,424,27,1.55,21301.86,15903,2786.61,3280,233909.6,227,220,213,220
2026-05-10,LINE-C02,afternoon,TWS-A70,MAT-TWS-A70,SUP-006,packaging,normal,SYNTHETIC_GOERTEK_PRODUCTION,220,213,7,208,213,225,480,459,435,24,1.55,20637.62,15519.23,2835.88,4043,294573.93,214,211,207,211
2026-05-10,LINE-C02,night,TWS-A70,MAT-TWS-A70,SUP-006,packaging,normal,SYNTHETIC_GOERTEK_PRODUCTION,217,210,7,205,210,202,480,469,444,25,1.55,20116.82,15241.36,2555.25,2106,152849.07,206,205,200,205
2026-05-11,LINE-A01,morning,SPK-3200,MAT-SPK-3200,SUP-001,assembly,normal,SYNTHETIC_GOERTEK_PRODUCTION,378,365,13,360,365,372,540,511,486,25,1.2,14118.56,10422.49,1990.43,3805,108650.89,390,375,365,375
2026-05-11,LINE-A01,afternoon,SPK-3200,MAT-SPK-3200,SUP-001,assembly,normal,SYNTHETIC_GOERTEK_PRODUCTION,326,319,7,313,319,304,480,454,431,23,1.2,12309.42,9264.01,1673.65,2926,84973.33,295,320,304,320
2026-05-11,LINE-A01,night,SPK-3200,MAT-SPK-3200,SUP-001,assembly,normal,SYNTHETIC_GOERTEK_PRODUCTION,313,305,8,298,305,313,480,464,453,11,1.2,11875.72,8868.22,1495.79,4481,130290.14,322,315,307,315
2026-05-11,LINE-A02,morning,SPK-3200,MAT-SPK-3200,SUP-002,assembly,normal,SYNTHETIC_GOERTEK_PRODUCTION,314,305,9,297,305,296,480,456,437,19,1.25,11684.77,8847.18,1447.44,4412,127979.53,281,301,290,301
2026-05-11,LINE-A02,afternoon,SPK-3200,MAT-SPK-3200,SUP-002,assembly,normal,SYNTHETIC_GOERTEK_PRODUCTION,308,298,10,290,298,287,480,457,430,27,1.25,11480.25,8870.33,1292.81,0,0,288,286,279,286
2026-05-11,LINE-A02,night,SPK-3200,MAT-SPK-3200,SUP-002,assembly,normal,SYNTHETIC_GOERTEK_PRODUCTION,290,282,8,276,282,279,480,466,451,15,1.25,10905,8124.86,1461.02,2534,73008.49,268,271,266,271
2026-05-11,LINE-B01,morning,MIC-1180,MAT-MIC-1180,SUP-003,testing,normal,SYNTHETIC_GOERTEK_PRODUCTION,406,395,11,388,395,404,480,462,437,25,1.05,8677.61,6786.46,899.07,4267,73310.95,403,411,390,411
2026-05-11,LINE-B01,afternoon,MIC-1180,MAT-MIC-1180,SUP-003,testing,normal,SYNTHETIC_GOERTEK_PRODUCTION,379,370,9,361,370,363,480,461,438,23,1.05,8180.44,6237.11,913.38,4039,68085.64,383,382,369,382
2026-05-11,LINE-B01,night,MIC-1180,MAT-MIC-1180,SUP-003,testing,normal,SYNTHETIC_GOERTEK_PRODUCTION,364,354,10,344,354,342,480,462,453,9,1.05,7834.21,6194.88,765.66,2316,40529.21,369,348,334,348
2026-05-11,LINE-B02,morning,MIC-1180,MAT-MIC-1180,SUP-004,testing,normal,SYNTHETIC_GOERTEK_PRODUCTION,388,377,11,369,377,377,540,518,499,19,1.1,8245.81,6523.38,716.09,2857,49435.8,355,366,360,366
2026-05-11,LINE-B02,afternoon,MIC-1180,MAT-MIC-1180,SUP-004,testing,normal,SYNTHETIC_GOERTEK_PRODUCTION,332,324,8,316,324,316,480,466,438,28,1.1,7087.42,5654.84,622.45,3924,68486.4,333,333,327,333
2026-05-11,LINE-B02,night,MIC-1180,MAT-MIC-1180,SUP-004,testing,normal,SYNTHETIC_GOERTEK_PRODUCTION,325,314,11,309,314,308,480,460,423,37,1.1,6853.34,5475.38,572.32,4982,86873.7,313,316,303,316
2026-05-11,LINE-C01,morning,TWS-A70,MAT-TWS-A70,SUP-005,packaging,normal,SYNTHETIC_GOERTEK_PRODUCTION,245,237,8,233,237,234,480,464,451,13,1.6,22586.82,16318.02,3550.81,4984,343160.39,233,238,233,238
2026-05-11,LINE-C01,afternoon,TWS-A70,MAT-TWS-A70,SUP-005,packaging,normal,SYNTHETIC_GOERTEK_PRODUCTION,269,261,8,256,261,265,540,532,513,19,1.6,25025.97,17957.76,3922.19,3074,211502.51,270,265,255,265
2026-05-11,LINE-C01,night,TWS-A70,MAT-TWS-A70,SUP-005,packaging,normal,SYNTHETIC_GOERTEK_PRODUCTION,222,216,6,209,216,222,480,463,393,70,1.6,20698.2,14664.19,3749.41,5123,347799.28,217,213,204,213
2026-05-11,LINE-C02,morning,TWS-A70,MAT-TWS-A70,SUP-006,packaging,normal,SYNTHETIC_GOERTEK_PRODUCTION,276,269,7,264,269,272,540,530,509,21,1.55,25841.29,19541.87,3244.41,2829,205516.54,264,266,257,266
2026-05-11,LINE-C02,afternoon,TWS-A70,MAT-TWS-A70,SUP-006,packaging,normal,SYNTHETIC_GOERTEK_PRODUCTION,227,222,5,219,222,232,480,460,437,23,1.55,21103,16097.6,2629.31,3797,275326.97,240,230,228,230
2026-05-11,LINE-C02,night,TWS-A70,MAT-TWS-A70,SUP-006,packaging,normal,SYNTHETIC_GOERTEK_PRODUCTION,216,208,8,203,208,206,480,461,442,19,1.55,19856.53,14792.96,2926.32,2266,161157.92,213,212,205,212
2026-05-12,LINE-A01,morning,SPK-3200,MAT-SPK-3200,SUP-001,assembly,normal,SYNTHETIC_GOERTEK_PRODUCTION,334,325,9,320,325,342,480,464,434,30,1.2,12490.69,9338.57,1799.46,4441,127607.97,303,303,298,303
2026-05-12,LINE-A01,afternoon,SPK-3200,MAT-SPK-3200,SUP-001,assembly,normal,SYNTHETIC_GOERTEK_PRODUCTION,321,313,8,304,313,300,480,461,449,12,1.2,11984.47,8712.48,1975.96,4977,138536.78,320,307,289,307
2026-05-12,LINE-A01,night,SPK-3200,MAT-SPK-3200,SUP-001,assembly,normal,SYNTHETIC_GOERTEK_PRODUCTION,293,286,7,280,286,297,480,462,350,112,1.2,10845.77,8095.58,1522.86,2480,70199.43,265,268,256,268
2026-05-12,LINE-A02,morning,SPK-3200,MAT-SPK-3200,SUP-002,assembly,normal,SYNTHETIC_GOERTEK_PRODUCTION,307,297,10,290,297,290,480,462,439,23,1.25,11396.03,8615.49,1480.03,3633,105387.46,282,294,286,294
2026-05-12,LINE-A02,afternoon,SPK-3200,MAT-SPK-3200,SUP-002,assembly,normal,SYNTHETIC_GOERTEK_PRODUCTION,324,315,9,307,315,312,540,514,484,30,1.25,12186.56,9210.18,1545.5,4435,129673.49,304,319,306,319
2026-05-12,LINE-A02,night,SPK-3200,MAT-SPK-3200,SUP-002,assembly,normal,SYNTHETIC_GOERTEK_PRODUCTION,277,267,10,262,267,267,480,463,449,14,1.25,10326.3,7670.69,1593.67,3152,90554.36,270,269,254,269
2026-05-12,LINE-B01,morning,MIC-1180,MAT-MIC-1180,SUP-003,testing,normal,SYNTHETIC_GOERTEK_PRODUCTION,388,379,9,372,379,394,480,459,421,38,1.05,8391.96,6480.22,890.16,3952,67572.11,387,386,376,386
2026-05-12,LINE-B01,afternoon,MIC-1180,MAT-MIC-1180,SUP-003,testing,normal,SYNTHETIC_GOERTEK_PRODUCTION,381,373,8,367,373,384,480,469,454,15,1.05,8299.98,6302.03,1070.94,4524,76435.35,389,369,357,369
2026-05-12,LINE-B01,night,MIC-1180,MAT-MIC-1180,SUP-003,testing,normal,SYNTHETIC_GOERTEK_PRODUCTION,366,353,13,345,353,338,480,459,432,27,1.05,7763.91,6087.3,745.04,3308,57044.73,360,352,337,352
2026-05-12,LINE-B02,morning,MIC-1180,MAT-MIC-1180,SUP-004,testing,normal,SYNTHETIC_GOERTEK_PRODUCTION,345,335,10,328,335,331,480,462,433,29,1.1,7382.07,5824.58,682.72,2878,50039.23,332,330,315,330
2026-05-12,LINE-B02,afternoon,MIC-1180,MAT-MIC-1180,SUP-004,testing,normal,SYNTHETIC_GOERTEK_PRODUCTION,341,330,11,322,330,336,480,459,445,14,1.1,7277.28,5744.73,733.33,3253,56629.11,306,313,306,313
2026-05-12,LINE-B02,night,MIC-1180,MAT-MIC-1180,SUP-004,testing,normal,SYNTHETIC_GOERTEK_PRODUCTION,317,307,10,302,307,309,480,460,439,21,1.1,6782.31,5358.06,667.6,3052,53266.45,316,307,301,307
2026-05-12,LINE-C01,morning,TWS-A70,MAT-TWS-A70,SUP-005,packaging,normal,SYNTHETIC_GOERTEK_PRODUCTION,245,238,7,233,238,236,480,463,445,18,1.6,22969.6,16287.48,3852.77,4218,288657.94,256,246,237,246
2026-05-12,LINE-C01,afternoon,TWS-A70,MAT-TWS-A70,SUP-005,packaging,normal,SYNTHETIC_GOERTEK_PRODUCTION,236,231,5,225,231,229,480,450,423,27,1.6,22286.56,15821.24,4010.93,3850,263687.33,241,233,224,233
2026-05-12,LINE-C01,night,TWS-A70,MAT-TWS-A70,SUP-005,packaging,rework,SYNTHETIC_GOERTEK_PRODUCTION,242,235,7,229,235,226,540,514,495,19,1.6,22331.77,16218.46,3490.36,3672,253422.06,241,239,231,239
2026-05-12,LINE-C02,morning,TWS-A70,MAT-TWS-A70,SUP-006,packaging,normal,SYNTHETIC_GOERTEK_PRODUCTION,240,233,7,228,233,236,480,457,430,27,1.55,22398.92,16700.95,3142.21,2605,186720.92,219,225,214,225
2026-05-12,LINE-C02,afternoon,TWS-A70,MAT-TWS-A70,SUP-006,packaging,normal,SYNTHETIC_GOERTEK_PRODUCTION,235,229,6,225,229,229,480,467,447,20,1.55,22101.06,16629.47,2985.28,3396,246609.96,241,229,221,229
2026-05-12,LINE-C02,night,TWS-A70,MAT-TWS-A70,SUP-006,packaging,normal,SYNTHETIC_GOERTEK_PRODUCTION,219,214,5,208,214,220,480,461,434,27,1.55,20528.52,15467.49,2624.55,2681,193777.29,211,213,205,213
2026-05-13,LINE-A01,morning,SPK-3200,MAT-SPK-3200,SUP-001,assembly,normal,SYNTHETIC_GOERTEK_PRODUCTION,388,378,10,368,378,384,540,523,507,16,1.2,14497.43,10967.38,1873.81,4099,118929.34,372,367,347,367
2026-05-13,LINE-A01,afternoon,SPK-3200,MAT-SPK-3200,SUP-001,assembly,normal,SYNTHETIC_GOERTEK_PRODUCTION,321,311,10,305,311,300,480,463,437,26,1.2,11907.14,8709.55,1798.94,4915,137644.5,304,317,307,317
2026-05-13,LINE-A01,night,SPK-3200,MAT-SPK-3200,SUP-001,assembly,normal,SYNTHETIC_GOERTEK_PRODUCTION,315,306,9,300,306,308,480,467,445,22,1.2,11755.14,8725.19,1560.83,2756,78583.74,315,303,294,303
2026-05-13,LINE-A02,morning,SPK-3200,MAT-SPK-3200,SUP-002,assembly,normal,SYNTHETIC_GOERTEK_PRODUCTION,341,332,9,326,332,330,540,523,509,14,1.25,12717.45,9606.25,1637.67,3636,105205.8,330,322,305,322
2026-05-13,LINE-A02,afternoon,SPK-3200,MAT-SPK-3200,SUP-002,assembly,normal,SYNTHETIC_GOERTEK_PRODUCTION,302,294,8,284,294,297,480,460,389,71,1.25,11316.3,8752.11,1333.04,3292,97999.82,298,290,277,290
2026-05-13,LINE-A02,night,SPK-3200,MAT-SPK-3200,SUP-002,assembly,normal,SYNTHETIC_GOERTEK_PRODUCTION,282,276,6,273,276,280,480,460,440,20,1.25,10622.72,8081.74,1293.39,4759,139351.45,264,269,260,269
2026-05-13,LINE-B01,morning,MIC-1180,MAT-MIC-1180,SUP-003,testing,normal,SYNTHETIC_GOERTEK_PRODUCTION,378,367,11,357,367,372,480,447,428,19,1.05,8060.81,6401.96,725.17,3084,53797.4,403,371,358,371
2026-05-13,LINE-B01,afternoon,MIC-1180,MAT-MIC-1180,SUP-003,testing,normal,SYNTHETIC_GOERTEK_PRODUCTION,403,390,13,382,390,390,480,464,444,20,1.05,8541.57,6709.78,902.45,3093,53213.72,373,381,369,381
2026-05-13,LINE-B01,night,MIC-1180,MAT-MIC-1180,SUP-003,testing,normal,SYNTHETIC_GOERTEK_PRODUCTION,369,356,13,349,356,358,480,460,439,21,1.05,7788.21,6039.72,833.37,3698,62738.44,351,345,341,345
2026-05-13,LINE-B02,morning,MIC-1180,MAT-MIC-1180,SUP-004,testing,normal,SYNTHETIC_GOERTEK_PRODUCTION,348,338,10,328,338,331,480,463,449,14,1.1,7474.09,5904.44,841.67,4498,78574.47,353,347,332,347
2026-05-13,LINE-B02,afternoon,MIC-1180,MAT-MIC-1180,SUP-004,testing,normal,SYNTHETIC_GOERTEK_PRODUCTION,342,333,9,324,333,342,480,470,448,22,1.1,7303.96,5775.2,668.53,3964,68747.43,308,324,313,324
2026-05-13,LINE-B02,night,MIC-1180,MAT-MIC-1180,SUP-004,testing,normal,SYNTHETIC_GOERTEK_PRODUCTION,317,308,9,300,308,309,480,471,458,13,1.1,6697.14,5223.38,706.24,5185,87932.55,292,296,285,296
2026-05-13,LINE-C01,morning,TWS-A70,MAT-TWS-A70,SUP-005,packaging,normal,SYNTHETIC_GOERTEK_PRODUCTION,284,275,9,269,275,275,540,530,506,24,1.6,26640.55,19126.88,4671.18,3792,263742.29,251,257,249,257
2026-05-13,LINE-C01,afternoon,TWS-A70,MAT-TWS-A70,SUP-005,packaging,normal,SYNTHETIC_GOERTEK_PRODUCTION,232,226,6,220,226,228,480,451,430,21,1.6,21820.56,15881.78,3671.6,4200,295148.12,235,223,212,223
2026-05-13,LINE-C01,night,TWS-A70,MAT-TWS-A70,SUP-005,packaging,normal,SYNTHETIC_GOERTEK_PRODUCTION,228,223,5,219,223,234,480,451,429,22,1.6,21283.14,15179.57,3522.38,3155,214760.28,227,225,214,225
2026-05-13,LINE-C02,morning,TWS-A70,MAT-TWS-A70,SUP-006,packaging,normal,SYNTHETIC_GOERTEK_PRODUCTION,235,229,6,225,229,231,480,463,443,20,1.55,21954.11,16833.76,2623.49,3129,230012.38,223,224,218,224
2026-05-13,LINE-C02,afternoon,TWS-A70,MAT-TWS-A70,SUP-006,packaging,test,SYNTHETIC_GOERTEK_PRODUCTION,224,219,5,215,219,223,480,455,439,16,1.55,20850.99,15937.79,2643.02,2811,204571.36,219,216,209,216
2026-05-13,LINE-C02,night,TWS-A70,MAT-TWS-A70,SUP-006,packaging,normal,SYNTHETIC_GOERTEK_PRODUCTION,217,210,7,205,210,220,480,455,433,22,1.55,20274.38,15259.7,2714.6,0,0,224,210,202,210
2026-05-14,LINE-A01,morning,SPK-3200,MAT-SPK-3200,SUP-001,assembly,normal,SYNTHETIC_GOERTEK_PRODUCTION,344,333,11,325,333,339,480,465,448,17,1.2,12760.36,9581.13,1722.41,4450,128036.12,326,341,325,341
2026-05-14,LINE-A01,afternoon,SPK-3200,MAT-SPK-3200,SUP-001,assembly,normal,SYNTHETIC_GOERTEK_PRODUCTION,314,305,9,299,305,290,480,463,449,14,1.2,11699.84,8765.91,1665.82,3001,86250.81,286,302,293,302
2026-05-14,LINE-A01,night,SPK-3200,MAT-SPK-3200,SUP-001,assembly,normal,SYNTHETIC_GOERTEK_PRODUCTION,320,308,12,302,308,287,480,464,432,32,1.2,11826.61,8710.62,1700.65,3912,110636.19,310,298,287,298
2026-05-14,LINE-A02,morning,SPK-3200,MAT-SPK-3200,SUP-002,assembly,normal,SYNTHETIC_GOERTEK_PRODUCTION,305,297,8,290,297,305,480,464,365,99,1.25,11302.32,8732.06,1227.67,3998,117544.7,283,294,284,294
2026-05-14,LINE-A02,afternoon,SPK-3200,MAT-SPK-3200,SUP-002,assembly,normal,SYNTHETIC_GOERTEK_PRODUCTION,313,306,7,298,306,311,480,460,450,10,1.25,11870.88,9002.71,1460.63,2629,77346.81,328,319,314,319
2026-05-14,LINE-A02,night,SPK-3200,MAT-SPK-3200,SUP-002,assembly,normal,SYNTHETIC_GOERTEK_PRODUCTION,290,282,8,276,282,279,480,473,455,18,1.25,10846.87,8252.04,1332.22,4337,126911.69,282,288,275,288
2026-05-14,LINE-B01,morning,MIC-1180,MAT-MIC-1180,SUP-003,testing,normal,SYNTHETIC_GOERTEK_PRODUCTION,438,428,10,418,428,450,540,519,416,103,1.05,9573.51,7353.53,1037.3,0,0,402,421,407,421
2026-05-14,LINE-B01,afternoon,MIC-1180,MAT-MIC-1180,SUP-003,testing,normal,SYNTHETIC_GOERTEK_PRODUCTION,380,370,10,363,370,367,480,459,450,9,1.05,8219.26,6389.2,853.63,3048,52633.19,388,377,373,377
2026-05-14,LINE-B01,night,MIC-1180,MAT-MIC-1180,SUP-003,testing,normal,SYNTHETIC_GOERTEK_PRODUCTION,381,369,12,361,369,358,480,463,441,22,1.05,8118.47,6382.02,799.02,3720,64339.06,372,373,361,373
2026-05-14,LINE-B02,morning,MIC-1180,MAT-MIC-1180,SUP-004,testing,normal,SYNTHETIC_GOERTEK_PRODUCTION,343,332,11,324,332,326,480,461,443,18,1.1,7368.34,5794.61,821.7,3230,56375.27,332,325,314,325
2026-05-14,LINE-B02,afternoon,MIC-1180,MAT-MIC-1180,SUP-004,testing,normal,SYNTHETIC_GOERTEK_PRODUCTION,320,309,11,301,309,306,480,457,436,21,1.1,6766.87,5384.92,580.43,3691,64322.78,310,296,280,296
2026-05-14,LINE-B02,night,MIC-1180,MAT-MIC-1180,SUP-004,testing,normal,SYNTHETIC_GOERTEK_PRODUCTION,327,318,9,313,318,325,480,472,445,27,1.1,6992.33,5513.85,695.56,3145,54531.63,317,317,307,317
2026-05-14,LINE-C01,morning,TWS-A70,MAT-TWS-A70,SUP-005,packaging,normal,SYNTHETIC_GOERTEK_PRODUCTION,253,245,8,239,245,252,480,469,451,18,1.6,23606.38,17084.07,3805.28,4717,328920.65,247,241,234,241
2026-05-14,LINE-C01,afternoon,TWS-A70,MAT-TWS-A70,SUP-005,packaging,normal,SYNTHETIC_GOERTEK_PRODUCTION,242,235,7,230,235,232,480,461,430,31,1.6,22879.96,16641.78,3768.91,3603,255150.35,243,233,225,233
2026-05-14,LINE-C01,night,TWS-A70,MAT-TWS-A70,SUP-005,packaging,normal,SYNTHETIC_GOERTEK_PRODUCTION,232,224,8,220,224,231,480,470,447,23,1.6,21537.22,15599.86,3611.82,2897,201753.55,232,238,225,238
2026-05-14,LINE-C02,morning,TWS-A70,MAT-TWS-A70,SUP-006,packaging,normal,SYNTHETIC_GOERTEK_PRODUCTION,228,223,5,218,223,232,480,455,435,20,1.55,21507.11,15903.06,3100.07,3198,228062.72,216,222,218,222
2026-05-14,LINE-C02,afternoon,TWS-A70,MAT-TWS-A70,SUP-006,packaging,normal,SYNTHETIC_GOERTEK_PRODUCTION,229,224,5,220,224,218,480,456,425,31,1.55,21611.77,16418.81,2641.7,3660,268271.63,211,220,214,220
2026-05-14,LINE-C02,night,TWS-A70,MAT-TWS-A70,SUP-006,packaging,normal,SYNTHETIC_GOERTEK_PRODUCTION,219,214,5,209,214,210,480,461,454,7,1.55,20670.77,15591.78,2772.9,3574,260397.3,207,212,206,212
2026-05-15,LINE-A01,morning,SPK-3200,MAT-SPK-3200,SUP-001,assembly,normal,SYNTHETIC_GOERTEK_PRODUCTION,327,317,10,309,317,310,480,449,419,30,1.2,12069.86,9134.38,1518.42,2967,85494.34,285,312,296,312
2026-05-15,LINE-A01,afternoon,SPK-3200,MAT-SPK-3200,SUP-001,assembly,normal,SYNTHETIC_GOERTEK_PRODUCTION,338,328,10,324,328,333,480,461,439,22,1.2,12619,9537.95,1604.23,4490,130565.23,336,329,319,329
2026-05-15,LINE-A01,night,SPK-3200,MAT-SPK-3200,SUP-001,assembly,test,SYNTHETIC_GOERTEK_PRODUCTION,324,314,10,306,314,324,480,460,442,18,1.2,12093.38,8920.27,1774.66,5233,148661.7,311,307,295,307
2026-05-15,LINE-A02,morning,SPK-3200,MAT-SPK-3200,SUP-002,assembly,normal,SYNTHETIC_GOERTEK_PRODUCTION,311,303,8,299,303,304,480,459,444,15,1.25,11599.79,8794.52,1455.72,3751,108872.09,297,298,286,298
2026-05-15,LINE-A02,afternoon,SPK-3200,MAT-SPK-3200,SUP-002,assembly,normal,SYNTHETIC_GOERTEK_PRODUCTION,304,296,8,289,296,282,480,471,449,22,1.25,11511.09,8824.84,1398.36,5147,153450.85,290,294,279,294
2026-05-15,LINE-A02,night,SPK-3200,MAT-SPK-3200,SUP-002,assembly,normal,SYNTHETIC_GOERTEK_PRODUCTION,282,276,6,272,276,263,480,461,431,30,1.25,10527.18,8052.59,1304.19,3843,112123.56,282,280,271,280
2026-05-15,LINE-B01,morning,MIC-1180,MAT-MIC-1180,SUP-003,testing,normal,SYNTHETIC_GOERTEK_PRODUCTION,394,384,10,375,384,380,480,458,443,15,1.05,8484.73,6696.74,833.96,4066,70908.71,392,382,363,382
2026-05-15,LINE-B01,afternoon,MIC-1180,MAT-MIC-1180,SUP-003,testing,normal,SYNTHETIC_GOERTEK_PRODUCTION,393,382,11,374,382,362,480,454,439,15,1.05,8357.03,6397.75,1053.65,3118,52220.38,388,394,390,394
2026-05-15,LINE-B01,night,MIC-1180,MAT-MIC-1180,SUP-003,testing,normal,SYNTHETIC_GOERTEK_PRODUCTION,366,358,8,352,358,363,480,456,436,20,1.05,7815.79,6107.76,764.39,3786,64592.12,347,368,358,368
2026-05-15,LINE-B02,morning,MIC-1180,MAT-MIC-1180,SUP-004,testing,normal,SYNTHETIC_GOERTEK_PRODUCTION,385,375,10,364,375,367,540,523,493,30,1.1,8239.06,6547.87,732.07,4628,80809.45,404,392,384,392
2026-05-15,LINE-B02,afternoon,MIC-1180,MAT-MIC-1180,SUP-004,testing,normal,SYNTHETIC_GOERTEK_PRODUCTION,331,323,8,314,323,325,480,466,436,30,1.1,7067.81,5569.7,664.53,3864,66629.48,313,328,315,328
2026-05-15,LINE-B02,night,MIC-1180,MAT-MIC-1180,SUP-004,testing,normal,SYNTHETIC_GOERTEK_PRODUCTION,346,337,9,325,337,328,540,530,497,33,1.1,7357.46,5912.86,602.7,3599,63146.54,353,345,335,345
2026-05-15,LINE-C01,morning,TWS-A70,MAT-TWS-A70,SUP-005,packaging,normal,SYNTHETIC_GOERTEK_PRODUCTION,277,269,8,264,269,273,540,518,498,20,1.6,26065.4,18942.15,4155.38,3411,240192.1,256,264,255,264
2026-05-15,LINE-C01,afternoon,TWS-A70,MAT-TWS-A70,SUP-005,packaging,normal,SYNTHETIC_GOERTEK_PRODUCTION,251,245,6,241,245,251,480,464,445,19,1.6,23640.21,16919.04,3895,4751,328091.26,267,262,256,262
2026-05-15,LINE-C01,night,TWS-A70,MAT-TWS-A70,SUP-005,packaging,normal,SYNTHETIC_GOERTEK_PRODUCTION,223,218,5,214,218,221,480,465,441,24,1.6,20664.85,15004.27,3443.99,2972,204553.63,225,218,214,218
2026-05-15,LINE-C02,morning,TWS-A70,MAT-TWS-A70,SUP-006,packaging,normal,SYNTHETIC_GOERTEK_PRODUCTION,268,261,7,257,261,245,540,534,524,10,1.55,25049.67,18763.89,3327.05,3438,247165.72,253,258,246,258
2026-05-15,LINE-C02,afternoon,TWS-A70,MAT-TWS-A70,SUP-006,packaging,normal,SYNTHETIC_GOERTEK_PRODUCTION,231,227,4,221,227,238,480,471,451,20,1.55,21641.42,16376.72,2685.47,3928,283382.19,232,226,216,226
2026-05-15,LINE-C02,night,TWS-A70,MAT-TWS-A70,SUP-006,packaging,normal,SYNTHETIC_GOERTEK_PRODUCTION,205,201,4,197,201,192,480,460,436,24,1.55,19274.13,14433.22,2572.96,2922,209820.24,208,211,209,211
2026-05-16,LINE-A01,morning,SPK-3200,MAT-SPK-3200,SUP-001,assembly,normal,SYNTHETIC_GOERTEK_PRODUCTION,331,323,8,316,323,301,480,472,455,17,1.2,12435.1,9079.89,1924.93,3931,110504.79,307,319,314,319
2026-05-16,LINE-A01,afternoon,SPK-3200,MAT-SPK-3200,SUP-001,assembly,normal,SYNTHETIC_GOERTEK_PRODUCTION,337,328,9,322,328,325,480,474,445,29,1.2,12462.73,9085.6,1876.9,5119,141796.3,336,327,314,327
2026-05-16,LINE-A01,night,SPK-3200,MAT-SPK-3200,SUP-001,assembly,normal,SYNTHETIC_GOERTEK_PRODUCTION,292,285,7,280,285,280,480,475,458,17,1.2,10958.12,7905.53,1794.9,2755,76420.12,281,296,292,296
2026-05-16,LINE-A02,morning,SPK-3200,MAT-SPK-3200,SUP-002,assembly,normal,SYNTHETIC_GOERTEK_PRODUCTION,339,331,8,327,331,339,540,520,498,22,1.25,12900.88,9738.95,1630.27,2939,86473.64,333,334,314,334
2026-05-16,LINE-A02,afternoon,SPK-3200,MAT-SPK-3200,SUP-002,assembly,normal,SYNTHETIC_GOERTEK_PRODUCTION,297,290,7,284,290,294,480,459,440,19,1.25,11178.36,8555.09,1383.35,3825,112838.69,310,298,285,298
2026-05-16,LINE-A02,night,SPK-3200,MAT-SPK-3200,SUP-002,assembly,normal,SYNTHETIC_GOERTEK_PRODUCTION,303,296,7,289,296,286,540,522,494,28,1.25,11416.1,8611.86,1551.65,3692,107415.5,289,293,285,293
2026-05-16,LINE-B01,morning,MIC-1180,MAT-MIC-1180,SUP-003,testing,normal,SYNTHETIC_GOERTEK_PRODUCTION,381,371,10,363,371,370,480,451,382,69,1.05,8111.04,6265.3,864.64,3376,57012.54,382,397,387,397
2026-05-16,LINE-B01,afternoon,MIC-1180,MAT-MIC-1180,SUP-003,testing,normal,SYNTHETIC_GOERTEK_PRODUCTION,387,375,12,364,375,354,480,466,441,25,1.05,8294.68,6409.36,985.1,3797,64896.91,372,396,381,396
2026-05-16,LINE-B01,night,MIC-1180,MAT-MIC-1180,SUP-003,testing,normal,SYNTHETIC_GOERTEK_PRODUCTION,409,397,12,391,397,402,540,515,477,38,1.05,8805.05,6982.53,856.05,2810,49422.95,390,381,362,381
2026-05-16,LINE-B02,morning,MIC-1180,MAT-MIC-1180,SUP-004,testing,normal,SYNTHETIC_GOERTEK_PRODUCTION,335,324,11,318,324,342,480,460,427,33,1.1,7030.19,5601.16,633.95,4423,76462.75,314,325,320,325
2026-05-16,LINE-B02,afternoon,MIC-1180,MAT-MIC-1180,SUP-004,testing,normal,SYNTHETIC_GOERTEK_PRODUCTION,326,314,12,308,314,313,480,472,454,18,1.1,6963.31,5497.68,704.77,2926,51229.97,301,312,294,312
2026-05-16,LINE-B02,night,MIC-1180,MAT-MIC-1180,SUP-004,testing,normal,SYNTHETIC_GOERTEK_PRODUCTION,305,296,9,288,296,294,480,463,439,24,1.1,6542.38,5107.33,765.3,2868,49485.89,288,289,277,289
2026-05-16,LINE-C01,morning,TWS-A70,MAT-TWS-A70,SUP-005,packaging,normal,SYNTHETIC_GOERTEK_PRODUCTION,263,254,9,246,254,264,540,516,487,29,1.6,24734.72,17722.23,4294.31,3536,246715.77,251,247,236,247
2026-05-16,LINE-C01,afternoon,TWS-A70,MAT-TWS-A70,SUP-005,packaging,normal,SYNTHETIC_GOERTEK_PRODUCTION,233,227,6,224,227,228,480,455,435,20,1.6,21816.85,15603.87,3559.13,3935,270489.99,216,221,213,221
2026-05-16,LINE-C01,night,TWS-A70,MAT-TWS-A70,SUP-005,packaging,normal,SYNTHETIC_GOERTEK_PRODUCTION,216,210,6,206,210,224,480,465,446,19,1.6,20247.49,14728.61,3299.08,5404,379016.23,219,219,208,219
2026-05-16,LINE-C02,morning,TWS-A70,MAT-TWS-A70,SUP-006,packaging,normal,SYNTHETIC_GOERTEK_PRODUCTION,228,222,6,218,222,225,480,460,443,17,1.55,21445.6,15813.66,3290.03,3525,251095.28,232,229,219,229
2026-05-16,LINE-C02,afternoon,TWS-A70,MAT-TWS-A70,SUP-006,packaging,normal,SYNTHETIC_GOERTEK_PRODUCTION,225,219,6,215,219,219,480,467,448,19,1.55,20931.17,15820.21,2794.06,4111,296972.07,226,222,214,222
2026-05-16,LINE-C02,night,TWS-A70,MAT-TWS-A70,SUP-006,packaging,rework,SYNTHETIC_GOERTEK_PRODUCTION,211,206,5,203,206,212,480,458,450,8,1.55,19749.52,15052.43,2473.23,3894,284534.77,202,211,204,211
2026-05-17,LINE-A01,morning,SPK-3200,MAT-SPK-3200,SUP-001,assembly,rework,SYNTHETIC_GOERTEK_PRODUCTION,337,329,8,325,329,337,480,472,446,26,1.2,12517.42,9112.95,2023.26,5080,140710.6,330,335,317,335
2026-05-17,LINE-A01,afternoon,SPK-3200,MAT-SPK-3200,SUP-001,assembly,normal,SYNTHETIC_GOERTEK_PRODUCTION,315,308,7,299,308,307,480,455,430,25,1.2,11847.16,8676.77,1881.84,5084,143223.05,334,306,293,306
2026-05-17,LINE-A01,night,SPK-3200,MAT-SPK-3200,SUP-001,assembly,normal,SYNTHETIC_GOERTEK_PRODUCTION,335,325,10,317,325,334,540,517,502,15,1.2,12571.31,9441.07,1739.42,4758,138217.26,342,324,311,324
2026-05-17,LINE-A02,morning,SPK-3200,MAT-SPK-3200,SUP-002,assembly,normal,SYNTHETIC_GOERTEK_PRODUCTION,290,283,7,277,283,279,480,458,434,24,1.25,10819.93,8172.62,1362.07,4237,122358.27,279,292,283,292
2026-05-17,LINE-A02,afternoon,SPK-3200,MAT-SPK-3200,SUP-002,assembly,normal,SYNTHETIC_GOERTEK_PRODUCTION,326,318,8,312,318,317,540,518,499,19,1.25,12287.25,9248.46,1605.81,3614,105106.71,316,305,288,305
2026-05-17,LINE-A02,night,SPK-3200,MAT-SPK-3200,SUP-002,assembly,normal,SYNTHETIC_GOERTEK_PRODUCTION,270,263,7,256,263,262,480,462,438,24,1.25,10129.67,7678.53,1344.8,3541,103382.79,248,262,248,262
2026-05-17,LINE-B01,morning,MIC-1180,MAT-MIC-1180,SUP-003,testing,normal,SYNTHETIC_GOERTEK_PRODUCTION,383,373,10,362,373,373,480,459,446,13,1.05,8218.43,6436.32,876.71,3728,64328.69,379,361,346,361
2026-05-17,LINE-B01,afternoon,MIC-1180,MAT-MIC-1180,SUP-003,testing,normal,SYNTHETIC_GOERTEK_PRODUCTION,390,378,12,370,378,375,480,461,437,24,1.05,8326.06,6419.92,990.63,2890,49083.52,377,379,371,379
2026-05-17,LINE-B01,night,MIC-1180,MAT-MIC-1180,SUP-003,testing,normal,SYNTHETIC_GOERTEK_PRODUCTION,367,357,10,351,357,360,480,462,435,27,1.05,7964.84,6126.28,882.7,4896,84017.55,345,362,348,362
2026-05-17,LINE-B02,morning,MIC-1180,MAT-MIC-1180,SUP-004,testing,normal,SYNTHETIC_GOERTEK_PRODUCTION,387,377,10,370,377,375,540,527,504,23,1.1,8219.66,6432.35,859.02,3573,60962.3,385,386,372,386
2026-05-17,LINE-B02,afternoon,MIC-1180,MAT-MIC-1180,SUP-004,testing,normal,SYNTHETIC_GOERTEK_PRODUCTION,313,304,9,299,304,303,480,451,437,14,1.1,6734.74,5411.09,549.01,2975,52953.92,280,301,290,301
2026-05-17,LINE-B02,night,MIC-1180,MAT-MIC-1180,SUP-004,testing,normal,SYNTHETIC_GOERTEK_PRODUCTION,304,297,7,289,297,297,480,456,437,19,1.1,6401.88,5064.6,614.51,0,0,290,286,272,286
2026-05-17,LINE-C01,morning,TWS-A70,MAT-TWS-A70,SUP-005,packaging,normal,SYNTHETIC_GOERTEK_PRODUCTION,241,233,8,229,233,238,480,470,459,11,1.6,22430.8,16154.93,3778.97,4341,300980.91,241,249,239,249
2026-05-17,LINE-C01,afternoon,TWS-A70,MAT-TWS-A70,SUP-005,packaging,normal,SYNTHETIC_GOERTEK_PRODUCTION,225,219,6,214,219,216,480,459,438,21,1.6,21068.09,15490.54,3109.59,4335,306627.81,214,215,211,215
2026-05-17,LINE-C01,night,TWS-A70,MAT-TWS-A70,SUP-005,packaging,normal,SYNTHETIC_GOERTEK_PRODUCTION,216,211,5,208,211,207,480,470,461,9,1.6,20315.77,14582.93,3130.78,0,0,218,219,208,219
2026-05-17,LINE-C02,morning,TWS-A70,MAT-TWS-A70,SUP-006,packaging,normal,SYNTHETIC_GOERTEK_PRODUCTION,218,212,6,206,212,220,480,458,425,33,1.55,20311.2,15044.62,3116.64,4614,327433.38,208,209,198,209
2026-05-17,LINE-C02,afternoon,TWS-A70,MAT-TWS-A70,SUP-006,packaging,rework,SYNTHETIC_GOERTEK_PRODUCTION,214,206,8,201,206,203,480,458,428,30,1.55,19608.08,14896.56,2514.29,4481,324036.34,207,207,204,207
2026-05-17,LINE-C02,night,TWS-A70,MAT-TWS-A70,SUP-006,packaging,normal,SYNTHETIC_GOERTEK_PRODUCTION,206,200,6,196,200,210,480,456,424,32,1.55,19495.75,14760.13,2571.24,3954,291807.77,207,197,187,197
2026-05-18,LINE-A01,morning,SPK-3200,MAT-SPK-3200,SUP-001,assembly,normal,SYNTHETIC_GOERTEK_PRODUCTION,347,337,10,331,337,350,480,476,452,24,1.2,12872.21,9576.39,1868.59,3211,91245.66,358,354,343,354
2026-05-18,LINE-A01,afternoon,SPK-3200,MAT-SPK-3200,SUP-001,assembly,normal,SYNTHETIC_GOERTEK_PRODUCTION,334,326,8,318,326,322,480,459,439,20,1.2,12608.2,9255.51,1921.62,0,0,333,329,323,329
2026-05-18,LINE-A01,night,SPK-3200,MAT-SPK-3200,SUP-001,assembly,normal,SYNTHETIC_GOERTEK_PRODUCTION,328,319,9,311,319,333,480,467,442,25,1.2,12313.07,9123.74,1707.96,3022,86432.42,277,296,285,296
2026-05-18,LINE-A02,morning,SPK-3200,MAT-SPK-3200,SUP-002,assembly,test,SYNTHETIC_GOERTEK_PRODUCTION,299,292,7,285,292,292,480,462,436,26,1.25,11217.35,8474.06,1536.3,4283,124295.89,288,278,270,278
2026-05-18,LINE-A02,afternoon,SPK-3200,MAT-SPK-3200,SUP-002,assembly,normal,SYNTHETIC_GOERTEK_PRODUCTION,290,283,7,278,283,277,480,462,453,9,1.25,10723.3,8261.05,1264.33,4847,141488.73,280,284,275,284
2026-05-18,LINE-A02,night,SPK-3200,MAT-SPK-3200,SUP-002,assembly,normal,SYNTHETIC_GOERTEK_PRODUCTION,285,280,5,271,280,284,480,468,440,28,1.25,10879.36,8290.01,1357.2,4566,135186.38,286,281,269,281
2026-05-18,LINE-B01,morning,MIC-1180,MAT-MIC-1180,SUP-003,testing,normal,SYNTHETIC_GOERTEK_PRODUCTION,387,378,9,368,378,396,480,460,440,20,1.05,8276.38,6422.63,873.46,2393,40659.67,397,373,355,373
2026-05-18,LINE-B01,afternoon,MIC-1180,MAT-MIC-1180,SUP-003,testing,rework,SYNTHETIC_GOERTEK_PRODUCTION,393,384,9,376,384,381,480,464,445,19,1.05,8541.51,6638.51,845.43,4489,77604.87,356,362,347,362
2026-05-18,LINE-B01,night,MIC-1180,MAT-MIC-1180,SUP-003,testing,normal,SYNTHETIC_GOERTEK_PRODUCTION,422,410,12,398,410,413,540,532,513,19,1.05,9051.92,7109.21,967.83,3005,52105.31,401,413,398,413
2026-05-18,LINE-B02,morning,MIC-1180,MAT-MIC-1180,SUP-004,testing,normal,SYNTHETIC_GOERTEK_PRODUCTION,332,322,10,316,322,330,480,466,443,23,1.1,7142.36,5595.62,706.25,3897,67720.9,325,337,324,337
2026-05-18,LINE-B02,afternoon,MIC-1180,MAT-MIC-1180,SUP-004,testing,normal,SYNTHETIC_GOERTEK_PRODUCTION,395,381,14,371,381,405,540,518,494,24,1.1,8342.07,6593.03,839.62,4506,77974.26,347,361,343,361
2026-05-18,LINE-B02,night,MIC-1180,MAT-MIC-1180,SUP-004,testing,normal,SYNTHETIC_GOERTEK_PRODUCTION,323,316,7,310,316,310,480,465,442,23,1.1,6880.04,5399.24,792.06,3869,66106.52,314,310,304,310
2026-05-18,LINE-C01,morning,TWS-A70,MAT-TWS-A70,SUP-005,packaging,normal,SYNTHETIC_GOERTEK_PRODUCTION,245,238,7,234,238,233,480,459,447,12,1.6,22998.99,16359.56,4154.26,5143,353517.72,264,245,235,245
2026-05-18,LINE-C01,afternoon,TWS-A70,MAT-TWS-A70,SUP-005,packaging,normal,SYNTHETIC_GOERTEK_PRODUCTION,233,227,6,222,227,233,480,458,435,23,1.6,22030.13,15879.34,3716.43,2616,182997.15,222,229,220,229
2026-05-18,LINE-C01,night,TWS-A70,MAT-TWS-A70,SUP-005,packaging,normal,SYNTHETIC_GOERTEK_PRODUCTION,225,219,6,215,219,217,480,458,367,91,1.6,21198.17,14859.57,3767.9,5059,343262.85,205,215,207,215
2026-05-18,LINE-C02,morning,TWS-A70,MAT-TWS-A70,SUP-006,packaging,normal,SYNTHETIC_GOERTEK_PRODUCTION,236,230,6,225,230,227,480,454,377,77,1.55,22111.77,16602.87,2791.27,4353,314227.36,243,237,231,237
2026-05-18,LINE-C02,afternoon,TWS-A70,MAT-TWS-A70,SUP-006,packaging,normal,SYNTHETIC_GOERTEK_PRODUCTION,218,211,7,206,211,209,480,458,439,19,1.55,20341.1,15213.78,2693.52,3258,234912.3,208,219,206,219
2026-05-18,LINE-C02,night,TWS-A70,MAT-TWS-A70,SUP-006,packaging,normal,SYNTHETIC_GOERTEK_PRODUCTION,221,214,7,209,214,216,480,469,451,18,1.55,20811.31,15602.58,2752.18,3956,288429,218,221,217,221
2026-05-19,LINE-A01,morning,SPK-3200,MAT-SPK-3200,SUP-001,assembly,normal,SYNTHETIC_GOERTEK_PRODUCTION,344,337,7,329,337,348,480,466,445,21,1.2,13115.68,9704.54,1962.96,3651,105137.32,366,361,347,361
2026-05-19,LINE-A01,afternoon,SPK-3200,MAT-SPK-3200,SUP-001,assembly,rework,SYNTHETIC_GOERTEK_PRODUCTION,327,316,11,309,316,312,480,456,445,11,1.2,12245.57,9204.56,1531.23,5305,154525.92,347,342,328,342
2026-05-19,LINE-A01,night,SPK-3200,MAT-SPK-3200,SUP-001,assembly,normal,SYNTHETIC_GOERTEK_PRODUCTION,309,300,9,292,300,311,480,461,432,29,1.2,11586.84,8576.56,1756.92,3947,112838.94,318,304,292,304
2026-05-19,LINE-A02,morning,SPK-3200,MAT-SPK-3200,SUP-002,assembly,normal,SYNTHETIC_GOERTEK_PRODUCTION,314,305,9,300,305,309,480,459,428,31,1.25,11688.42,8795.19,1461.96,4387,126506.55,317,321,309,321
2026-05-19,LINE-A02,afternoon,SPK-3200,MAT-SPK-3200,SUP-002,assembly,normal,SYNTHETIC_GOERTEK_PRODUCTION,343,332,11,327,332,353,540,517,494,23,1.25,12769.42,9851.49,1603.62,3512,104212.15,332,336,324,336
2026-05-19,LINE-A02,night,SPK-3200,MAT-SPK-3200,SUP-002,assembly,normal,SYNTHETIC_GOERTEK_PRODUCTION,291,283,8,275,283,298,480,465,446,19,1.25,10843.98,8163.95,1545.84,3732,107660.29,275,282,268,282
2026-05-19,LINE-B01,morning,MIC-1180,MAT-MIC-1180,SUP-003,testing,normal,SYNTHETIC_GOERTEK_PRODUCTION,378,366,12,360,366,373,480,449,438,11,1.05,8088.15,6172.56,1031.28,5648,95253.06,410,379,365,379
2026-05-19,LINE-B01,afternoon,MIC-1180,MAT-MIC-1180,SUP-003,testing,normal,SYNTHETIC_GOERTEK_PRODUCTION,380,368,12,363,368,383,480,456,443,13,1.05,8044.23,6202.57,892.73,3460,58317.64,365,363,354,363
2026-05-19,LINE-B01,night,MIC-1180,MAT-MIC-1180,SUP-003,testing,normal,SYNTHETIC_GOERTEK_PRODUCTION,356,348,8,339,348,357,480,457,440,17,1.05,7600.07,5937.59,810.56,3886,66303.09,370,355,342,355
2026-05-19,LINE-B02,morning,MIC-1180,MAT-MIC-1180,SUP-004,testing,normal,SYNTHETIC_GOERTEK_PRODUCTION,355,347,8,341,347,348,480,471,462,9,1.1,7630.69,6024.53,735.24,3559,61790.5,343,361,349,361
2026-05-19,LINE-B02,afternoon,MIC-1180,MAT-MIC-1180,SUP-004,testing,normal,SYNTHETIC_GOERTEK_PRODUCTION,326,315,11,308,315,332,480,461,443,18,1.1,7021.66,5680.26,547.98,4914,88612.06,314,315,304,315
2026-05-19,LINE-B02,night,MIC-1180,MAT-MIC-1180,SUP-004,testing,normal,SYNTHETIC_GOERTEK_PRODUCTION,312,305,7,299,305,302,480,462,448,14,1.1,6678.33,5337.65,621.14,5033,88079.98,295,298,287,298
2026-05-19,LINE-C01,morning,TWS-A70,MAT-TWS-A70,SUP-005,packaging,test,SYNTHETIC_GOERTEK_PRODUCTION,287,279,8,273,279,282,540,526,506,20,1.6,26601.22,18977.07,4622.33,3240,220378.88,284,289,278,289
2026-05-19,LINE-C01,afternoon,TWS-A70,MAT-TWS-A70,SUP-005,packaging,normal,SYNTHETIC_GOERTEK_PRODUCTION,241,235,6,229,235,237,480,463,445,18,1.6,22677.52,15969.14,4254.73,4328,294103.99,229,232,223,232
2026-05-19,LINE-C01,night,TWS-A70,MAT-TWS-A70,SUP-005,packaging,normal,SYNTHETIC_GOERTEK_PRODUCTION,228,220,8,216,220,231,480,471,448,23,1.6,20966.76,14875.35,3587.36,3331,225226.32,236,235,228,235
2026-05-19,LINE-C02,morning,TWS-A70,MAT-TWS-A70,SUP-006,packaging,normal,SYNTHETIC_GOERTEK_PRODUCTION,239,233,6,226,233,242,480,466,374,92,1.55,22442.7,16739.95,3124.57,3266,234646.68,244,241,239,241
2026-05-19,LINE-C02,afternoon,TWS-A70,MAT-TWS-A70,SUP-006,packaging,normal,SYNTHETIC_GOERTEK_PRODUCTION,235,228,7,222,228,229,480,468,396,72,1.55,21520.86,16359.64,2598.87,3906,280266.46,217,223,217,223
2026-05-19,LINE-C02,night,TWS-A70,MAT-TWS-A70,SUP-006,packaging,normal,SYNTHETIC_GOERTEK_PRODUCTION,216,211,5,207,211,207,480,456,435,21,1.55,20011.35,15016.03,2829.57,3647,259542.47,197,209,200,209
2026-05-20,LINE-A01,morning,SPK-3200,MAT-SPK-3200,SUP-001,assembly,normal,SYNTHETIC_GOERTEK_PRODUCTION,340,328,12,319,328,339,480,472,448,24,1.2,12673.88,9305.91,1809.29,3221,91385.17,335,335,321,335
2026-05-20,LINE-A01,afternoon,SPK-3200,MAT-SPK-3200,SUP-001,assembly,normal,SYNTHETIC_GOERTEK_PRODUCTION,334,324,10,316,324,325,480,463,437,26,1.2,12477.62,9137.62,1823.92,3016,85058.83,323,324,316,324
2026-05-20,LINE-A01,night,SPK-3200,MAT-SPK-3200,SUP-001,assembly,normal,SYNTHETIC_GOERTEK_PRODUCTION,306,297,9,290,297,286,480,454,421,33,1.2,11573.54,8543.39,1711.74,4095,117795.23,307,309,304,309
2026-05-20,LINE-A02,morning,SPK-3200,MAT-SPK-3200,SUP-002,assembly,normal,SYNTHETIC_GOERTEK_PRODUCTION,312,302,10,296,302,293,480,467,444,23,1.25,11532.53,8839.29,1389.05,3681,107739.82,314,301,294,301
2026-05-20,LINE-A02,afternoon,SPK-3200,MAT-SPK-3200,SUP-002,assembly,normal,SYNTHETIC_GOERTEK_PRODUCTION,305,298,7,293,298,292,480,459,426,33,1.25,11391.98,8658.63,1410.94,4169,121133.65,315,304,294,304
2026-05-20,LINE-A02,night,SPK-3200,MAT-SPK-3200,SUP-002,assembly,normal,SYNTHETIC_GOERTEK_PRODUCTION,278,273,5,266,273,284,480,461,442,19,1.25,10393.12,7925.7,1278.81,3514,102017.98,263,261,251,261
2026-05-20,LINE-B01,morning,MIC-1180,MAT-MIC-1180,SUP-003,testing,normal,SYNTHETIC_GOERTEK_PRODUCTION,386,376,10,367,376,352,480,458,425,33,1.05,8168.43,6425.64,742.78,2834,48431.55,359,370,354,370
2026-05-20,LINE-B01,afternoon,MIC-1180,MAT-MIC-1180,SUP-003,testing,rework,SYNTHETIC_GOERTEK_PRODUCTION,380,369,11,362,369,369,480,453,435,18,1.05,8038.58,6285.18,859,4435,75541.39,346,358,347,358
2026-05-20,LINE-B01,night,MIC-1180,MAT-MIC-1180,SUP-003,testing,normal,SYNTHETIC_GOERTEK_PRODUCTION,364,357,7,348,357,343,480,458,428,30,1.05,7985.05,6301.01,740.51,5673,100127.81,340,352,347,352
2026-05-20,LINE-B02,morning,MIC-1180,MAT-MIC-1180,SUP-004,testing,normal,SYNTHETIC_GOERTEK_PRODUCTION,403,392,11,384,392,380,540,529,501,28,1.1,8553.33,6696.62,886.96,3836,65531.21,382,388,378,388
2026-05-20,LINE-B02,afternoon,MIC-1180,MAT-MIC-1180,SUP-004,testing,normal,SYNTHETIC_GOERTEK_PRODUCTION,345,335,10,330,335,341,480,462,443,19,1.1,7393.68,5804.39,713.85,2950,51113.29,331,338,324,338
2026-05-20,LINE-B02,night,MIC-1180,MAT-MIC-1180,SUP-004,testing,normal,SYNTHETIC_GOERTEK_PRODUCTION,366,355,11,348,355,346,540,525,515,10,1.1,7778.06,6173,729.49,4624,80405.5,378,372,364,372
2026-05-20,LINE-C01,morning,TWS-A70,MAT-TWS-A70,SUP-005,packaging,normal,SYNTHETIC_GOERTEK_PRODUCTION,256,247,9,240,247,256,480,465,446,19,1.6,23428.17,16790.08,4163.67,2913,198014.18,277,259,252,259
2026-05-20,LINE-C01,afternoon,TWS-A70,MAT-TWS-A70,SUP-005,packaging,normal,SYNTHETIC_GOERTEK_PRODUCTION,245,238,7,233,238,238,480,461,440,21,1.6,22873.14,16439.01,3731.9,4635,320146.27,243,236,223,236
2026-05-20,LINE-C01,night,TWS-A70,MAT-TWS-A70,SUP-005,packaging,normal,SYNTHETIC_GOERTEK_PRODUCTION,222,217,5,212,217,219,480,457,449,8,1.6,20900.87,15135.93,3236.46,3265,227736.46,219,216,213,216
2026-05-20,LINE-C02,morning,TWS-A70,MAT-TWS-A70,SUP-006,packaging,normal,SYNTHETIC_GOERTEK_PRODUCTION,244,236,8,231,236,231,480,462,441,21,1.55,22596.05,16790.3,3367.32,5478,389734.17,222,239,227,239
2026-05-20,LINE-C02,afternoon,TWS-A70,MAT-TWS-A70,SUP-006,packaging,normal,SYNTHETIC_GOERTEK_PRODUCTION,224,218,6,212,218,212,480,457,438,19,1.55,21012.44,15770.53,2950.42,0,0,230,226,218,226
2026-05-20,LINE-C02,night,TWS-A70,MAT-TWS-A70,SUP-006,packaging,normal,SYNTHETIC_GOERTEK_PRODUCTION,212,208,4,205,208,213,480,462,434,28,1.55,19898.36,14871.21,2705.66,4219,301642.48,228,219,212,219
2026-05-21,LINE-A01,morning,SPK-3200,MAT-SPK-3200,SUP-001,assembly,normal,SYNTHETIC_GOERTEK_PRODUCTION,390,379,11,373,379,389,540,514,495,19,1.2,14560.61,10578.54,2228.04,4042,112819.15,378,380,364,380
2026-05-21,LINE-A01,afternoon,SPK-3200,MAT-SPK-3200,SUP-001,assembly,normal,SYNTHETIC_GOERTEK_PRODUCTION,331,322,9,315,322,323,480,468,445,23,1.2,12339.95,9183.77,1633.03,3680,104957.37,312,329,315,329
2026-05-21,LINE-A01,night,SPK-3200,MAT-SPK-3200,SUP-001,assembly,normal,SYNTHETIC_GOERTEK_PRODUCTION,302,294,8,288,294,302,480,457,427,30,1.2,11310.73,8478.54,1509.37,4136,119276.33,295,300,292,300
2026-05-21,LINE-A02,morning,SPK-3200,MAT-SPK-3200,SUP-002,assembly,normal,SYNTHETIC_GOERTEK_PRODUCTION,299,292,7,285,292,300,480,458,426,32,1.25,11293.13,8472.82,1428.14,2487,72164.05,262,283,272,283
2026-05-21,LINE-A02,afternoon,SPK-3200,MAT-SPK-3200,SUP-002,assembly,normal,SYNTHETIC_GOERTEK_PRODUCTION,336,326,10,318,326,338,540,520,495,25,1.25,12614.14,9559.45,1621.54,3161,92691.48,348,332,318,332
2026-05-21,LINE-A02,night,SPK-3200,MAT-SPK-3200,SUP-002,assembly,normal,SYNTHETIC_GOERTEK_PRODUCTION,279,273,6,269,273,265,480,472,386,86,1.25,10630.18,7963.17,1344.75,3121,91036.83,280,267,256,267
2026-05-21,LINE-B01,morning,MIC-1180,MAT-MIC-1180,SUP-003,testing,normal,SYNTHETIC_GOERTEK_PRODUCTION,389,379,10,370,379,384,480,464,441,23,1.05,8291.7,6528.59,742.51,3121,53761.82,401,382,363,382
2026-05-21,LINE-B01,afternoon,MIC-1180,MAT-MIC-1180,SUP-003,testing,normal,SYNTHETIC_GOERTEK_PRODUCTION,403,390,13,379,390,386,480,474,453,21,1.05,8553.37,6657.94,986.66,0,0,370,372,355,372
2026-05-21,LINE-B01,night,MIC-1180,MAT-MIC-1180,SUP-003,testing,normal,SYNTHETIC_GOERTEK_PRODUCTION,380,370,10,363,370,376,480,459,439,20,1.05,8111.18,6373.53,729.19,3918,67490.51,365,356,341,356
2026-05-21,LINE-B02,morning,MIC-1180,MAT-MIC-1180,SUP-004,testing,normal,SYNTHETIC_GOERTEK_PRODUCTION,323,317,6,313,317,325,480,455,427,28,1.1,7010.04,5414.85,840.49,3408,58213.91,309,305,293,305
2026-05-21,LINE-B02,afternoon,MIC-1180,MAT-MIC-1180,SUP-004,testing,normal,SYNTHETIC_GOERTEK_PRODUCTION,336,327,9,318,327,317,480,461,426,35,1.1,7165.87,5771.1,570.42,3929,69341.44,334,323,316,323
2026-05-21,LINE-B02,night,MIC-1180,MAT-MIC-1180,SUP-004,testing,normal,SYNTHETIC_GOERTEK_PRODUCTION,316,307,9,300,307,316,480,465,464,1,1.1,6721.51,5271.85,659.47,3571,61321.75,327,317,312,317
2026-05-21,LINE-C01,morning,TWS-A70,MAT-TWS-A70,SUP-005,packaging,normal,SYNTHETIC_GOERTEK_PRODUCTION,270,262,8,255,262,269,540,529,506,23,1.6,25080.5,18409.1,3876.89,3623,254565.53,249,252,245,252
2026-05-21,LINE-C01,afternoon,TWS-A70,MAT-TWS-A70,SUP-005,packaging,normal,SYNTHETIC_GOERTEK_PRODUCTION,233,228,5,223,228,230,480,461,429,32,1.6,21902.73,16099.51,3177.45,3645,257380.32,232,238,236,238
2026-05-21,LINE-C01,night,TWS-A70,MAT-TWS-A70,SUP-005,packaging,normal,SYNTHETIC_GOERTEK_PRODUCTION,230,226,4,221,226,227,480,466,440,26,1.6,21605.77,15802.14,3386.65,3360,234934.47,217,216,207,216
2026-05-21,LINE-C02,morning,TWS-A70,MAT-TWS-A70,SUP-006,packaging,normal,SYNTHETIC_GOERTEK_PRODUCTION,246,239,7,235,239,228,480,465,434,31,1.55,22909.65,16842.11,3293.91,2947,207672.38,237,228,216,228
2026-05-21,LINE-C02,afternoon,TWS-A70,MAT-TWS-A70,SUP-006,packaging,normal,SYNTHETIC_GOERTEK_PRODUCTION,232,226,6,222,226,232,480,464,450,14,1.55,21526.52,16031.35,2959.67,3335,236568.82,242,220,211,220
2026-05-21,LINE-C02,night,TWS-A70,MAT-TWS-A70,SUP-006,packaging,normal,SYNTHETIC_GOERTEK_PRODUCTION,221,216,5,212,216,216,480,469,458,11,1.55,20767.85,15725.12,2569.66,3993,290696.32,228,213,204,213
2026-05-22,LINE-A01,morning,SPK-3200,MAT-SPK-3200,SUP-001,assembly,normal,SYNTHETIC_GOERTEK_PRODUCTION,323,316,7,309,316,331,480,456,428,28,1.2,12116.89,8931.67,1709.41,3730,105427.62,311,309,306,309
2026-05-22,LINE-A01,afternoon,SPK-3200,MAT-SPK-3200,SUP-001,assembly,normal,SYNTHETIC_GOERTEK_PRODUCTION,330,322,8,316,322,317,480,462,441,21,1.2,12396.42,9156.79,1817.64,3953,112412.39,312,309,295,309
2026-05-22,LINE-A01,night,SPK-3200,MAT-SPK-3200,SUP-001,assembly,normal,SYNTHETIC_GOERTEK_PRODUCTION,317,306,11,301,306,296,480,466,375,91,1.2,11737.44,8656.98,1766.69,3668,103770.6,299,300,288,300
2026-05-22,LINE-A02,morning,SPK-3200,MAT-SPK-3200,SUP-002,assembly,normal,SYNTHETIC_GOERTEK_PRODUCTION,302,295,7,286,295,303,480,457,432,25,1.25,11304.78,8648.46,1397.82,3559,104338.54,299,297,278,297
2026-05-22,LINE-A02,afternoon,SPK-3200,MAT-SPK-3200,SUP-002,assembly,normal,SYNTHETIC_GOERTEK_PRODUCTION,298,290,8,281,290,311,480,462,438,24,1.25,10997.12,8277.86,1489.23,0,0,279,273,266,273
2026-05-22,LINE-A02,night,SPK-3200,MAT-SPK-3200,SUP-002,assembly,normal,SYNTHETIC_GOERTEK_PRODUCTION,277,271,6,266,271,270,480,460,430,30,1.25,10478.57,7841.4,1449.99,3935,113859.44,271,272,262,272
2026-05-22,LINE-B01,morning,MIC-1180,MAT-MIC-1180,SUP-003,testing,normal,SYNTHETIC_GOERTEK_PRODUCTION,399,388,11,378,388,398,480,457,433,24,1.05,8515.1,6584.78,816.14,5198,88215.69,356,371,362,371
2026-05-22,LINE-B01,afternoon,MIC-1180,MAT-MIC-1180,SUP-003,testing,normal,SYNTHETIC_GOERTEK_PRODUCTION,391,382,9,373,382,370,480,473,379,94,1.05,8352.22,6525.52,891.25,4463,76239.26,411,389,378,389
2026-05-22,LINE-B01,night,MIC-1180,MAT-MIC-1180,SUP-003,testing,normal,SYNTHETIC_GOERTEK_PRODUCTION,419,405,14,396,405,400,540,515,505,10,1.05,8946.84,6892.34,981.53,4299,73160.91,412,396,380,396
2026-05-22,LINE-B02,morning,MIC-1180,MAT-MIC-1180,SUP-004,testing,normal,SYNTHETIC_GOERTEK_PRODUCTION,389,379,10,371,379,384,540,518,494,24,1.1,8370.78,6597.76,757.2,5401,94022.43,375,373,363,373
2026-05-22,LINE-B02,afternoon,MIC-1180,MAT-MIC-1180,SUP-004,testing,normal,SYNTHETIC_GOERTEK_PRODUCTION,340,331,9,324,331,331,480,461,444,17,1.1,7223.05,5744.08,576.56,3969,68876.9,355,341,329,341
2026-05-22,LINE-B02,night,MIC-1180,MAT-MIC-1180,SUP-004,testing,normal,SYNTHETIC_GOERTEK_PRODUCTION,313,306,7,298,306,315,480,457,425,32,1.1,6797.78,5443.61,577.22,4851,86297.23,316,301,292,301
2026-05-22,LINE-C01,morning,TWS-A70,MAT-TWS-A70,SUP-005,packaging,normal,SYNTHETIC_GOERTEK_PRODUCTION,252,243,9,238,243,247,480,457,441,16,1.6,23413.2,17059.45,3719.72,4346,305104.4,254,242,233,242
2026-05-22,LINE-C01,afternoon,TWS-A70,MAT-TWS-A70,SUP-005,packaging,normal,SYNTHETIC_GOERTEK_PRODUCTION,242,235,7,231,235,237,480,462,425,37,1.6,22361.91,15819.01,3865.92,2932,197367.39,228,231,223,231
2026-05-22,LINE-C01,night,TWS-A70,MAT-TWS-A70,SUP-005,packaging,normal,SYNTHETIC_GOERTEK_PRODUCTION,225,220,5,217,220,212,480,458,439,19,1.6,20848.87,15207.48,3231.42,3738,258388.91,226,219,216,219
2026-05-22,LINE-C02,morning,TWS-A70,MAT-TWS-A70,SUP-006,packaging,normal,SYNTHETIC_GOERTEK_PRODUCTION,230,223,7,219,223,229,480,460,444,16,1.55,21492.25,15717.9,3182.69,3895,274534.62,207,217,211,217
2026-05-22,LINE-C02,afternoon,TWS-A70,MAT-TWS-A70,SUP-006,packaging,rework,SYNTHETIC_GOERTEK_PRODUCTION,229,223,6,220,223,214,480,467,435,32,1.55,21135.96,15955.97,2837.66,4478,320407.33,235,228,221,228
2026-05-22,LINE-C02,night,TWS-A70,MAT-TWS-A70,SUP-006,packaging,normal,SYNTHETIC_GOERTEK_PRODUCTION,210,205,5,200,205,203,480,461,433,28,1.55,19711.46,14732.66,2684.87,4439,319015.99,203,207,198,207
2026-05-23,LINE-A01,morning,SPK-3200,MAT-SPK-3200,SUP-001,assembly,normal,SYNTHETIC_GOERTEK_PRODUCTION,314,308,6,301,308,313,480,454,433,21,1.2,11830.92,8666.31,1750.68,4455,125351.98,302,310,303,310
2026-05-23,LINE-A01,afternoon,SPK-3200,MAT-SPK-3200,SUP-001,assembly,normal,SYNTHETIC_GOERTEK_PRODUCTION,321,313,8,305,313,308,480,462,430,32,1.2,12088.44,8786.08,1918.99,3617,101531.15,299,305,296,305
2026-05-23,LINE-A01,night,SPK-3200,MAT-SPK-3200,SUP-001,assembly,normal,SYNTHETIC_GOERTEK_PRODUCTION,293,287,6,281,287,302,480,461,442,19,1.2,11129.7,8315.14,1542.82,4932,142892.93,286,292,285,292
2026-05-23,LINE-A02,morning,SPK-3200,MAT-SPK-3200,SUP-002,assembly,normal,SYNTHETIC_GOERTEK_PRODUCTION,292,285,7,279,285,281,480,459,433,26,1.25,11104.52,8492.01,1256.21,4144,123476.81,287,288,278,288
2026-05-23,LINE-A02,afternoon,SPK-3200,MAT-SPK-3200,SUP-002,assembly,normal,SYNTHETIC_GOERTEK_PRODUCTION,296,290,6,285,290,291,480,464,445,19,1.25,11311.15,8647.29,1259.48,3801,113339.14,279,285,273,285
2026-05-23,LINE-A02,night,SPK-3200,MAT-SPK-3200,SUP-002,assembly,normal,SYNTHETIC_GOERTEK_PRODUCTION,249,243,6,237,243,238,480,449,334,115,1.25,9375.96,7151.43,1127.69,3471,102150.67,245,241,226,241
2026-05-23,LINE-B01,morning,MIC-1180,MAT-MIC-1180,SUP-003,testing,normal,SYNTHETIC_GOERTEK_PRODUCTION,417,405,12,396,405,421,540,511,503,8,1.05,8865.99,6827.48,1072.08,3765,63470.28,389,386,372,386
2026-05-23,LINE-B01,afternoon,MIC-1180,MAT-MIC-1180,SUP-003,testing,normal,SYNTHETIC_GOERTEK_PRODUCTION,381,374,7,362,374,371,480,465,446,19,1.05,8279.17,6374.74,949.82,2656,45270.88,377,377,357,377
2026-05-23,LINE-B01,night,MIC-1180,MAT-MIC-1180,SUP-003,testing,normal,SYNTHETIC_GOERTEK_PRODUCTION,368,359,9,349,359,368,480,476,461,15,1.05,7937.53,6101.95,945.09,3437,58418.95,350,350,337,350
2026-05-23,LINE-B02,morning,MIC-1180,MAT-MIC-1180,SUP-004,testing,normal,SYNTHETIC_GOERTEK_PRODUCTION,338,328,10,320,328,317,480,469,448,21,1.1,7168.41,5620.34,686.91,3300,56546.1,340,341,327,341
2026-05-23,LINE-B02,afternoon,MIC-1180,MAT-MIC-1180,SUP-004,testing,normal,SYNTHETIC_GOERTEK_PRODUCTION,319,312,7,305,312,309,480,453,432,21,1.1,6890.41,5487.77,566,3301,58061.31,300,302,294,302
2026-05-23,LINE-B02,night,MIC-1180,MAT-MIC-1180,SUP-004,testing,normal,SYNTHETIC_GOERTEK_PRODUCTION,312,303,9,297,303,307,480,458,429,29,1.1,6626.36,5194.98,756.11,2667,45726.11,300,297,293,297
2026-05-23,LINE-C01,morning,TWS-A70,MAT-TWS-A70,SUP-005,packaging,normal,SYNTHETIC_GOERTEK_PRODUCTION,236,231,5,226,231,245,480,455,426,29,1.6,22279.27,16074.69,3731.79,3675,255733.7,220,227,218,227
2026-05-23,LINE-C01,afternoon,TWS-A70,MAT-TWS-A70,SUP-005,packaging,normal,SYNTHETIC_GOERTEK_PRODUCTION,232,226,6,220,226,220,480,466,445,21,1.6,21881.4,15589.04,3473.11,2893,199553.51,222,223,219,223
2026-05-23,LINE-C01,night,TWS-A70,MAT-TWS-A70,SUP-005,packaging,normal,SYNTHETIC_GOERTEK_PRODUCTION,227,222,5,216,222,216,480,464,429,35,1.6,21365.91,15573.29,3437.44,3889,272813.17,236,226,216,226
2026-05-23,LINE-C02,morning,TWS-A70,MAT-TWS-A70,SUP-006,packaging,normal,SYNTHETIC_GOERTEK_PRODUCTION,228,222,6,216,222,218,480,453,422,31,1.55,21458.36,16367.62,2569.73,3449,254287.93,236,224,215,224
2026-05-23,LINE-C02,afternoon,TWS-A70,MAT-TWS-A70,SUP-006,packaging,test,SYNTHETIC_GOERTEK_PRODUCTION,227,222,5,218,222,229,480,469,455,14,1.55,21356.91,15948.32,2766.73,3456,248276.55,221,221,214,221
2026-05-23,LINE-C02,night,TWS-A70,MAT-TWS-A70,SUP-006,packaging,normal,SYNTHETIC_GOERTEK_PRODUCTION,215,211,4,206,211,204,480,473,447,26,1.55,20256.96,15369.53,2352.12,3588,261354.85,217,211,201,211
2026-05-24,LINE-A01,morning,SPK-3200,MAT-SPK-3200,SUP-001,assembly,normal,SYNTHETIC_GOERTEK_PRODUCTION,321,314,7,308,314,324,480,459,445,14,1.2,12009.19,8798.54,1789.39,3945,110542.17,317,335,327,335
2026-05-24,LINE-A01,afternoon,SPK-3200,MAT-SPK-3200,SUP-001,assembly,normal,SYNTHETIC_GOERTEK_PRODUCTION,323,315,8,307,315,319,480,467,439,28,1.2,12164.05,8879.98,1755.05,0,0,305,315,299,315
2026-05-24,LINE-A01,night,SPK-3200,MAT-SPK-3200,SUP-001,assembly,normal,SYNTHETIC_GOERTEK_PRODUCTION,302,296,6,289,296,306,480,466,378,88,1.2,11512.81,8545.05,1615.17,4356,125750.8,293,293,283,293
2026-05-24,LINE-A02,morning,SPK-3200,MAT-SPK-3200,SUP-002,assembly,normal,SYNTHETIC_GOERTEK_PRODUCTION,306,299,7,290,299,285,480,468,455,13,1.25,11574.02,8758.12,1396.14,3573,104658.07,308,314,298,314
2026-05-24,LINE-A02,afternoon,SPK-3200,MAT-SPK-3200,SUP-002,assembly,test,SYNTHETIC_GOERTEK_PRODUCTION,285,278,7,271,278,276,480,457,424,33,1.25,10638.39,7950.73,1369.77,3756,107420.65,290,285,270,285
2026-05-24,LINE-A02,night,SPK-3200,MAT-SPK-3200,SUP-002,assembly,normal,SYNTHETIC_GOERTEK_PRODUCTION,267,258,9,252,258,254,480,460,444,16,1.25,9947.79,7706.2,1076.8,4574,136620.77,253,254,245,254
2026-05-24,LINE-B01,morning,MIC-1180,MAT-MIC-1180,SUP-003,testing,normal,SYNTHETIC_GOERTEK_PRODUCTION,382,372,10,365,372,375,480,460,441,19,1.05,8096.34,6335.65,853.48,3675,62590.09,361,386,367,386
2026-05-24,LINE-B01,afternoon,MIC-1180,MAT-MIC-1180,SUP-003,testing,normal,SYNTHETIC_GOERTEK_PRODUCTION,371,362,9,355,362,363,480,461,430,31,1.05,7927.81,6209.7,760.12,3268,56058.84,401,373,354,373
2026-05-24,LINE-B01,night,MIC-1180,MAT-MIC-1180,SUP-003,testing,normal,SYNTHETIC_GOERTEK_PRODUCTION,339,331,8,322,331,330,480,455,431,24,1.05,7256.19,5617.75,800.56,3089,52426.68,341,333,319,333
2026-05-24,LINE-B02,morning,MIC-1180,MAT-MIC-1180,SUP-004,testing,normal,SYNTHETIC_GOERTEK_PRODUCTION,336,325,11,317,325,324,480,469,458,11,1.1,7058.5,5559.08,684.88,2571,43976.6,321,328,320,328
2026-05-24,LINE-B02,afternoon,MIC-1180,MAT-MIC-1180,SUP-004,testing,normal,SYNTHETIC_GOERTEK_PRODUCTION,300,292,8,284,292,289,480,459,426,33,1.1,6423.36,4994.76,680.08,2787,47672.59,302,307,301,307
2026-05-24,LINE-B02,night,MIC-1180,MAT-MIC-1180,SUP-004,testing,normal,SYNTHETIC_GOERTEK_PRODUCTION,303,295,8,287,295,289,480,456,440,16,1.1,6549.49,5142.11,717.39,3988,69514.35,273,280,269,280
2026-05-24,LINE-C01,morning,TWS-A70,MAT-TWS-A70,SUP-005,packaging,normal,SYNTHETIC_GOERTEK_PRODUCTION,235,229,6,223,229,229,480,454,439,15,1.6,21755.55,15946.34,3425.85,4099,285432.52,234,225,218,225
2026-05-24,LINE-C01,afternoon,TWS-A70,MAT-TWS-A70,SUP-005,packaging,normal,SYNTHETIC_GOERTEK_PRODUCTION,231,225,6,221,225,227,480,469,457,12,1.6,21740.12,15583.65,3634.56,3810,263883.14,220,230,221,230
2026-05-24,LINE-C01,night,TWS-A70,MAT-TWS-A70,SUP-005,packaging,normal,SYNTHETIC_GOERTEK_PRODUCTION,219,212,7,208,212,207,480,456,437,19,1.6,20001.71,14449.28,3276.84,4111,280193.35,214,219,212,219
2026-05-24,LINE-C02,morning,TWS-A70,MAT-TWS-A70,SUP-006,packaging,normal,SYNTHETIC_GOERTEK_PRODUCTION,255,245,10,239,245,250,540,522,487,35,1.55,23573.48,17811.75,3310.61,2905,211196.46,263,254,243,254
2026-05-24,LINE-C02,afternoon,TWS-A70,MAT-TWS-A70,SUP-006,packaging,normal,SYNTHETIC_GOERTEK_PRODUCTION,224,218,6,214,218,217,480,472,358,114,1.55,20664.32,15505.2,2698.02,3961,281725.22,223,216,205,216
2026-05-24,LINE-C02,night,TWS-A70,MAT-TWS-A70,SUP-006,packaging,normal,SYNTHETIC_GOERTEK_PRODUCTION,232,224,8,222,224,223,540,517,509,8,1.55,21496.06,15945.8,3011.74,3821,272004.03,217,232,222,232
2026-05-25,LINE-A01,morning,SPK-3200,MAT-SPK-3200,SUP-001,assembly,normal,SYNTHETIC_GOERTEK_PRODUCTION,340,329,11,320,329,322,480,465,433,32,1.2,12635.13,9392.85,1860.39,3907,111543.66,331,330,318,330
2026-05-25,LINE-A01,afternoon,SPK-3200,MAT-SPK-3200,SUP-001,assembly,normal,SYNTHETIC_GOERTEK_PRODUCTION,373,363,10,355,363,370,540,522,514,8,1.2,13895.34,10334.57,1882.55,4178,118947.2,358,367,355,367
2026-05-25,LINE-A01,night,SPK-3200,MAT-SPK-3200,SUP-001,assembly,normal,SYNTHETIC_GOERTEK_PRODUCTION,310,302,8,294,302,304,480,460,437,23,1.2,11596.16,8683.22,1572,0,0,300,291,282,291
2026-05-25,LINE-A02,morning,SPK-3200,MAT-SPK-3200,SUP-002,assembly,normal,SYNTHETIC_GOERTEK_PRODUCTION,314,306,8,299,306,301,480,475,391,84,1.25,11754.06,8937.84,1586.12,3921,114527.03,306,300,289,300
2026-05-25,LINE-A02,afternoon,SPK-3200,MAT-SPK-3200,SUP-002,assembly,normal,SYNTHETIC_GOERTEK_PRODUCTION,290,281,9,275,281,281,480,453,433,20,1.25,10680.65,8350.14,1079,4271,126916.18,276,280,270,280
2026-05-25,LINE-A02,night,SPK-3200,MAT-SPK-3200,SUP-002,assembly,normal,SYNTHETIC_GOERTEK_PRODUCTION,293,285,8,278,285,272,480,468,445,23,1.25,10969.53,8457.38,1222.8,5240,155497.09,281,297,288,297
2026-05-25,LINE-B01,morning,MIC-1180,MAT-MIC-1180,SUP-003,testing,normal,SYNTHETIC_GOERTEK_PRODUCTION,381,372,9,361,372,358,480,454,439,15,1.05,8079.87,6400.28,739.18,0,0,366,370,348,370
2026-05-25,LINE-B01,afternoon,MIC-1180,MAT-MIC-1180,SUP-003,testing,normal,SYNTHETIC_GOERTEK_PRODUCTION,443,434,9,421,434,442,540,527,514,13,1.05,9540.33,7330.23,1114.6,4423,74704.16,464,443,436,443
2026-05-25,LINE-B01,night,MIC-1180,MAT-MIC-1180,SUP-003,testing,normal,SYNTHETIC_GOERTEK_PRODUCTION,411,401,10,393,401,392,540,522,494,28,1.05,8746.42,6795.51,1056.14,4052,68666.85,371,396,390,396
2026-05-25,LINE-B02,morning,MIC-1180,MAT-MIC-1180,SUP-004,testing,rework,SYNTHETIC_GOERTEK_PRODUCTION,372,362,10,358,362,361,540,515,490,25,1.1,7816.54,6102.79,748.79,3705,62460.88,387,385,374,385
2026-05-25,LINE-B02,afternoon,MIC-1180,MAT-MIC-1180,SUP-004,testing,normal,SYNTHETIC_GOERTEK_PRODUCTION,335,325,10,321,325,330,480,467,448,19,1.1,7099.17,5705.46,544.06,3357,58933.01,322,318,304,318
2026-05-25,LINE-B02,night,MIC-1180,MAT-MIC-1180,SUP-004,testing,normal,SYNTHETIC_GOERTEK_PRODUCTION,314,305,9,298,305,300,480,463,436,27,1.1,6736.84,5406.4,560.65,3374,59807.19,296,312,305,312
2026-05-25,LINE-C01,morning,TWS-A70,MAT-TWS-A70,SUP-005,packaging,normal,SYNTHETIC_GOERTEK_PRODUCTION,238,232,6,228,232,231,480,461,435,26,1.6,22621.51,16314.41,3741.11,2346,164972.44,235,237,230,237
2026-05-25,LINE-C01,afternoon,TWS-A70,MAT-TWS-A70,SUP-005,packaging,normal,SYNTHETIC_GOERTEK_PRODUCTION,232,224,8,218,224,223,480,468,445,23,1.6,21692.25,15651.46,3466.26,5067,354044.41,208,220,213,220
2026-05-25,LINE-C01,night,TWS-A70,MAT-TWS-A70,SUP-005,packaging,normal,SYNTHETIC_GOERTEK_PRODUCTION,224,218,6,213,218,226,480,458,441,17,1.6,20995.92,14986.9,3652.83,4790,329299.32,225,219,213,219
2026-05-25,LINE-C02,morning,TWS-A70,MAT-TWS-A70,SUP-006,packaging,normal,SYNTHETIC_GOERTEK_PRODUCTION,239,233,6,231,233,226,480,461,437,24,1.55,22268.05,16458.16,3313.76,3569,252099.46,241,235,231,235
2026-05-25,LINE-C02,afternoon,TWS-A70,MAT-TWS-A70,SUP-006,packaging,normal,SYNTHETIC_GOERTEK_PRODUCTION,227,220,7,216,220,217,480,468,455,13,1.55,21112.27,15618.87,3169.21,3583,254374.6,226,227,220,227
2026-05-25,LINE-C02,night,TWS-A70,MAT-TWS-A70,SUP-006,packaging,normal,SYNTHETIC_GOERTEK_PRODUCTION,220,213,7,206,213,218,480,460,429,31,1.55,20261.44,15154.38,2909.43,4119,293055.83,204,218,210,218
2026-05-26,LINE-A01,morning,SPK-3200,MAT-SPK-3200,SUP-001,assembly,normal,SYNTHETIC_GOERTEK_PRODUCTION,340,332,8,322,332,346,480,458,445,13,1.2,12668.36,9448.53,1777.49,3656,104047.67,305,322,304,322
2026-05-26,LINE-A01,afternoon,SPK-3200,MAT-SPK-3200,SUP-001,assembly,normal,SYNTHETIC_GOERTEK_PRODUCTION,314,305,9,298,305,312,480,457,441,16,1.2,11827.59,8920.99,1553.2,5122,149814.13,308,310,297,310
2026-05-26,LINE-A01,night,SPK-3200,MAT-SPK-3200,SUP-001,assembly,normal,SYNTHETIC_GOERTEK_PRODUCTION,310,303,7,296,303,304,480,463,446,17,1.2,11596.14,8489.91,1642.06,2878,80640.14,304,313,305,313
2026-05-26,LINE-A02,morning,SPK-3200,MAT-SPK-3200,SUP-002,assembly,normal,SYNTHETIC_GOERTEK_PRODUCTION,305,297,8,291,297,298,480,467,450,17,1.25,11529.52,8743.08,1409.03,2597,76450.43,308,297,289,297
2026-05-26,LINE-A02,afternoon,SPK-3200,MAT-SPK-3200,SUP-002,assembly,normal,SYNTHETIC_GOERTEK_PRODUCTION,334,325,9,318,325,328,540,518,513,5,1.25,12589.63,9630.88,1532.55,2464,73016.89,312,309,295,309
2026-05-26,LINE-A02,night,SPK-3200,MAT-SPK-3200,SUP-002,assembly,normal,SYNTHETIC_GOERTEK_PRODUCTION,287,279,8,273,279,287,480,463,437,26,1.25,10762.64,8058.1,1426.24,4734,136727.76,299,294,286,294
2026-05-26,LINE-B01,morning,MIC-1180,MAT-MIC-1180,SUP-003,testing,normal,SYNTHETIC_GOERTEK_PRODUCTION,397,385,12,376,385,383,480,467,435,32,1.05,8481.04,6597.72,845.56,2773,47520.72,373,381,362,381
2026-05-26,LINE-B01,afternoon,MIC-1180,MAT-MIC-1180,SUP-003,testing,rework,SYNTHETIC_GOERTEK_PRODUCTION,382,373,9,361,373,363,480,467,451,16,1.05,8263.43,6393.01,1002.05,2891,49550.11,390,378,362,378
2026-05-26,LINE-B01,night,MIC-1180,MAT-MIC-1180,SUP-003,testing,normal,SYNTHETIC_GOERTEK_PRODUCTION,376,367,9,360,367,376,480,471,454,17,1.05,8149.6,6426.12,767.61,3507,61407.09,372,362,352,362
2026-05-26,LINE-B02,morning,MIC-1180,MAT-MIC-1180,SUP-004,testing,normal,SYNTHETIC_GOERTEK_PRODUCTION,385,374,11,368,374,381,540,525,498,27,1.1,8355.91,6608.85,833.98,3652,64533.48,378,370,357,370
2026-05-26,LINE-B02,afternoon,MIC-1180,MAT-MIC-1180,SUP-004,testing,normal,SYNTHETIC_GOERTEK_PRODUCTION,342,332,10,325,332,345,480,460,439,21,1.1,7369.71,5814.95,755.82,3185,55784.99,323,320,309,320
2026-05-26,LINE-B02,night,MIC-1180,MAT-MIC-1180,SUP-004,testing,normal,SYNTHETIC_GOERTEK_PRODUCTION,316,309,7,301,309,306,480,456,451,5,1.1,6803.64,5453.01,548.52,3949,69689.11,309,297,292,297
2026-05-26,LINE-C01,morning,TWS-A70,MAT-TWS-A70,SUP-005,packaging,normal,SYNTHETIC_GOERTEK_PRODUCTION,245,240,5,234,240,240,480,462,443,19,1.6,23017.11,16909.32,3376.88,4148,292249.41,253,241,229,241
2026-05-26,LINE-C01,afternoon,TWS-A70,MAT-TWS-A70,SUP-005,packaging,normal,SYNTHETIC_GOERTEK_PRODUCTION,247,240,7,236,240,243,480,458,419,39,1.6,22979.3,16415.3,4047.67,0,0,231,236,227,236
2026-05-26,LINE-C01,night,TWS-A70,MAT-TWS-A70,SUP-005,packaging,normal,SYNTHETIC_GOERTEK_PRODUCTION,231,226,5,219,226,231,480,466,446,20,1.6,21541.05,15533.91,3331.53,4928,338721.72,227,233,223,233
2026-05-26,LINE-C02,morning,TWS-A70,MAT-TWS-A70,SUP-006,packaging,normal,SYNTHETIC_GOERTEK_PRODUCTION,256,249,7,241,249,244,540,517,490,27,1.55,23701.08,17693.1,3107.36,3294,234060.53,247,250,245,250
2026-05-26,LINE-C02,afternoon,TWS-A70,MAT-TWS-A70,SUP-006,packaging,rework,SYNTHETIC_GOERTEK_PRODUCTION,229,224,5,217,224,212,480,468,445,23,1.55,21780.76,16296.04,2763.76,3216,233964.57,235,227,221,227
2026-05-26,LINE-C02,night,TWS-A70,MAT-TWS-A70,SUP-006,packaging,normal,SYNTHETIC_GOERTEK_PRODUCTION,212,207,5,203,207,220,480,446,422,24,1.55,19519.01,14646.86,2467.47,3173,224514.43,204,197,190,197
2026-05-27,LINE-A01,morning,SPK-3200,MAT-SPK-3200,SUP-001,assembly,normal,SYNTHETIC_GOERTEK_PRODUCTION,333,324,9,318,324,332,480,453,428,25,1.2,12507.09,9338.46,1736.08,3567,102809.53,290,307,293,307
2026-05-27,LINE-A01,afternoon,SPK-3200,MAT-SPK-3200,SUP-001,assembly,normal,SYNTHETIC_GOERTEK_PRODUCTION,338,331,7,327,331,335,480,463,452,11,1.2,12787.5,9355.79,1966.74,3774,106672.97,334,334,317,334
2026-05-27,LINE-A01,night,SPK-3200,MAT-SPK-3200,SUP-001,assembly,normal,SYNTHETIC_GOERTEK_PRODUCTION,325,316,9,307,316,312,480,468,435,33,1.2,12286.22,8903.82,2024.54,4188,118003.79,319,311,296,311
2026-05-27,LINE-A02,morning,SPK-3200,MAT-SPK-3200,SUP-002,assembly,normal,SYNTHETIC_GOERTEK_PRODUCTION,307,300,7,295,300,320,480,457,434,23,1.25,11554.23,8956.02,1218.79,3301,98546.07,324,312,302,312
2026-05-27,LINE-A02,afternoon,SPK-3200,MAT-SPK-3200,SUP-002,assembly,normal,SYNTHETIC_GOERTEK_PRODUCTION,310,302,8,295,302,293,480,465,436,29,1.25,11567.05,8651.81,1534.57,0,0,316,316,313,316
2026-05-27,LINE-A02,night,SPK-3200,MAT-SPK-3200,SUP-002,assembly,normal,SYNTHETIC_GOERTEK_PRODUCTION,284,277,7,272,277,273,480,462,445,17,1.25,10525.93,7963.79,1328.41,4085,117444.34,257,272,261,272
2026-05-27,LINE-B01,morning,MIC-1180,MAT-MIC-1180,SUP-003,testing,rework,SYNTHETIC_GOERTEK_PRODUCTION,416,406,10,396,406,406,480,468,440,28,1.05,8967.52,7074.27,880.63,4413,76893.48,415,390,372,390
2026-05-27,LINE-B01,afternoon,MIC-1180,MAT-MIC-1180,SUP-003,testing,normal,SYNTHETIC_GOERTEK_PRODUCTION,385,374,11,366,374,367,480,462,431,31,1.05,8229.25,6289.96,973.07,4121,69307.29,374,370,360,370
2026-05-27,LINE-B01,night,MIC-1180,MAT-MIC-1180,SUP-003,testing,normal,SYNTHETIC_GOERTEK_PRODUCTION,361,351,10,343,351,363,480,457,444,13,1.05,7764.41,6004.14,853.18,2932,50154.24,363,350,337,350
2026-05-27,LINE-B02,morning,MIC-1180,MAT-MIC-1180,SUP-004,testing,normal,SYNTHETIC_GOERTEK_PRODUCTION,349,339,10,334,339,337,480,468,452,16,1.1,7401.87,5849.64,661.31,3267,56373.96,333,351,335,351
2026-05-27,LINE-B02,afternoon,MIC-1180,MAT-MIC-1180,SUP-004,testing,normal,SYNTHETIC_GOERTEK_PRODUCTION,323,316,7,312,316,321,480,459,439,20,1.1,7028.1,5596.21,608.07,3926,69527.6,306,314,302,314
2026-05-27,LINE-B02,night,MIC-1180,MAT-MIC-1180,SUP-004,testing,normal,SYNTHETIC_GOERTEK_PRODUCTION,351,344,7,334,344,332,540,518,496,22,1.1,7499.56,5873.56,791.64,2419,41302.74,345,341,320,341
2026-05-27,LINE-C01,morning,TWS-A70,MAT-TWS-A70,SUP-005,packaging,normal,SYNTHETIC_GOERTEK_PRODUCTION,251,243,8,239,243,237,480,468,445,23,1.6,23647.31,17306.51,3628.8,3682,262232.8,244,245,238,245
2026-05-27,LINE-C01,afternoon,TWS-A70,MAT-TWS-A70,SUP-005,packaging,normal,SYNTHETIC_GOERTEK_PRODUCTION,241,235,6,229,235,231,480,457,427,30,1.6,22533.59,16366.15,3543.32,3912,272444.17,230,236,232,236
2026-05-27,LINE-C01,night,TWS-A70,MAT-TWS-A70,SUP-005,packaging,normal,SYNTHETIC_GOERTEK_PRODUCTION,226,221,5,216,221,221,480,457,437,20,1.6,21048.18,15313.84,3397.8,3718,257632.84,228,217,208,217
2026-05-27,LINE-C02,morning,TWS-A70,MAT-TWS-A70,SUP-006,packaging,normal,SYNTHETIC_GOERTEK_PRODUCTION,235,230,5,225,230,221,480,468,445,23,1.55,22192.29,16565.29,3194.39,2709,195110.31,253,249,241,249
2026-05-27,LINE-C02,afternoon,TWS-A70,MAT-TWS-A70,SUP-006,packaging,normal,SYNTHETIC_GOERTEK_PRODUCTION,223,216,7,211,216,226,480,458,440,18,1.55,20605.85,15540.13,2773.08,3801,273463.12,218,219,212,219
2026-05-27,LINE-C02,night,TWS-A70,MAT-TWS-A70,SUP-006,packaging,normal,SYNTHETIC_GOERTEK_PRODUCTION,214,207,7,201,207,209,480,451,419,32,1.55,19761.89,14527.78,3117.74,2910,204231.11,199,204,200,204
2026-05-28,LINE-A01,morning,SPK-3200,MAT-SPK-3200,SUP-001,assembly,normal,SYNTHETIC_GOERTEK_PRODUCTION,332,323,9,313,323,310,480,458,445,13,1.2,12476.65,9402.48,1823.39,4195,122115.8,311,328,312,328
2026-05-28,LINE-A01,afternoon,SPK-3200,MAT-SPK-3200,SUP-001,assembly,normal,SYNTHETIC_GOERTEK_PRODUCTION,323,314,9,308,314,307,480,461,435,26,1.2,12159.06,9118.29,1693.73,3028,87930.52,326,304,298,304
2026-05-28,LINE-A01,night,SPK-3200,MAT-SPK-3200,SUP-001,assembly,normal,SYNTHETIC_GOERTEK_PRODUCTION,317,309,8,302,309,307,480,465,440,25,1.2,11938.59,8910.17,1623.13,5255,151530.56,309,300,287,300
2026-05-28,LINE-A02,morning,SPK-3200,MAT-SPK-3200,SUP-002,assembly,normal,SYNTHETIC_GOERTEK_PRODUCTION,312,303,9,297,303,307,480,470,439,31,1.25,11673.8,9010.79,1297.45,3474,103311.83,291,304,294,304
2026-05-28,LINE-A02,afternoon,SPK-3200,MAT-SPK-3200,SUP-002,assembly,normal,SYNTHETIC_GOERTEK_PRODUCTION,355,343,12,339,343,346,540,524,510,14,1.25,13150.37,9935.68,1675.2,4257,123312.51,335,331,316,331
2026-05-28,LINE-A02,night,SPK-3200,MAT-SPK-3200,SUP-002,assembly,normal,SYNTHETIC_GOERTEK_PRODUCTION,286,278,8,272,278,273,480,466,442,24,1.25,10772.14,8275.22,1167.81,4561,135767.19,250,269,257,269
2026-05-28,LINE-B01,morning,MIC-1180,MAT-MIC-1180,SUP-003,testing,normal,SYNTHETIC_GOERTEK_PRODUCTION,388,378,10,366,378,377,480,459,437,22,1.05,8247.9,6376.15,988.01,4976,83935.77,355,372,352,372
2026-05-28,LINE-B01,afternoon,MIC-1180,MAT-MIC-1180,SUP-003,testing,rework,SYNTHETIC_GOERTEK_PRODUCTION,387,376,11,367,376,376,480,465,442,23,1.05,8123.69,6381.28,822.41,3533,59960.27,373,373,363,373
2026-05-28,LINE-B01,night,MIC-1180,MAT-MIC-1180,SUP-003,testing,normal,SYNTHETIC_GOERTEK_PRODUCTION,347,339,8,334,339,343,480,456,437,19,1.05,7500.31,5827.27,846.55,4654,80000.34,360,345,333,345
2026-05-28,LINE-B02,morning,MIC-1180,MAT-MIC-1180,SUP-004,testing,normal,SYNTHETIC_GOERTEK_PRODUCTION,336,328,8,323,328,335,480,463,434,29,1.1,7211.33,5691.39,768.57,3464,60106.63,340,333,318,333
2026-05-28,LINE-B02,afternoon,MIC-1180,MAT-MIC-1180,SUP-004,testing,normal,SYNTHETIC_GOERTEK_PRODUCTION,386,374,12,366,374,382,540,527,501,26,1.1,8287.33,6525.46,768.88,3928,68534.78,384,371,352,371
2026-05-28,LINE-B02,night,MIC-1180,MAT-MIC-1180,SUP-004,testing,normal,SYNTHETIC_GOERTEK_PRODUCTION,305,297,8,291,297,290,480,465,442,23,1.1,6577.28,5239.55,668.19,4454,78575.61,299,284,279,284
2026-05-28,LINE-C01,morning,TWS-A70,MAT-TWS-A70,SUP-005,packaging,normal,SYNTHETIC_GOERTEK_PRODUCTION,250,243,7,236,243,240,480,466,435,31,1.6,23139.04,16767.13,3863.26,3612,249229.93,230,239,233,239
2026-05-28,LINE-C01,afternoon,TWS-A70,MAT-TWS-A70,SUP-005,packaging,normal,SYNTHETIC_GOERTEK_PRODUCTION,239,233,6,226,233,225,480,462,442,20,1.6,22538.07,15842.64,4287.73,3933,267421.04,242,234,224,234
2026-05-28,LINE-C01,night,TWS-A70,MAT-TWS-A70,SUP-005,packaging,normal,SYNTHETIC_GOERTEK_PRODUCTION,227,220,7,215,220,220,480,453,417,36,1.6,21110.4,14891.82,3715.9,4605,311712.87,218,228,219,228
2026-05-28,LINE-C02,morning,TWS-A70,MAT-TWS-A70,SUP-006,packaging,normal,SYNTHETIC_GOERTEK_PRODUCTION,233,227,6,222,227,223,480,455,427,28,1.55,21750.75,16403.28,2885.21,3483,251685.57,235,226,215,226
2026-05-28,LINE-C02,afternoon,TWS-A70,MAT-TWS-A70,SUP-006,packaging,normal,SYNTHETIC_GOERTEK_PRODUCTION,235,229,6,226,229,226,480,453,447,6,1.55,22061.58,16346.67,3175.91,3855,275180.84,234,224,213,224
2026-05-28,LINE-C02,night,TWS-A70,MAT-TWS-A70,SUP-006,packaging,normal,SYNTHETIC_GOERTEK_PRODUCTION,204,199,5,195,199,199,480,451,425,26,1.55,18893.09,14037.43,2800.72,3654,257752.61,203,198,190,198
2026-05-29,LINE-A01,morning,SPK-3200,MAT-SPK-3200,SUP-001,assembly,normal,SYNTHETIC_GOERTEK_PRODUCTION,344,333,11,327,333,324,480,462,428,34,1.2,12673.56,9347.49,1777.94,4633,130050.81,324,327,315,327
2026-05-29,LINE-A01,afternoon,SPK-3200,MAT-SPK-3200,SUP-001,assembly,normal,SYNTHETIC_GOERTEK_PRODUCTION,326,317,9,308,317,322,480,462,442,20,1.2,12180.45,8979.53,1821.89,4716,133588.21,300,315,304,315
2026-05-29,LINE-A01,night,SPK-3200,MAT-SPK-3200,SUP-001,assembly,normal,SYNTHETIC_GOERTEK_PRODUCTION,319,311,8,305,311,302,480,461,435,26,1.2,11996.6,8920.37,1661.17,4802,137735.1,321,310,299,310
2026-05-29,LINE-A02,morning,SPK-3200,MAT-SPK-3200,SUP-002,assembly,normal,SYNTHETIC_GOERTEK_PRODUCTION,308,297,11,291,297,302,480,462,440,22,1.25,11387.98,8677.22,1425.85,2427,70907.79,290,277,264,277
2026-05-29,LINE-A02,afternoon,SPK-3200,MAT-SPK-3200,SUP-002,assembly,normal,SYNTHETIC_GOERTEK_PRODUCTION,315,308,7,300,308,296,480,468,438,30,1.25,11848.16,9058.63,1435.59,4122,121232.7,315,310,294,310
2026-05-29,LINE-A02,night,SPK-3200,MAT-SPK-3200,SUP-002,assembly,normal,SYNTHETIC_GOERTEK_PRODUCTION,331,323,8,315,323,340,540,524,507,17,1.25,12506.29,9533.12,1540.22,2735,80721.62,339,325,311,325
2026-05-29,LINE-B01,morning,MIC-1180,MAT-MIC-1180,SUP-003,testing,normal,SYNTHETIC_GOERTEK_PRODUCTION,399,389,10,380,389,398,480,468,441,27,1.05,8680.94,6820.84,839.74,2841,49814.93,397,394,385,394
2026-05-29,LINE-B01,afternoon,MIC-1180,MAT-MIC-1180,SUP-003,testing,normal,SYNTHETIC_GOERTEK_PRODUCTION,399,388,11,380,388,394,480,467,447,20,1.05,8566.07,6710.46,879.75,5321,92026.7,383,387,364,387
2026-05-29,LINE-B01,night,MIC-1180,MAT-MIC-1180,SUP-003,testing,normal,SYNTHETIC_GOERTEK_PRODUCTION,368,359,9,352,359,356,480,465,433,32,1.05,8014.39,6312.94,820.75,4533,79711.86,384,381,364,381
2026-05-29,LINE-B02,morning,MIC-1180,MAT-MIC-1180,SUP-004,testing,normal,SYNTHETIC_GOERTEK_PRODUCTION,338,327,11,320,327,321,480,455,426,29,1.1,7118.37,5707.94,584.34,4466,77956.15,321,317,314,317
2026-05-29,LINE-B02,afternoon,MIC-1180,MAT-MIC-1180,SUP-004,testing,normal,SYNTHETIC_GOERTEK_PRODUCTION,351,340,11,332,340,340,480,473,455,18,1.1,7536.68,6057.06,588.13,4420,78741.78,337,319,309,319
2026-05-29,LINE-B02,night,MIC-1180,MAT-MIC-1180,SUP-004,testing,normal,SYNTHETIC_GOERTEK_PRODUCTION,317,307,10,300,307,306,480,461,429,32,1.1,6720.95,5295.18,674.81,4879,84153.69,299,312,306,312
2026-05-29,LINE-C01,morning,TWS-A70,MAT-TWS-A70,SUP-005,packaging,normal,SYNTHETIC_GOERTEK_PRODUCTION,250,244,6,235,244,236,480,460,431,29,1.6,23256.71,16671.29,3780.65,0,0,233,247,243,247
2026-05-29,LINE-C01,afternoon,TWS-A70,MAT-TWS-A70,SUP-005,packaging,normal,SYNTHETIC_GOERTEK_PRODUCTION,237,233,4,227,233,250,480,466,449,17,1.6,22342.12,16291.65,3588.72,4142,289613.8,224,230,221,230
2026-05-29,LINE-C01,night,TWS-A70,MAT-TWS-A70,SUP-005,packaging,normal,SYNTHETIC_GOERTEK_PRODUCTION,237,230,7,223,230,228,480,477,462,15,1.6,22065.75,15769.91,3881.35,3082,211316.79,233,237,229,237
2026-05-29,LINE-C02,morning,TWS-A70,MAT-TWS-A70,SUP-006,packaging,normal,SYNTHETIC_GOERTEK_PRODUCTION,228,222,6,217,222,225,480,455,420,35,1.55,21301.02,15836.33,3172.11,4436,316441.26,213,221,214,221
2026-05-29,LINE-C02,afternoon,TWS-A70,MAT-TWS-A70,SUP-006,packaging,normal,SYNTHETIC_GOERTEK_PRODUCTION,235,229,6,224,229,238,480,458,430,28,1.55,22007.9,16555.59,2794.9,3740,270383.87,252,238,232,238
2026-05-29,LINE-C02,night,TWS-A70,MAT-TWS-A70,SUP-006,packaging,normal,SYNTHETIC_GOERTEK_PRODUCTION,222,216,6,212,216,212,480,469,452,17,1.55,20992.72,15941.7,2636.26,5100,376401.25,216,205,198,205
2026-05-30,LINE-A01,morning,SPK-3200,MAT-SPK-3200,SUP-001,assembly,normal,SYNTHETIC_GOERTEK_PRODUCTION,332,321,11,312,321,310,480,469,432,37,1.2,12197.63,9103.19,1709.49,4490,127331.22,330,323,311,323
2026-05-30,LINE-A01,afternoon,SPK-3200,MAT-SPK-3200,SUP-001,assembly,normal,SYNTHETIC_GOERTEK_PRODUCTION,320,309,11,305,309,308,480,464,439,25,1.2,11810.74,8579.35,1799.8,0,0,319,310,302,310
2026-05-30,LINE-A01,night,SPK-3200,MAT-SPK-3200,SUP-001,assembly,rework,SYNTHETIC_GOERTEK_PRODUCTION,302,292,10,287,292,302,480,457,441,16,1.2,11181.84,8230.16,1644.7,3357,94618.65,271,293,279,293
2026-05-30,LINE-A02,morning,SPK-3200,MAT-SPK-3200,SUP-002,assembly,normal,SYNTHETIC_GOERTEK_PRODUCTION,308,298,10,290,298,311,480,474,438,36,1.25,11572,8802.46,1407.67,3355,99101.52,285,301,291,301
2026-05-30,LINE-A02,afternoon,SPK-3200,MAT-SPK-3200,SUP-002,assembly,normal,SYNTHETIC_GOERTEK_PRODUCTION,292,286,6,280,286,295,480,454,432,22,1.25,11044.45,8318.49,1500.56,3619,105260.89,300,302,292,302
2026-05-30,LINE-A02,night,SPK-3200,MAT-SPK-3200,SUP-002,assembly,normal,SYNTHETIC_GOERTEK_PRODUCTION,273,265,8,259,265,267,480,464,435,29,1.25,10284.53,7825.01,1193.43,4055,119737.42,252,259,249,259
2026-05-30,LINE-B01,morning,MIC-1180,MAT-MIC-1180,SUP-003,testing,test,SYNTHETIC_GOERTEK_PRODUCTION,381,373,8,363,373,368,480,456,425,31,1.05,8210.97,6373.64,929.05,4835,82618.09,384,384,369,384
2026-05-30,LINE-B01,afternoon,MIC-1180,MAT-MIC-1180,SUP-003,testing,normal,SYNTHETIC_GOERTEK_PRODUCTION,379,370,9,360,370,370,480,466,429,37,1.05,8087.68,6227.47,910.75,4808,80923.45,352,374,357,374
2026-05-30,LINE-B01,night,MIC-1180,MAT-MIC-1180,SUP-003,testing,normal,SYNTHETIC_GOERTEK_PRODUCTION,372,362,10,353,362,357,480,469,449,20,1.05,7937.37,6173.39,820.57,2901,49472.39,378,370,363,370
2026-05-30,LINE-B02,morning,MIC-1180,MAT-MIC-1180,SUP-004,testing,normal,SYNTHETIC_GOERTEK_PRODUCTION,325,317,8,308,317,328,480,458,420,38,1.1,6964.4,5572.26,586.02,4565,80244.06,306,306,294,306
2026-05-30,LINE-B02,afternoon,MIC-1180,MAT-MIC-1180,SUP-004,testing,normal,SYNTHETIC_GOERTEK_PRODUCTION,317,307,10,300,307,308,480,459,450,9,1.1,6781.16,5343.88,741.92,3446,59983.75,270,291,282,291
2026-05-30,LINE-B02,night,MIC-1180,MAT-MIC-1180,SUP-004,testing,normal,SYNTHETIC_GOERTEK_PRODUCTION,298,289,9,283,289,297,480,461,439,22,1.1,6400.22,5023.49,677.08,2932,50964.96,280,280,267,280
2026-05-30,LINE-C01,morning,TWS-A70,MAT-TWS-A70,SUP-005,packaging,normal,SYNTHETIC_GOERTEK_PRODUCTION,236,231,5,226,231,226,480,455,438,17,1.6,22177.67,16342.36,3357.32,5137,363422.96,224,226,218,226
2026-05-30,LINE-C01,afternoon,TWS-A70,MAT-TWS-A70,SUP-005,packaging,normal,SYNTHETIC_GOERTEK_PRODUCTION,257,251,6,245,251,249,540,521,496,25,1.6,24403.63,17543.33,3987.72,4766,333113.59,268,247,239,247
2026-05-30,LINE-C01,night,TWS-A70,MAT-TWS-A70,SUP-005,packaging,normal,SYNTHETIC_GOERTEK_PRODUCTION,208,203,5,198,203,199,480,448,422,26,1.6,19446.81,13972.64,3435.31,3392,233473.87,197,194,183,194
2026-05-30,LINE-C02,morning,TWS-A70,MAT-TWS-A70,SUP-006,packaging,normal,SYNTHETIC_GOERTEK_PRODUCTION,228,221,7,219,221,216,480,452,426,26,1.55,21335.92,16165.54,2718.79,3912,286152,234,224,211,224
2026-05-30,LINE-C02,afternoon,TWS-A70,MAT-TWS-A70,SUP-006,packaging,normal,SYNTHETIC_GOERTEK_PRODUCTION,252,244,8,238,244,235,540,520,502,18,1.55,23580.79,17739.67,2928.97,3502,254607.89,230,238,230,238
2026-05-30,LINE-C02,night,TWS-A70,MAT-TWS-A70,SUP-006,packaging,normal,SYNTHETIC_GOERTEK_PRODUCTION,197,193,4,188,193,196,480,464,446,18,1.55,18382.7,13687.75,2493.47,3394,240705.82,198,192,184,192
2026-05-31,LINE-A01,morning,SPK-3200,MAT-SPK-3200,SUP-001,assembly,normal,SYNTHETIC_GOERTEK_PRODUCTION,322,312,10,309,312,310,480,453,436,17,1.2,11975.03,8759.75,1767.12,3096,86923.67,329,323,312,323
2026-05-31,LINE-A01,afternoon,SPK-3200,MAT-SPK-3200,SUP-001,assembly,normal,SYNTHETIC_GOERTEK_PRODUCTION,320,313,7,305,313,312,480,472,437,35,1.2,12060.57,8886.46,1708.86,3015,85599.61,314,317,307,317
2026-05-31,LINE-A01,night,SPK-3200,MAT-SPK-3200,SUP-001,assembly,normal,SYNTHETIC_GOERTEK_PRODUCTION,294,286,8,279,286,301,480,464,441,23,1.2,11079.02,8249.44,1543.43,4280,123453.16,277,291,278,291
2026-05-31,LINE-A02,morning,SPK-3200,MAT-SPK-3200,SUP-002,assembly,normal,SYNTHETIC_GOERTEK_PRODUCTION,297,290,7,286,290,286,480,456,430,26,1.25,11129.62,8497.5,1396.73,2096,61416.41,283,292,282,292
2026-05-31,LINE-A02,afternoon,SPK-3200,MAT-SPK-3200,SUP-002,assembly,normal,SYNTHETIC_GOERTEK_PRODUCTION,285,279,6,273,279,283,480,458,438,20,1.25,10854.06,8309.84,1259.22,4328,128906.77,293,273,263,273
2026-05-31,LINE-A02,night,SPK-3200,MAT-SPK-3200,SUP-002,assembly,normal,SYNTHETIC_GOERTEK_PRODUCTION,273,267,6,262,267,263,480,460,450,10,1.25,10310.11,7869.8,1288.34,3068,90429.01,259,260,247,260
2026-05-31,LINE-B01,morning,MIC-1180,MAT-MIC-1180,SUP-003,testing,normal,SYNTHETIC_GOERTEK_PRODUCTION,393,383,10,374,383,385,480,466,452,14,1.05,8414.78,6610.88,803.3,3516,60688.91,371,380,364,380
2026-05-31,LINE-B01,afternoon,MIC-1180,MAT-MIC-1180,SUP-003,testing,normal,SYNTHETIC_GOERTEK_PRODUCTION,388,378,10,372,378,394,480,463,439,24,1.05,8286.34,6412.78,954.88,3631,61600.01,395,381,364,381
2026-05-31,LINE-B01,night,MIC-1180,MAT-MIC-1180,SUP-003,testing,normal,SYNTHETIC_GOERTEK_PRODUCTION,366,359,7,354,359,355,480,472,450,22,1.05,7952.07,6244.62,748.5,4855,84450.22,346,351,337,351
2026-05-31,LINE-B02,morning,MIC-1180,MAT-MIC-1180,SUP-004,testing,normal,SYNTHETIC_GOERTEK_PRODUCTION,335,325,10,317,325,318,480,465,441,24,1.1,7080.13,5564.9,679.8,4812,82394.77,324,317,304,317
2026-05-31,LINE-B02,afternoon,MIC-1180,MAT-MIC-1180,SUP-004,testing,normal,SYNTHETIC_GOERTEK_PRODUCTION,307,298,9,292,298,308,480,454,425,29,1.1,6540,5217.2,597.43,3924,68698.97,314,307,299,307
2026-05-31,LINE-B02,night,MIC-1180,MAT-MIC-1180,SUP-004,testing,normal,SYNTHETIC_GOERTEK_PRODUCTION,292,284,8,279,284,267,480,454,422,32,1.1,6267.18,4909.79,628.9,3544,61268.65,289,297,291,297
2026-05-31,LINE-C01,morning,TWS-A70,MAT-TWS-A70,SUP-005,packaging,normal,SYNTHETIC_GOERTEK_PRODUCTION,237,230,7,225,230,226,480,459,444,15,1.6,22241.95,16384.59,3166.95,4031,287157.75,226,233,228,233
2026-05-31,LINE-C01,afternoon,TWS-A70,MAT-TWS-A70,SUP-005,packaging,normal,SYNTHETIC_GOERTEK_PRODUCTION,256,248,8,243,248,235,540,527,455,72,1.6,23693.12,17018.1,3939.59,2214,151927.72,246,241,230,241
2026-05-31,LINE-C01,night,TWS-A70,MAT-TWS-A70,SUP-005,packaging,test,SYNTHETIC_GOERTEK_PRODUCTION,213,209,4,204,209,209,480,460,393,67,1.6,20090.58,14797.11,3054.98,3421,242205.33,212,210,198,210
2026-05-31,LINE-C02,morning,TWS-A70,MAT-TWS-A70,SUP-006,packaging,normal,SYNTHETIC_GOERTEK_PRODUCTION,224,220,4,214,220,220,480,465,431,34,1.55,21234.78,15579.85,3281.98,3864,273638.82,214,220,215,220
2026-05-31,LINE-C02,afternoon,TWS-A70,MAT-TWS-A70,SUP-006,packaging,normal,SYNTHETIC_GOERTEK_PRODUCTION,216,211,5,205,211,209,480,457,440,17,1.55,20083.67,14716.2,3093.03,3776,263357.21,206,206,197,206
2026-05-31,LINE-C02,night,TWS-A70,MAT-TWS-A70,SUP-006,packaging,normal,SYNTHETIC_GOERTEK_PRODUCTION,237,229,8,223,229,239,540,524,452,72,1.55,21715.9,16173.22,2814.26,4681,330597.57,233,240,234,240
2026-06-01,LINE-A01,morning,SPK-3200,MAT-SPK-3200,SUP-001,assembly,normal,SYNTHETIC_GOERTEK_PRODUCTION,323,318,5,313,318,319,480,463,443,20,1.2,12339.04,9056.27,1687.82,2348,66868.31,335,327,322,327
2026-06-01,LINE-A01,afternoon,SPK-3200,MAT-SPK-3200,SUP-001,assembly,normal,SYNTHETIC_GOERTEK_PRODUCTION,323,317,6,312,317,331,480,463,430,33,1.2,12028.36,9016.85,1574.2,4354,123846.58,323,326,317,326
2026-06-01,LINE-A01,night,SPK-3200,MAT-SPK-3200,SUP-001,assembly,normal,SYNTHETIC_GOERTEK_PRODUCTION,294,285,9,279,285,280,480,451,430,21,1.2,10861.74,8138.49,1357.6,4377,124990.07,280,279,270,279
2026-06-01,LINE-A02,morning,SPK-3200,MAT-SPK-3200,SUP-002,assembly,normal,SYNTHETIC_GOERTEK_PRODUCTION,344,335,9,328,335,334,540,522,504,18,1.25,12923.56,9605.33,1852.15,3929,112654.75,344,336,325,336
2026-06-01,LINE-A02,afternoon,SPK-3200,MAT-SPK-3200,SUP-002,assembly,normal,SYNTHETIC_GOERTEK_PRODUCTION,288,282,6,275,282,276,480,456,437,19,1.25,11015.44,8258.84,1543.01,3403,99662.53,286,289,279,289
2026-06-01,LINE-A02,night,SPK-3200,MAT-SPK-3200,SUP-002,assembly,normal,SYNTHETIC_GOERTEK_PRODUCTION,280,274,6,269,274,281,480,469,444,25,1.25,10589.25,7870.74,1474.15,3854,110707.42,283,278,271,278
2026-06-01,LINE-B01,morning,MIC-1180,MAT-MIC-1180,SUP-003,testing,normal,SYNTHETIC_GOERTEK_PRODUCTION,393,385,8,377,385,375,480,458,426,32,1.05,8489.98,6575.94,975.41,4433,75717.25,390,413,389,413
2026-06-01,LINE-B01,afternoon,MIC-1180,MAT-MIC-1180,SUP-003,testing,normal,SYNTHETIC_GOERTEK_PRODUCTION,431,418,13,408,418,436,540,519,492,27,1.05,9147.18,7087.23,963.21,3295,55867.04,417,413,399,413
2026-06-01,LINE-B01,night,MIC-1180,MAT-MIC-1180,SUP-003,testing,normal,SYNTHETIC_GOERTEK_PRODUCTION,381,370,11,363,370,355,480,471,456,15,1.05,8174.54,6261,936.45,3808,64437.54,360,371,357,371
2026-06-01,LINE-B02,morning,MIC-1180,MAT-MIC-1180,SUP-004,testing,normal,SYNTHETIC_GOERTEK_PRODUCTION,386,375,11,367,375,381,540,512,492,20,1.1,8238.22,6537.13,738.64,4037,70374.38,382,375,359,375
2026-06-01,LINE-B02,afternoon,MIC-1180,MAT-MIC-1180,SUP-004,testing,normal,SYNTHETIC_GOERTEK_PRODUCTION,342,335,7,328,335,332,480,464,444,20,1.1,7288.37,5668.98,703,3114,52696.13,341,348,330,348
2026-06-01,LINE-B02,night,MIC-1180,MAT-MIC-1180,SUP-004,testing,normal,SYNTHETIC_GOERTEK_PRODUCTION,309,301,8,291,301,300,480,454,445,9,1.1,6657.71,5281.26,551.77,3813,66901.81,314,305,292,305
2026-06-01,LINE-C01,morning,TWS-A70,MAT-TWS-A70,SUP-005,packaging,normal,SYNTHETIC_GOERTEK_PRODUCTION,244,237,7,233,237,239,480,468,452,16,1.6,22955.12,16736.57,3621.6,3728,263265.54,230,239,231,239
2026-06-01,LINE-C01,afternoon,TWS-A70,MAT-TWS-A70,SUP-005,packaging,normal,SYNTHETIC_GOERTEK_PRODUCTION,250,243,7,238,243,244,480,456,437,19,1.6,23456.04,16752.27,4160.4,3884,267760.56,252,241,231,241
2026-06-01,LINE-C01,night,TWS-A70,MAT-TWS-A70,SUP-005,packaging,normal,SYNTHETIC_GOERTEK_PRODUCTION,227,220,7,215,220,225,480,463,451,12,1.6,21079.87,15133.39,3470.99,3028,208290.48,210,220,215,220
2026-06-01,LINE-C02,morning,TWS-A70,MAT-TWS-A70,SUP-006,packaging,normal,SYNTHETIC_GOERTEK_PRODUCTION,230,225,5,219,225,222,480,462,433,29,1.55,21728.04,15978.72,3388.54,4791,340240.21,246,236,231,236
2026-06-01,LINE-C02,afternoon,TWS-A70,MAT-TWS-A70,SUP-006,packaging,normal,SYNTHETIC_GOERTEK_PRODUCTION,224,219,5,214,219,230,480,462,438,24,1.55,21159.85,15820.66,3087.18,3789,273719.09,230,227,224,227
2026-06-01,LINE-C02,night,TWS-A70,MAT-TWS-A70,SUP-006,packaging,rework,SYNTHETIC_GOERTEK_PRODUCTION,218,213,5,208,213,224,480,460,434,26,1.55,20398.33,15309.88,2550.44,3386,243376.78,205,211,204,211
2026-06-02,LINE-A01,morning,SPK-3200,MAT-SPK-3200,SUP-001,assembly,normal,SYNTHETIC_GOERTEK_PRODUCTION,345,334,11,326,334,345,480,466,441,25,1.2,12823.5,9668.66,1674.22,3968,114866,337,339,330,339
2026-06-02,LINE-A01,afternoon,SPK-3200,MAT-SPK-3200,SUP-001,assembly,test,SYNTHETIC_GOERTEK_PRODUCTION,320,310,10,305,310,310,480,460,440,20,1.2,11978.61,8850.86,1777.36,2835,80942.54,317,310,302,310
2026-06-02,LINE-A01,night,SPK-3200,MAT-SPK-3200,SUP-001,assembly,normal,SYNTHETIC_GOERTEK_PRODUCTION,329,320,9,314,320,323,480,463,439,24,1.2,12406.01,9205.1,1698.62,3039,87419.68,318,315,305,315
2026-06-02,LINE-A02,morning,SPK-3200,MAT-SPK-3200,SUP-002,assembly,normal,SYNTHETIC_GOERTEK_PRODUCTION,300,291,9,286,291,281,480,469,453,16,1.25,11056.94,8436.01,1304.28,3403,98652.03,284,287,282,287
2026-06-02,LINE-A02,afternoon,SPK-3200,MAT-SPK-3200,SUP-002,assembly,normal,SYNTHETIC_GOERTEK_PRODUCTION,301,293,8,286,293,300,480,461,441,20,1.25,11297.54,8463.22,1504.74,3777,109097.55,293,283,270,283
2026-06-02,LINE-A02,night,SPK-3200,MAT-SPK-3200,SUP-002,assembly,normal,SYNTHETIC_GOERTEK_PRODUCTION,274,265,9,258,265,264,480,463,440,23,1.25,10193.98,7800.64,1264.96,4940,145415.7,263,256,248,256
2026-06-02,LINE-B01,morning,MIC-1180,MAT-MIC-1180,SUP-003,testing,normal,SYNTHETIC_GOERTEK_PRODUCTION,394,386,8,375,386,391,480,455,438,17,1.05,8463.2,6639.24,916.57,3660,62952.38,387,379,359,379
2026-06-02,LINE-B01,afternoon,MIC-1180,MAT-MIC-1180,SUP-003,testing,normal,SYNTHETIC_GOERTEK_PRODUCTION,382,370,12,361,370,380,480,460,448,12,1.05,8153.46,6361.13,905.33,4168,71657.27,362,373,356,373
2026-06-02,LINE-B01,night,MIC-1180,MAT-MIC-1180,SUP-003,testing,normal,SYNTHETIC_GOERTEK_PRODUCTION,370,358,12,350,358,362,480,459,437,22,1.05,7914.49,6163.4,822.97,3575,61547.92,356,360,345,360
2026-06-02,LINE-B02,morning,MIC-1180,MAT-MIC-1180,SUP-004,testing,normal,SYNTHETIC_GOERTEK_PRODUCTION,358,349,9,339,349,344,480,460,435,25,1.1,7696.95,6017.29,791.45,3482,60034.97,380,358,342,358
2026-06-02,LINE-B02,afternoon,MIC-1180,MAT-MIC-1180,SUP-004,testing,normal,SYNTHETIC_GOERTEK_PRODUCTION,334,326,8,319,326,316,480,459,446,13,1.1,7260.07,5866.23,580.27,4023,72392.16,336,331,321,331
2026-06-02,LINE-B02,night,MIC-1180,MAT-MIC-1180,SUP-004,testing,normal,SYNTHETIC_GOERTEK_PRODUCTION,322,314,8,304,314,312,480,467,441,26,1.1,6852.52,5485.76,643.32,2872,50175.49,309,315,303,315
2026-06-02,LINE-C01,morning,TWS-A70,MAT-TWS-A70,SUP-005,packaging,normal,SYNTHETIC_GOERTEK_PRODUCTION,237,233,4,227,233,236,480,453,420,33,1.6,22527.12,16261.21,3710.2,3112,217188.35,235,237,229,237
2026-06-02,LINE-C01,afternoon,TWS-A70,MAT-TWS-A70,SUP-005,packaging,normal,SYNTHETIC_GOERTEK_PRODUCTION,271,262,9,256,262,269,540,522,501,21,1.6,25183.46,18194.93,4115.38,3782,262645.9,264,255,252,255
2026-06-02,LINE-C01,night,TWS-A70,MAT-TWS-A70,SUP-005,packaging,normal,SYNTHETIC_GOERTEK_PRODUCTION,231,224,7,219,224,230,480,458,431,27,1.6,21367.49,15537.14,3319.3,4057,281402.58,209,210,201,210
2026-06-02,LINE-C02,morning,TWS-A70,MAT-TWS-A70,SUP-006,packaging,normal,SYNTHETIC_GOERTEK_PRODUCTION,232,227,5,224,227,237,480,466,439,27,1.55,21948.57,16666.25,2691.87,3967,291255.57,235,231,226,231
2026-06-02,LINE-C02,afternoon,TWS-A70,MAT-TWS-A70,SUP-006,packaging,normal,SYNTHETIC_GOERTEK_PRODUCTION,239,231,8,228,231,233,480,467,449,18,1.55,21903.12,16508.35,2991.23,3566,254843.19,239,236,231,236
2026-06-02,LINE-C02,night,TWS-A70,MAT-TWS-A70,SUP-006,packaging,normal,SYNTHETIC_GOERTEK_PRODUCTION,214,208,6,203,208,204,480,459,359,100,1.55,20048.14,14991.05,2770.26,3906,281514.62,218,205,197,205
2026-06-03,LINE-A01,morning,SPK-3200,MAT-SPK-3200,SUP-001,assembly,normal,SYNTHETIC_GOERTEK_PRODUCTION,385,372,13,364,372,356,540,520,503,17,1.2,14425.28,10636.34,2188.87,4290,122661.02,362,363,345,363
2026-06-03,LINE-A01,afternoon,SPK-3200,MAT-SPK-3200,SUP-001,assembly,normal,SYNTHETIC_GOERTEK_PRODUCTION,324,318,6,311,318,318,480,451,421,30,1.2,12402.87,9081.7,2028.74,3808,108751.93,326,317,303,317
2026-06-03,LINE-A01,night,SPK-3200,MAT-SPK-3200,SUP-001,assembly,normal,SYNTHETIC_GOERTEK_PRODUCTION,303,295,8,290,295,295,480,454,432,22,1.2,11264.19,8289.23,1795.77,4762,133807.84,324,311,300,311
2026-06-03,LINE-A02,morning,SPK-3200,MAT-SPK-3200,SUP-002,assembly,normal,SYNTHETIC_GOERTEK_PRODUCTION,309,299,10,293,299,290,480,470,443,27,1.25,11636.96,8707.41,1574.79,2866,83463,303,294,281,294
2026-06-03,LINE-A02,afternoon,SPK-3200,MAT-SPK-3200,SUP-002,assembly,normal,SYNTHETIC_GOERTEK_PRODUCTION,295,288,7,280,288,287,480,456,440,16,1.25,11111.88,8596.65,1172.9,3758,112174.34,305,304,292,304
2026-06-03,LINE-A02,night,SPK-3200,MAT-SPK-3200,SUP-002,assembly,normal,SYNTHETIC_GOERTEK_PRODUCTION,328,322,6,315,322,330,540,521,504,17,1.25,12429.85,9537.69,1434.87,3379,100086.5,309,332,323,332
2026-06-03,LINE-B01,morning,MIC-1180,MAT-MIC-1180,SUP-003,testing,normal,SYNTHETIC_GOERTEK_PRODUCTION,444,435,9,424,435,407,540,523,499,24,1.05,9586.3,7522.52,898.76,2833,48991.49,441,433,416,433
2026-06-03,LINE-B01,afternoon,MIC-1180,MAT-MIC-1180,SUP-003,testing,normal,SYNTHETIC_GOERTEK_PRODUCTION,400,389,11,383,389,389,480,457,442,15,1.05,8649.56,6777.4,906.99,4653,81067.46,390,390,378,390
2026-06-03,LINE-B01,night,MIC-1180,MAT-MIC-1180,SUP-003,testing,normal,SYNTHETIC_GOERTEK_PRODUCTION,352,345,7,339,345,348,480,451,422,29,1.05,7653.72,6053.18,771.4,3235,56759.53,324,332,319,332
2026-06-03,LINE-B02,morning,MIC-1180,MAT-MIC-1180,SUP-004,testing,normal,SYNTHETIC_GOERTEK_PRODUCTION,348,341,7,331,341,346,480,456,428,28,1.1,7439.53,5866.08,743.76,4604,79200.68,369,349,334,349
2026-06-03,LINE-B02,afternoon,MIC-1180,MAT-MIC-1180,SUP-004,testing,normal,SYNTHETIC_GOERTEK_PRODUCTION,321,311,10,304,311,320,480,461,436,25,1.1,6886.77,5398.93,645.88,3296,57218.24,314,312,302,312
2026-06-03,LINE-B02,night,MIC-1180,MAT-MIC-1180,SUP-004,testing,normal,SYNTHETIC_GOERTEK_PRODUCTION,318,312,6,305,312,314,480,467,455,12,1.1,6928.16,5417.2,721.8,3243,56307.63,318,303,294,303
2026-06-03,LINE-C01,morning,TWS-A70,MAT-TWS-A70,SUP-005,packaging,normal,SYNTHETIC_GOERTEK_PRODUCTION,249,241,8,234,241,231,480,473,451,22,1.6,23203.89,16514.9,4103.88,4602,315359.21,239,238,230,238
2026-06-03,LINE-C01,afternoon,TWS-A70,MAT-TWS-A70,SUP-005,packaging,rework,SYNTHETIC_GOERTEK_PRODUCTION,235,228,7,221,228,233,480,452,432,20,1.6,21660.25,15502.72,3509.85,2694,183176.88,222,223,218,223
2026-06-03,LINE-C01,night,TWS-A70,MAT-TWS-A70,SUP-005,packaging,normal,SYNTHETIC_GOERTEK_PRODUCTION,229,222,7,217,222,228,480,455,436,19,1.6,21591.91,15826.05,3279.54,3790,270183.47,216,216,211,216
2026-06-03,LINE-C02,morning,TWS-A70,MAT-TWS-A70,SUP-006,packaging,normal,SYNTHETIC_GOERTEK_PRODUCTION,266,259,7,252,259,258,540,516,499,17,1.55,24997.64,18657.97,3738.62,3788,272881.82,269,259,254,259
2026-06-03,LINE-C02,afternoon,TWS-A70,MAT-TWS-A70,SUP-006,packaging,normal,SYNTHETIC_GOERTEK_PRODUCTION,224,219,5,215,219,222,480,461,446,15,1.55,20793.17,15479.17,3050.23,3659,258622.3,221,214,209,214
2026-06-03,LINE-C02,night,TWS-A70,MAT-TWS-A70,SUP-006,packaging,normal,SYNTHETIC_GOERTEK_PRODUCTION,211,207,4,202,207,211,480,462,445,17,1.55,19898.41,14985.98,2571.12,3565,258091.88,204,209,206,209
2026-06-04,LINE-A01,morning,SPK-3200,MAT-SPK-3200,SUP-001,assembly,normal,SYNTHETIC_GOERTEK_PRODUCTION,380,367,13,360,367,360,540,535,503,32,1.2,13978.95,10305.67,2188.01,3303,92751.03,369,369,359,369
2026-06-04,LINE-A01,afternoon,SPK-3200,MAT-SPK-3200,SUP-001,assembly,normal,SYNTHETIC_GOERTEK_PRODUCTION,335,325,10,319,325,311,480,468,431,37,1.2,12484.71,9379.26,1653.11,4724,136331.15,312,305,296,305
2026-06-04,LINE-A01,night,SPK-3200,MAT-SPK-3200,SUP-001,assembly,rework,SYNTHETIC_GOERTEK_PRODUCTION,352,343,9,336,343,350,540,521,509,12,1.2,13120.58,9635.21,1846.5,3604,101239.93,364,345,332,345
2026-06-04,LINE-A02,morning,SPK-3200,MAT-SPK-3200,SUP-002,assembly,normal,SYNTHETIC_GOERTEK_PRODUCTION,315,304,11,298,304,303,480,467,444,23,1.25,11663.74,9028.3,1292.41,4223,125416.15,305,291,284,291
2026-06-04,LINE-A02,afternoon,SPK-3200,MAT-SPK-3200,SUP-002,assembly,normal,SYNTHETIC_GOERTEK_PRODUCTION,336,327,9,320,327,317,540,516,491,25,1.25,12557.05,9331.37,1689.48,5145,146819.26,346,336,317,336
2026-06-04,LINE-A02,night,SPK-3200,MAT-SPK-3200,SUP-002,assembly,normal,SYNTHETIC_GOERTEK_PRODUCTION,291,281,10,275,281,282,480,465,448,17,1.25,10757.78,8214.62,1277.63,3508,102551.2,291,274,262,274
2026-06-04,LINE-B01,morning,MIC-1180,MAT-MIC-1180,SUP-003,testing,normal,SYNTHETIC_GOERTEK_PRODUCTION,437,427,10,419,427,420,540,520,482,38,1.05,9424.76,7429.93,918.91,4335,75430.32,450,432,415,432
2026-06-04,LINE-B01,afternoon,MIC-1180,MAT-MIC-1180,SUP-003,testing,normal,SYNTHETIC_GOERTEK_PRODUCTION,392,382,10,372,382,391,480,465,437,28,1.05,8427.25,6653,766.86,3994,69560.42,370,370,352,370
2026-06-04,LINE-B01,night,MIC-1180,MAT-MIC-1180,SUP-003,testing,normal,SYNTHETIC_GOERTEK_PRODUCTION,389,379,10,370,379,376,480,466,443,23,1.05,8369.48,6456.66,871.03,3272,55741.93,377,367,355,367
2026-06-04,LINE-B02,morning,MIC-1180,MAT-MIC-1180,SUP-004,testing,test,SYNTHETIC_GOERTEK_PRODUCTION,337,328,9,318,328,321,480,454,434,20,1.1,7226.33,5729.06,563.18,3153,55072.34,338,345,330,345
2026-06-04,LINE-B02,afternoon,MIC-1180,MAT-MIC-1180,SUP-004,testing,rework,SYNTHETIC_GOERTEK_PRODUCTION,338,328,10,325,328,327,480,461,435,26,1.1,7227.32,5677.14,751.86,3684,63763.97,369,353,337,353
2026-06-04,LINE-B02,night,MIC-1180,MAT-MIC-1180,SUP-004,testing,normal,SYNTHETIC_GOERTEK_PRODUCTION,319,310,9,303,310,298,480,468,455,13,1.1,6794.71,5309.91,723.05,4400,75366.46,297,301,292,301
2026-06-04,LINE-C01,morning,TWS-A70,MAT-TWS-A70,SUP-005,packaging,rework,SYNTHETIC_GOERTEK_PRODUCTION,255,247,8,241,247,260,480,478,458,20,1.6,23716.95,17179.38,3834.92,3838,266941.14,253,241,231,241
2026-06-04,LINE-C01,afternoon,TWS-A70,MAT-TWS-A70,SUP-005,packaging,normal,SYNTHETIC_GOERTEK_PRODUCTION,242,237,5,234,237,237,480,458,437,21,1.6,22672.02,16242.51,3900.31,4132,283181.65,238,229,219,229
2026-06-04,LINE-C01,night,TWS-A70,MAT-TWS-A70,SUP-005,packaging,normal,SYNTHETIC_GOERTEK_PRODUCTION,216,210,6,204,210,202,480,454,442,12,1.6,20317.81,14748.05,3247.86,2649,186036.12,217,206,197,206
2026-06-04,LINE-C02,morning,TWS-A70,MAT-TWS-A70,SUP-006,packaging,normal,SYNTHETIC_GOERTEK_PRODUCTION,236,231,5,223,231,227,480,464,446,18,1.55,22054.69,16508.81,2837.4,0,0,252,243,233,243
2026-06-04,LINE-C02,afternoon,TWS-A70,MAT-TWS-A70,SUP-006,packaging,normal,SYNTHETIC_GOERTEK_PRODUCTION,230,224,6,219,224,222,480,468,390,78,1.55,21722.83,16284.62,2832.17,3919,284908.15,225,231,220,231
2026-06-04,LINE-C02,night,TWS-A70,MAT-TWS-A70,SUP-006,packaging,normal,SYNTHETIC_GOERTEK_PRODUCTION,221,215,6,208,215,207,480,453,438,15,1.55,20822.76,15749.62,2601.55,3486,255363.61,200,212,208,212
2026-06-05,LINE-A01,morning,SPK-3200,MAT-SPK-3200,SUP-001,assembly,normal,SYNTHETIC_GOERTEK_PRODUCTION,379,367,12,359,367,364,540,526,497,29,1.2,14104.28,10615.06,1925.53,3290,95159.53,370,359,345,359
2026-06-05,LINE-A01,afternoon,SPK-3200,MAT-SPK-3200,SUP-001,assembly,normal,SYNTHETIC_GOERTEK_PRODUCTION,329,319,10,312,319,309,480,457,447,10,1.2,12137.7,9078.41,1683.62,3940,112128.32,331,336,324,336
2026-06-05,LINE-A01,night,SPK-3200,MAT-SPK-3200,SUP-001,assembly,normal,SYNTHETIC_GOERTEK_PRODUCTION,320,311,9,306,311,315,480,464,448,16,1.2,12018.64,8967.55,1740.09,4377,126208.9,296,307,298,307
2026-06-05,LINE-A02,morning,SPK-3200,MAT-SPK-3200,SUP-002,assembly,normal,SYNTHETIC_GOERTEK_PRODUCTION,311,300,11,295,300,304,480,461,435,26,1.25,11414.16,8614.99,1398.51,4289,123165.64,306,302,296,302
2026-06-05,LINE-A02,afternoon,SPK-3200,MAT-SPK-3200,SUP-002,assembly,normal,SYNTHETIC_GOERTEK_PRODUCTION,310,304,6,297,304,318,480,465,445,20,1.25,11547.62,8950.3,1254.85,4494,132311.34,287,307,298,307
2026-06-05,LINE-A02,night,SPK-3200,MAT-SPK-3200,SUP-002,assembly,normal,SYNTHETIC_GOERTEK_PRODUCTION,295,288,7,281,288,302,480,464,446,18,1.25,11027.22,8270.14,1527.72,4322,124109.53,278,278,269,278
2026-06-05,LINE-B01,morning,MIC-1180,MAT-MIC-1180,SUP-003,testing,normal,SYNTHETIC_GOERTEK_PRODUCTION,408,396,12,385,396,403,480,457,434,23,1.05,8703.81,6849.17,823.6,3289,56886.16,375,386,381,386
2026-06-05,LINE-B01,afternoon,MIC-1180,MAT-MIC-1180,SUP-003,testing,normal,SYNTHETIC_GOERTEK_PRODUCTION,396,385,11,377,385,384,480,471,442,29,1.05,8473.03,6525.41,949.27,2725,46186.34,394,395,376,395
2026-06-05,LINE-B01,night,MIC-1180,MAT-MIC-1180,SUP-003,testing,normal,SYNTHETIC_GOERTEK_PRODUCTION,371,362,9,351,362,366,480,468,463,5,1.05,8003.19,6381.3,696.04,3680,64870.67,356,355,336,355
2026-06-05,LINE-B02,morning,MIC-1180,MAT-MIC-1180,SUP-004,testing,normal,SYNTHETIC_GOERTEK_PRODUCTION,359,349,10,343,349,344,480,467,462,5,1.1,7724.81,6145.72,736.32,4283,75421.54,379,357,339,357
2026-06-05,LINE-B02,afternoon,MIC-1180,MAT-MIC-1180,SUP-004,testing,normal,SYNTHETIC_GOERTEK_PRODUCTION,337,327,10,319,327,320,480,463,429,34,1.1,7251.49,5742.15,664.53,3280,57597.1,318,314,297,314
2026-06-05,LINE-B02,night,MIC-1180,MAT-MIC-1180,SUP-004,testing,normal,SYNTHETIC_GOERTEK_PRODUCTION,312,303,9,297,303,293,480,462,441,21,1.1,6729.98,5306.83,617.8,3096,54224.24,299,301,295,301
2026-06-05,LINE-C01,morning,TWS-A70,MAT-TWS-A70,SUP-005,packaging,normal,SYNTHETIC_GOERTEK_PRODUCTION,273,265,8,260,265,256,540,515,497,18,1.6,25250.32,17990.7,4518.62,4751,322542.7,276,267,253,267
2026-06-05,LINE-C01,afternoon,TWS-A70,MAT-TWS-A70,SUP-005,packaging,normal,SYNTHETIC_GOERTEK_PRODUCTION,242,237,5,230,237,243,480,458,435,23,1.6,22711.9,16107.4,4144.9,4333,294486.77,234,231,216,231
2026-06-05,LINE-C01,night,TWS-A70,MAT-TWS-A70,SUP-005,packaging,normal,SYNTHETIC_GOERTEK_PRODUCTION,228,221,7,215,221,221,480,458,433,25,1.6,21368.17,15771.23,3132.96,2990,213375.46,225,222,216,222
2026-06-05,LINE-C02,morning,TWS-A70,MAT-TWS-A70,SUP-006,packaging,normal,SYNTHETIC_GOERTEK_PRODUCTION,248,242,6,236,242,249,480,474,449,25,1.55,23215.87,16904.53,3700.64,3714,259435.64,225,238,231,238
2026-06-05,LINE-C02,afternoon,TWS-A70,MAT-TWS-A70,SUP-006,packaging,normal,SYNTHETIC_GOERTEK_PRODUCTION,227,220,7,214,220,220,480,455,371,84,1.55,21069.01,16117.95,2287.49,4409,323018.37,225,210,205,210
2026-06-05,LINE-C02,night,TWS-A70,MAT-TWS-A70,SUP-006,packaging,normal,SYNTHETIC_GOERTEK_PRODUCTION,218,213,5,210,213,211,480,460,364,96,1.55,20334.15,15114.62,2890.31,2625,186271.73,207,215,213,215
2026-06-06,LINE-A01,morning,SPK-3200,MAT-SPK-3200,SUP-001,assembly,normal,SYNTHETIC_GOERTEK_PRODUCTION,333,325,8,318,325,337,480,465,433,32,1.2,12374.03,9172.03,1746.9,3174,89575.46,317,332,325,332
2026-06-06,LINE-A01,afternoon,SPK-3200,MAT-SPK-3200,SUP-001,assembly,normal,SYNTHETIC_GOERTEK_PRODUCTION,351,343,8,333,343,341,540,527,509,18,1.2,13264.99,9623.98,2159.15,4208,118069.12,348,354,343,354
2026-06-06,LINE-A01,night,SPK-3200,MAT-SPK-3200,SUP-001,assembly,normal,SYNTHETIC_GOERTEK_PRODUCTION,318,308,10,301,308,307,480,468,439,29,1.2,12008.92,8812.35,1735,4465,127750.46,322,311,303,311
2026-06-06,LINE-A02,morning,SPK-3200,MAT-SPK-3200,SUP-002,assembly,normal,SYNTHETIC_GOERTEK_PRODUCTION,298,290,8,284,290,285,480,456,375,81,1.25,11073.83,8336.6,1434.92,4524,130050.96,307,302,294,302
2026-06-06,LINE-A02,afternoon,SPK-3200,MAT-SPK-3200,SUP-002,assembly,normal,SYNTHETIC_GOERTEK_PRODUCTION,283,274,9,269,274,284,480,466,457,9,1.25,10547.37,7932.31,1443.64,2868,83028.7,286,283,274,283
2026-06-06,LINE-A02,night,SPK-3200,MAT-SPK-3200,SUP-002,assembly,normal,SYNTHETIC_GOERTEK_PRODUCTION,274,268,6,262,268,269,480,453,427,26,1.25,10321.83,7933.51,1165.55,4247,125722.45,269,265,260,265
2026-06-06,LINE-B01,morning,MIC-1180,MAT-MIC-1180,SUP-003,testing,normal,SYNTHETIC_GOERTEK_PRODUCTION,373,365,8,354,365,375,480,465,448,17,1.05,8062.84,6247.03,853.32,4187,71661.14,362,358,345,358
2026-06-06,LINE-B01,afternoon,MIC-1180,MAT-MIC-1180,SUP-003,testing,normal,SYNTHETIC_GOERTEK_PRODUCTION,366,357,9,351,357,353,480,461,426,35,1.05,7797.99,5998.53,907.09,4877,81946.3,348,350,333,350
2026-06-06,LINE-B01,night,MIC-1180,MAT-MIC-1180,SUP-003,testing,normal,SYNTHETIC_GOERTEK_PRODUCTION,360,351,9,342,351,354,480,471,455,16,1.05,7762.07,6024.3,924.49,3285,56381.27,356,356,351,356
2026-06-06,LINE-B02,morning,MIC-1180,MAT-MIC-1180,SUP-004,testing,test,SYNTHETIC_GOERTEK_PRODUCTION,327,319,8,314,319,333,480,457,375,82,1.1,7120.73,5597.87,647.26,3431,60207.81,332,324,323,324
2026-06-06,LINE-B02,afternoon,MIC-1180,MAT-MIC-1180,SUP-004,testing,normal,SYNTHETIC_GOERTEK_PRODUCTION,309,303,6,294,303,291,480,463,441,22,1.1,6685.18,5179.98,753.78,4480,76588.48,282,291,279,291
2026-06-06,LINE-B02,night,MIC-1180,MAT-MIC-1180,SUP-004,testing,normal,SYNTHETIC_GOERTEK_PRODUCTION,306,299,7,293,299,309,480,458,425,33,1.1,6674.03,5247.18,715.08,4451,78111.03,297,296,288,296
2026-06-06,LINE-C01,morning,TWS-A70,MAT-TWS-A70,SUP-005,packaging,normal,SYNTHETIC_GOERTEK_PRODUCTION,247,239,8,233,239,238,480,465,434,31,1.6,23024.29,16326.27,3942.62,4153,283694.56,241,233,228,233
2026-06-06,LINE-C01,afternoon,TWS-A70,MAT-TWS-A70,SUP-005,packaging,normal,SYNTHETIC_GOERTEK_PRODUCTION,245,239,6,236,239,243,480,474,443,31,1.6,23434.48,16724.18,3761.22,3918,274164.59,252,237,229,237
2026-06-06,LINE-C01,night,TWS-A70,MAT-TWS-A70,SUP-005,packaging,normal,SYNTHETIC_GOERTEK_PRODUCTION,216,212,4,207,212,211,480,467,439,28,1.6,20510.14,14561.05,3600.25,4063,279063.9,221,211,206,211
2026-06-06,LINE-C02,morning,TWS-A70,MAT-TWS-A70,SUP-006,packaging,normal,SYNTHETIC_GOERTEK_PRODUCTION,229,223,6,219,223,219,480,471,436,35,1.55,21487.8,16124.8,2949.8,3878,280412.44,236,225,222,225
2026-06-06,LINE-C02,afternoon,TWS-A70,MAT-TWS-A70,SUP-006,packaging,normal,SYNTHETIC_GOERTEK_PRODUCTION,222,217,5,213,217,214,480,472,442,30,1.55,20914.41,15692.05,2879.3,4145,299739.85,205,218,216,218
2026-06-06,LINE-C02,night,TWS-A70,MAT-TWS-A70,SUP-006,packaging,normal,SYNTHETIC_GOERTEK_PRODUCTION,205,199,6,194,199,194,480,457,444,13,1.55,19080.65,14335.21,2515.9,4520,325603.76,215,204,192,204
2026-06-07,LINE-A01,morning,SPK-3200,MAT-SPK-3200,SUP-001,assembly,normal,SYNTHETIC_GOERTEK_PRODUCTION,361,352,9,344,352,358,540,524,500,24,1.2,13370.57,9712.75,2068.14,3691,101845.91,357,358,350,358
2026-06-07,LINE-A01,afternoon,SPK-3200,MAT-SPK-3200,SUP-001,assembly,normal,SYNTHETIC_GOERTEK_PRODUCTION,328,318,10,313,318,338,480,462,425,37,1.2,12151.37,9018.42,1811.93,3030,85930.23,318,320,307,320
2026-06-07,LINE-A01,night,SPK-3200,MAT-SPK-3200,SUP-001,assembly,normal,SYNTHETIC_GOERTEK_PRODUCTION,291,283,8,276,283,285,480,467,451,16,1.2,10846.33,8112.57,1431.45,2500,71665.81,282,282,263,282
2026-06-07,LINE-A02,morning,SPK-3200,MAT-SPK-3200,SUP-002,assembly,normal,SYNTHETIC_GOERTEK_PRODUCTION,301,292,9,286,292,305,480,468,444,24,1.25,11229.68,8545.82,1371.09,2858,83643.68,300,300,295,300
2026-06-07,LINE-A02,afternoon,SPK-3200,MAT-SPK-3200,SUP-002,assembly,normal,SYNTHETIC_GOERTEK_PRODUCTION,291,284,7,277,284,278,480,461,448,13,1.25,11024.48,8401.61,1361.38,3959,117119.63,262,282,276,282
2026-06-07,LINE-A02,night,SPK-3200,MAT-SPK-3200,SUP-002,assembly,normal,SYNTHETIC_GOERTEK_PRODUCTION,276,270,6,263,270,272,480,468,443,25,1.25,10419.35,7796.36,1318.99,5428,156735.71,264,262,251,262
2026-06-07,LINE-B01,morning,MIC-1180,MAT-MIC-1180,SUP-003,testing,normal,SYNTHETIC_GOERTEK_PRODUCTION,386,376,10,365,376,390,480,466,434,32,1.05,8233.9,6295.56,957.54,3285,55002.43,355,374,366,374
2026-06-07,LINE-B01,afternoon,MIC-1180,MAT-MIC-1180,SUP-003,testing,normal,SYNTHETIC_GOERTEK_PRODUCTION,430,418,12,405,418,440,540,528,511,17,1.05,9142.14,7046.99,1000.84,3523,59393.65,407,416,408,416
2026-06-07,LINE-B01,night,MIC-1180,MAT-MIC-1180,SUP-003,testing,normal,SYNTHETIC_GOERTEK_PRODUCTION,362,349,13,342,349,356,480,459,437,22,1.05,7724.93,6126.62,645.41,4492,78856.09,345,343,336,343
2026-06-07,LINE-B02,morning,MIC-1180,MAT-MIC-1180,SUP-004,testing,test,SYNTHETIC_GOERTEK_PRODUCTION,389,377,12,370,377,382,540,514,490,24,1.1,8325.47,6544.96,819.99,5274,91560,341,364,348,364
2026-06-07,LINE-B02,afternoon,MIC-1180,MAT-MIC-1180,SUP-004,testing,normal,SYNTHETIC_GOERTEK_PRODUCTION,327,318,9,310,318,314,480,464,455,9,1.1,7011.4,5477.26,792.24,4154,71548.86,331,338,330,338
2026-06-07,LINE-B02,night,MIC-1180,MAT-MIC-1180,SUP-004,testing,normal,SYNTHETIC_GOERTEK_PRODUCTION,342,333,9,327,333,327,540,512,477,35,1.1,7337.6,5750.33,769.08,5119,88396.21,321,334,327,334
2026-06-07,LINE-C01,morning,TWS-A70,MAT-TWS-A70,SUP-005,packaging,normal,SYNTHETIC_GOERTEK_PRODUCTION,235,228,7,223,228,216,480,456,424,32,1.6,21977.7,15522.03,3784.59,4838,329366.58,229,232,222,232
2026-06-07,LINE-C01,afternoon,TWS-A70,MAT-TWS-A70,SUP-005,packaging,rework,SYNTHETIC_GOERTEK_PRODUCTION,235,231,4,226,231,235,480,463,442,21,1.6,22114.91,16000.37,3620.58,3643,252334.84,244,244,240,244
2026-06-07,LINE-C01,night,TWS-A70,MAT-TWS-A70,SUP-005,packaging,normal,SYNTHETIC_GOERTEK_PRODUCTION,219,214,5,209,214,209,480,465,438,27,1.6,20466.11,14797.96,3235.66,3973,274730.35,226,220,211,220
2026-06-07,LINE-C02,morning,TWS-A70,MAT-TWS-A70,SUP-006,packaging,normal,SYNTHETIC_GOERTEK_PRODUCTION,214,207,7,201,207,203,480,454,425,29,1.55,19923.68,14974.17,2427.52,3229,233582.58,200,203,195,203
2026-06-07,LINE-C02,afternoon,TWS-A70,MAT-TWS-A70,SUP-006,packaging,normal,SYNTHETIC_GOERTEK_PRODUCTION,211,207,4,203,207,204,480,460,435,25,1.55,19843.86,14815.26,2758.63,4265,305251.61,206,212,202,212
2026-06-07,LINE-C02,night,TWS-A70,MAT-TWS-A70,SUP-006,packaging,normal,SYNTHETIC_GOERTEK_PRODUCTION,191,188,3,184,188,191,480,458,438,20,1.55,18109.92,13664.8,2211.13,4825,350705.64,205,192,180,192
2026-06-08,LINE-A01,morning,SPK-3200,MAT-SPK-3200,SUP-001,assembly,normal,SYNTHETIC_GOERTEK_PRODUCTION,335,325,10,319,325,323,480,453,432,21,1.2,12571.73,9406.77,1695.59,3854,111549.82,325,319,306,319
2026-06-08,LINE-A01,afternoon,SPK-3200,MAT-SPK-3200,SUP-001,assembly,normal,SYNTHETIC_GOERTEK_PRODUCTION,324,315,9,308,315,320,480,460,442,18,1.2,12306.82,9121.4,1747.1,3650,105692.41,327,315,308,315
2026-06-08,LINE-A01,night,SPK-3200,MAT-SPK-3200,SUP-001,assembly,normal,SYNTHETIC_GOERTEK_PRODUCTION,309,302,7,294,302,296,480,463,451,12,1.2,11496.84,8436.08,1703.71,3688,103020.74,295,299,290,299
2026-06-08,LINE-A02,morning,SPK-3200,MAT-SPK-3200,SUP-002,assembly,normal,SYNTHETIC_GOERTEK_PRODUCTION,308,299,9,291,299,303,480,460,437,23,1.25,11379.92,8379.78,1773.47,3208,89907.47,299,299,293,299
2026-06-08,LINE-A02,afternoon,SPK-3200,MAT-SPK-3200,SUP-002,assembly,normal,SYNTHETIC_GOERTEK_PRODUCTION,330,324,6,318,324,316,540,519,494,25,1.25,12317.44,9478.55,1414.4,3634,106311.88,322,322,307,322
2026-06-08,LINE-A02,night,SPK-3200,MAT-SPK-3200,SUP-002,assembly,normal,SYNTHETIC_GOERTEK_PRODUCTION,330,321,9,314,321,320,540,536,508,28,1.25,12388.12,9342.13,1705.83,3732,108613.17,319,317,302,317
2026-06-08,LINE-B01,morning,MIC-1180,MAT-MIC-1180,SUP-003,testing,normal,SYNTHETIC_GOERTEK_PRODUCTION,403,393,10,381,393,399,480,475,456,19,1.05,8750.5,6879.6,808.02,4128,72262.06,395,392,373,392
2026-06-08,LINE-B01,afternoon,MIC-1180,MAT-MIC-1180,SUP-003,testing,normal,SYNTHETIC_GOERTEK_PRODUCTION,388,379,9,370,379,380,480,460,454,6,1.05,8316.21,6532.35,822.71,3586,61807.41,384,380,363,380
2026-06-08,LINE-B01,night,MIC-1180,MAT-MIC-1180,SUP-003,testing,normal,SYNTHETIC_GOERTEK_PRODUCTION,375,365,10,356,365,355,480,457,435,22,1.05,7996.2,6130.76,935.3,3799,63810.29,389,373,369,373
2026-06-08,LINE-B02,morning,MIC-1180,MAT-MIC-1180,SUP-004,testing,normal,SYNTHETIC_GOERTEK_PRODUCTION,331,323,8,318,323,313,480,469,443,26,1.1,7132.86,5672.69,705.05,3995,70162.22,299,311,304,311
2026-06-08,LINE-B02,afternoon,MIC-1180,MAT-MIC-1180,SUP-004,testing,normal,SYNTHETIC_GOERTEK_PRODUCTION,345,334,11,328,334,335,480,462,442,20,1.1,7345.95,5818.98,666.62,3906,68050.71,329,343,333,343
2026-06-08,LINE-B02,night,MIC-1180,MAT-MIC-1180,SUP-004,testing,normal,SYNTHETIC_GOERTEK_PRODUCTION,320,311,9,308,311,304,480,463,446,17,1.1,6813.6,5468.04,518.33,3468,60974.8,309,311,301,311
2026-06-08,LINE-C01,morning,TWS-A70,MAT-TWS-A70,SUP-005,packaging,normal,SYNTHETIC_GOERTEK_PRODUCTION,240,233,7,227,233,240,480,451,416,35,1.6,22410.85,16274.41,3512.9,0,0,234,230,221,230
2026-06-08,LINE-C01,afternoon,TWS-A70,MAT-TWS-A70,SUP-005,packaging,normal,SYNTHETIC_GOERTEK_PRODUCTION,248,241,7,237,241,248,480,464,445,19,1.6,23509.73,16869.84,3968.86,3127,218887.92,246,242,231,242
2026-06-08,LINE-C01,night,TWS-A70,MAT-TWS-A70,SUP-005,packaging,normal,SYNTHETIC_GOERTEK_PRODUCTION,228,221,7,215,221,217,480,463,445,18,1.6,21343.81,15542.01,3402.22,3249,228488.64,207,208,199,208
2026-06-08,LINE-C02,morning,TWS-A70,MAT-TWS-A70,SUP-006,packaging,rework,SYNTHETIC_GOERTEK_PRODUCTION,233,226,7,220,226,220,480,460,450,10,1.55,21795.39,16113.87,3256.92,4635,330476.94,219,226,217,226
2026-06-08,LINE-C02,afternoon,TWS-A70,MAT-TWS-A70,SUP-006,packaging,normal,SYNTHETIC_GOERTEK_PRODUCTION,256,250,6,246,250,247,540,519,503,16,1.55,23749.1,17629.03,3263.98,3315,233760.94,246,238,229,238
2026-06-08,LINE-C02,night,TWS-A70,MAT-TWS-A70,SUP-006,packaging,normal,SYNTHETIC_GOERTEK_PRODUCTION,214,209,5,204,209,213,480,457,431,26,1.55,19973.19,14907.21,2881.91,3996,285020.15,211,205,198,205
2026-06-09,LINE-A01,morning,SPK-3200,MAT-SPK-3200,SUP-001,assembly,normal,SYNTHETIC_GOERTEK_PRODUCTION,321,313,8,306,313,311,480,462,440,22,1.2,12100.77,8828.01,1808.44,2895,81652.04,318,310,304,310
2026-06-09,LINE-A01,afternoon,SPK-3200,MAT-SPK-3200,SUP-001,assembly,normal,SYNTHETIC_GOERTEK_PRODUCTION,321,315,6,308,315,317,480,470,461,9,1.2,12172.45,9090.33,1717.81,4016,115894.49,331,312,302,312
2026-06-09,LINE-A01,night,SPK-3200,MAT-SPK-3200,SUP-001,assembly,normal,SYNTHETIC_GOERTEK_PRODUCTION,353,343,10,336,343,357,540,517,489,28,1.2,13063.95,9557.64,1971.79,4405,122744.62,343,337,321,337
2026-06-09,LINE-A02,morning,SPK-3200,MAT-SPK-3200,SUP-002,assembly,normal,SYNTHETIC_GOERTEK_PRODUCTION,312,305,7,298,305,321,480,462,432,30,1.25,11785.4,9031.01,1357.61,2854,84506.57,322,311,295,311
2026-06-09,LINE-A02,afternoon,SPK-3200,MAT-SPK-3200,SUP-002,assembly,normal,SYNTHETIC_GOERTEK_PRODUCTION,304,296,8,290,296,289,480,460,386,74,1.25,11362.77,8650.93,1423.63,4371,127747.35,295,308,294,308
2026-06-09,LINE-A02,night,SPK-3200,MAT-SPK-3200,SUP-002,assembly,rework,SYNTHETIC_GOERTEK_PRODUCTION,288,278,10,269,278,294,480,457,441,16,1.25,10602.6,8222.8,1180.89,3827,113196.6,283,277,267,277
2026-06-09,LINE-B01,morning,MIC-1180,MAT-MIC-1180,SUP-003,testing,normal,SYNTHETIC_GOERTEK_PRODUCTION,397,384,13,375,384,399,480,461,447,14,1.05,8404.42,6647.73,817.1,3870,66996.65,409,382,367,382
2026-06-09,LINE-B01,afternoon,MIC-1180,MAT-MIC-1180,SUP-003,testing,rework,SYNTHETIC_GOERTEK_PRODUCTION,391,383,8,375,383,392,480,463,445,18,1.05,8382.72,6555.49,850.56,2953,50544.03,364,362,342,362
2026-06-09,LINE-B01,night,MIC-1180,MAT-MIC-1180,SUP-003,testing,normal,SYNTHETIC_GOERTEK_PRODUCTION,379,368,11,356,368,362,480,469,448,21,1.05,7971.52,6244.2,802.49,4452,75541.25,356,365,357,365
2026-06-09,LINE-B02,morning,MIC-1180,MAT-MIC-1180,SUP-004,testing,normal,SYNTHETIC_GOERTEK_PRODUCTION,352,343,9,335,343,336,480,460,449,11,1.1,7445.22,5872.38,705.06,3828,65537.82,334,339,331,339
2026-06-09,LINE-B02,afternoon,MIC-1180,MAT-MIC-1180,SUP-004,testing,normal,SYNTHETIC_GOERTEK_PRODUCTION,326,316,10,311,316,309,480,460,424,36,1.1,6916.67,5516.48,606.43,3535,61711.26,308,303,296,303
2026-06-09,LINE-B02,night,MIC-1180,MAT-MIC-1180,SUP-004,testing,normal,SYNTHETIC_GOERTEK_PRODUCTION,337,326,11,317,326,325,480,463,447,16,1.1,7168.86,5612.93,751.6,4386,75516.29,332,328,315,328
2026-06-09,LINE-C01,morning,TWS-A70,MAT-TWS-A70,SUP-005,packaging,normal,SYNTHETIC_GOERTEK_PRODUCTION,247,239,8,234,239,243,480,464,450,14,1.6,23142.75,16716.65,3825.03,4861,339998.48,244,249,249,249
2026-06-09,LINE-C01,afternoon,TWS-A70,MAT-TWS-A70,SUP-005,packaging,normal,SYNTHETIC_GOERTEK_PRODUCTION,241,236,5,231,236,232,480,459,449,10,1.6,22506.28,16281.48,3735.5,2422,167092.14,236,239,228,239
2026-06-09,LINE-C01,night,TWS-A70,MAT-TWS-A70,SUP-005,packaging,normal,SYNTHETIC_GOERTEK_PRODUCTION,233,227,6,221,227,231,480,472,458,14,1.6,21680.21,15792.21,3412.41,3658,254484.16,224,227,218,227
2026-06-09,LINE-C02,morning,TWS-A70,MAT-TWS-A70,SUP-006,packaging,normal,SYNTHETIC_GOERTEK_PRODUCTION,247,239,8,235,239,231,480,461,439,22,1.55,23201.22,17411.92,3052.46,3596,261980.19,225,241,235,241
2026-06-09,LINE-C02,afternoon,TWS-A70,MAT-TWS-A70,SUP-006,packaging,test,SYNTHETIC_GOERTEK_PRODUCTION,224,218,6,213,218,214,480,457,434,23,1.55,20880.98,15758.39,2743.14,3529,255097.97,210,218,211,218
2026-06-09,LINE-C02,night,TWS-A70,MAT-TWS-A70,SUP-006,packaging,test,SYNTHETIC_GOERTEK_PRODUCTION,219,214,5,208,214,214,480,462,430,32,1.55,20533.71,15436.24,2628.08,0,0,213,208,203,208
2026-06-10,LINE-A01,morning,SPK-3200,MAT-SPK-3200,SUP-001,assembly,normal,SYNTHETIC_GOERTEK_PRODUCTION,373,364,9,357,364,355,540,521,508,13,1.2,14060.73,10317.1,2134.71,2333,66125.81,340,358,349,358
2026-06-10,LINE-A01,afternoon,SPK-3200,MAT-SPK-3200,SUP-001,assembly,normal,SYNTHETIC_GOERTEK_PRODUCTION,329,320,9,313,320,318,480,454,429,25,1.2,12374.43,9066.67,1940.77,4061,115061.71,293,312,305,312
2026-06-10,LINE-A01,night,SPK-3200,MAT-SPK-3200,SUP-001,assembly,normal,SYNTHETIC_GOERTEK_PRODUCTION,303,294,9,286,294,294,480,462,441,21,1.2,11233.84,8179.26,1821.95,4473,124441.6,277,294,284,294
2026-06-10,LINE-A02,morning,SPK-3200,MAT-SPK-3200,SUP-002,assembly,normal,SYNTHETIC_GOERTEK_PRODUCTION,354,343,11,336,343,329,540,520,495,25,1.25,13220.52,10073.28,1505.9,4031,118383.07,367,335,323,335
2026-06-10,LINE-A02,afternoon,SPK-3200,MAT-SPK-3200,SUP-002,assembly,normal,SYNTHETIC_GOERTEK_PRODUCTION,300,292,8,283,292,285,480,461,441,20,1.25,11151.93,8443.65,1584.44,4019,116215.85,287,289,278,289
2026-06-10,LINE-A02,night,SPK-3200,MAT-SPK-3200,SUP-002,assembly,rework,SYNTHETIC_GOERTEK_PRODUCTION,287,280,7,275,280,278,480,470,452,18,1.25,10855.22,8269.3,1415.99,4118,121617.78,300,281,271,281
2026-06-10,LINE-B01,morning,MIC-1180,MAT-MIC-1180,SUP-003,testing,normal,SYNTHETIC_GOERTEK_PRODUCTION,387,376,11,365,376,365,480,456,438,18,1.05,8365.52,6436.89,922.8,3411,58394.23,382,373,366,373
2026-06-10,LINE-B01,afternoon,MIC-1180,MAT-MIC-1180,SUP-003,testing,normal,SYNTHETIC_GOERTEK_PRODUCTION,399,389,10,385,389,377,480,465,445,20,1.05,8462.12,6734.75,768.79,3110,53843.37,397,397,381,397
2026-06-10,LINE-B01,night,MIC-1180,MAT-MIC-1180,SUP-003,testing,normal,SYNTHETIC_GOERTEK_PRODUCTION,374,364,10,357,364,371,480,467,447,20,1.05,8030.47,6171.4,905.98,2890,48998.2,360,368,359,368
2026-06-10,LINE-B02,morning,MIC-1180,MAT-MIC-1180,SUP-004,testing,normal,SYNTHETIC_GOERTEK_PRODUCTION,352,343,9,337,343,346,480,460,444,16,1.1,7537.27,5855.56,776.17,4163,71069.09,345,342,331,342
2026-06-10,LINE-B02,afternoon,MIC-1180,MAT-MIC-1180,SUP-004,testing,normal,SYNTHETIC_GOERTEK_PRODUCTION,336,328,8,322,328,331,480,469,438,31,1.1,7128.5,5556.21,780.03,3111,52699.3,348,340,329,340
2026-06-10,LINE-B02,night,MIC-1180,MAT-MIC-1180,SUP-004,testing,normal,SYNTHETIC_GOERTEK_PRODUCTION,331,325,6,319,325,315,480,474,445,29,1.1,7202.18,5754.44,612.9,3607,63865.43,321,324,311,324
2026-06-10,LINE-C01,morning,TWS-A70,MAT-TWS-A70,SUP-005,packaging,normal,SYNTHETIC_GOERTEK_PRODUCTION,248,241,7,235,241,245,480,461,433,28,1.6,23339.43,16974.14,3619.98,4387,308985.69,240,231,223,231
2026-06-10,LINE-C01,afternoon,TWS-A70,MAT-TWS-A70,SUP-005,packaging,normal,SYNTHETIC_GOERTEK_PRODUCTION,241,234,7,232,234,241,480,461,432,29,1.6,22219.71,16102.07,3378.77,3914,269331.21,248,239,229,239
2026-06-10,LINE-C01,night,TWS-A70,MAT-TWS-A70,SUP-005,packaging,normal,SYNTHETIC_GOERTEK_PRODUCTION,228,224,4,220,224,224,480,467,447,20,1.6,21542.69,15717.36,3462.67,4662,327117.56,225,218,212,218
2026-06-10,LINE-C02,morning,TWS-A70,MAT-TWS-A70,SUP-006,packaging,normal,SYNTHETIC_GOERTEK_PRODUCTION,230,223,7,218,223,221,480,459,439,20,1.55,21286.45,16192.4,2745.81,3236,234971.33,223,221,214,221
2026-06-10,LINE-C02,afternoon,TWS-A70,MAT-TWS-A70,SUP-006,packaging,normal,SYNTHETIC_GOERTEK_PRODUCTION,226,222,4,218,222,218,480,456,432,24,1.55,21222.51,16123.77,2722.96,4899,355812.38,232,223,216,223
2026-06-10,LINE-C02,night,TWS-A70,MAT-TWS-A70,SUP-006,packaging,normal,SYNTHETIC_GOERTEK_PRODUCTION,219,214,5,210,214,207,480,465,430,35,1.55,20359.08,15131.56,2774.49,3114,220185.41,194,198,190,198
2026-06-11,LINE-A01,morning,SPK-3200,MAT-SPK-3200,SUP-001,assembly,normal,SYNTHETIC_GOERTEK_PRODUCTION,342,333,9,326,333,318,480,463,454,9,1.2,12829.47,9630.47,1731.51,2312,66863.8,335,334,321,334
2026-06-11,LINE-A01,afternoon,SPK-3200,MAT-SPK-3200,SUP-001,assembly,normal,SYNTHETIC_GOERTEK_PRODUCTION,323,314,9,308,314,324,480,469,455,14,1.2,12149.99,9026.26,1605.56,4374,125735.23,305,307,303,307
2026-06-11,LINE-A01,night,SPK-3200,MAT-SPK-3200,SUP-001,assembly,normal,SYNTHETIC_GOERTEK_PRODUCTION,306,299,7,291,299,306,480,453,427,26,1.2,11362.05,8406.62,1658.61,4419,124243.66,302,302,295,302
2026-06-11,LINE-A02,morning,SPK-3200,MAT-SPK-3200,SUP-002,assembly,normal,SYNTHETIC_GOERTEK_PRODUCTION,315,306,9,299,306,321,480,459,442,17,1.25,11680.37,9053.93,1378,4062,120186.48,323,324,313,324
2026-06-11,LINE-A02,afternoon,SPK-3200,MAT-SPK-3200,SUP-002,assembly,normal,SYNTHETIC_GOERTEK_PRODUCTION,304,295,9,289,295,303,480,465,457,8,1.25,11392.84,8793.02,1328.28,0,0,303,285,276,285
2026-06-11,LINE-A02,night,SPK-3200,MAT-SPK-3200,SUP-002,assembly,normal,SYNTHETIC_GOERTEK_PRODUCTION,278,270,8,265,270,277,480,457,442,15,1.25,10432.04,7843.98,1355.94,4539,131866.02,279,276,265,276
2026-06-11,LINE-B01,morning,MIC-1180,MAT-MIC-1180,SUP-003,testing,normal,SYNTHETIC_GOERTEK_PRODUCTION,397,384,13,374,384,389,480,464,445,19,1.05,8441.05,6637.04,863.73,4584,79229.67,359,361,346,361
2026-06-11,LINE-B01,afternoon,MIC-1180,MAT-MIC-1180,SUP-003,testing,normal,SYNTHETIC_GOERTEK_PRODUCTION,394,381,13,371,381,392,480,467,453,14,1.05,8296.54,6476.87,835.07,3311,56285.87,380,374,361,374
2026-06-11,LINE-B01,night,MIC-1180,MAT-MIC-1180,SUP-003,testing,normal,SYNTHETIC_GOERTEK_PRODUCTION,380,370,10,365,370,373,480,461,438,23,1.05,8120.3,6300.95,880.04,3080,52451.15,365,364,350,364
2026-06-11,LINE-B02,morning,MIC-1180,MAT-MIC-1180,SUP-004,testing,normal,SYNTHETIC_GOERTEK_PRODUCTION,347,340,7,332,340,346,480,463,445,18,1.1,7433.43,5867.92,766.07,2738,47254.01,344,344,337,344
2026-06-11,LINE-B02,afternoon,MIC-1180,MAT-MIC-1180,SUP-004,testing,normal,SYNTHETIC_GOERTEK_PRODUCTION,328,319,9,311,319,313,480,454,417,37,1.1,7043.57,5620.13,631.98,4070,71705.11,318,320,306,320
2026-06-11,LINE-B02,night,MIC-1180,MAT-MIC-1180,SUP-004,testing,normal,SYNTHETIC_GOERTEK_PRODUCTION,305,298,7,290,298,300,480,458,434,24,1.1,6586.31,5153.82,674.02,3884,67172.61,295,294,285,294
2026-06-11,LINE-C01,morning,TWS-A70,MAT-TWS-A70,SUP-005,packaging,normal,SYNTHETIC_GOERTEK_PRODUCTION,259,254,5,248,254,255,480,464,429,35,1.6,24318.27,17170.69,4455.48,3019,204087.85,255,255,249,255
2026-06-11,LINE-C01,afternoon,TWS-A70,MAT-TWS-A70,SUP-005,packaging,normal,SYNTHETIC_GOERTEK_PRODUCTION,236,228,8,223,228,231,480,454,422,32,1.6,21523.36,15353.33,3576.78,2959,199256.59,229,230,222,230
2026-06-11,LINE-C01,night,TWS-A70,MAT-TWS-A70,SUP-005,packaging,normal,SYNTHETIC_GOERTEK_PRODUCTION,272,262,10,255,262,258,540,533,524,9,1.6,25255.02,17981.4,4066.4,4131,283515.89,251,251,239,251
2026-06-11,LINE-C02,morning,TWS-A70,MAT-TWS-A70,SUP-006,packaging,normal,SYNTHETIC_GOERTEK_PRODUCTION,234,227,7,220,227,223,480,463,434,29,1.55,21738.87,16391.5,2881.99,3496,252443.54,239,231,227,231
2026-06-11,LINE-C02,afternoon,TWS-A70,MAT-TWS-A70,SUP-006,packaging,normal,SYNTHETIC_GOERTEK_PRODUCTION,232,227,5,223,227,227,480,463,443,20,1.55,22055.36,16708.73,2838.67,2846,209484.78,233,234,226,234
2026-06-11,LINE-C02,night,TWS-A70,MAT-TWS-A70,SUP-006,packaging,normal,SYNTHETIC_GOERTEK_PRODUCTION,207,202,5,197,202,200,480,461,442,19,1.55,19331.55,14634.78,2415.37,4187,303345.66,219,209,206,209
2026-06-12,LINE-A01,morning,SPK-3200,MAT-SPK-3200,SUP-001,assembly,normal,SYNTHETIC_GOERTEK_PRODUCTION,336,328,8,323,328,330,480,468,457,11,1.2,12575.04,9547.57,1677.14,3363,97891.7,346,329,325,329
2026-06-12,LINE-A01,afternoon,SPK-3200,MAT-SPK-3200,SUP-001,assembly,rework,SYNTHETIC_GOERTEK_PRODUCTION,327,316,11,310,316,308,480,450,425,25,1.2,12144,9012.94,1767.28,4437,126551.95,314,310,299,310
2026-06-12,LINE-A01,night,SPK-3200,MAT-SPK-3200,SUP-001,assembly,normal,SYNTHETIC_GOERTEK_PRODUCTION,316,306,10,298,306,302,480,472,444,28,1.2,11676.56,8602.88,1735.41,4701,132163.85,310,308,297,308
2026-06-12,LINE-A02,morning,SPK-3200,MAT-SPK-3200,SUP-002,assembly,normal,SYNTHETIC_GOERTEK_PRODUCTION,297,292,5,287,292,282,480,459,442,17,1.25,11388.21,8654.63,1467.28,3300,97809.17,288,288,284,288
2026-06-12,LINE-A02,afternoon,SPK-3200,MAT-SPK-3200,SUP-002,assembly,normal,SYNTHETIC_GOERTEK_PRODUCTION,342,333,9,325,333,344,540,517,503,14,1.25,12732.97,9902.14,1314.81,4190,124594.49,338,331,320,331
2026-06-12,LINE-A02,night,SPK-3200,MAT-SPK-3200,SUP-002,assembly,test,SYNTHETIC_GOERTEK_PRODUCTION,289,282,7,276,282,285,480,465,440,25,1.25,10886.75,8290.17,1519.2,5136,150986.93,294,286,272,286
2026-06-12,LINE-B01,morning,MIC-1180,MAT-MIC-1180,SUP-003,testing,normal,SYNTHETIC_GOERTEK_PRODUCTION,402,391,11,383,391,393,480,462,429,33,1.05,8645.49,6694.22,900.41,4400,75331.38,381,413,401,413
2026-06-12,LINE-B01,afternoon,MIC-1180,MAT-MIC-1180,SUP-003,testing,normal,SYNTHETIC_GOERTEK_PRODUCTION,443,434,9,426,434,428,540,516,483,33,1.05,9566.01,7546.05,864.98,3455,60072.82,415,423,404,423
2026-06-12,LINE-B01,night,MIC-1180,MAT-MIC-1180,SUP-003,testing,normal,SYNTHETIC_GOERTEK_PRODUCTION,376,364,12,354,364,358,480,468,453,15,1.05,7962.47,6197.59,825.24,3437,58519.55,372,346,337,346
2026-06-12,LINE-B02,morning,MIC-1180,MAT-MIC-1180,SUP-004,testing,normal,SYNTHETIC_GOERTEK_PRODUCTION,344,334,10,328,334,334,480,463,424,39,1.1,7421.93,5874.02,712.03,4592,80758.98,310,323,313,323
2026-06-12,LINE-B02,afternoon,MIC-1180,MAT-MIC-1180,SUP-004,testing,normal,SYNTHETIC_GOERTEK_PRODUCTION,324,316,8,310,316,317,480,454,424,30,1.1,6904.88,5449.3,636.73,4865,83895.08,308,305,291,305
2026-06-12,LINE-B02,night,MIC-1180,MAT-MIC-1180,SUP-004,testing,normal,SYNTHETIC_GOERTEK_PRODUCTION,351,342,9,335,342,338,540,523,499,24,1.1,7563.95,5861.07,859.17,3200,54840.42,336,350,340,350
2026-06-12,LINE-C01,morning,TWS-A70,MAT-TWS-A70,SUP-005,packaging,normal,SYNTHETIC_GOERTEK_PRODUCTION,246,239,7,232,239,239,480,467,446,21,1.6,22885.03,16270.64,4118.11,2920,198787.74,243,240,231,240
2026-06-12,LINE-C01,afternoon,TWS-A70,MAT-TWS-A70,SUP-005,packaging,normal,SYNTHETIC_GOERTEK_PRODUCTION,247,240,7,234,240,245,480,456,433,23,1.6,22822.48,16510.62,3939.47,4045,278272.74,236,240,228,240
2026-06-12,LINE-C01,night,TWS-A70,MAT-TWS-A70,SUP-005,packaging,normal,SYNTHETIC_GOERTEK_PRODUCTION,237,229,8,222,229,232,480,469,439,30,1.6,22082.85,15727.22,3893.47,0,0,219,228,220,228
2026-06-12,LINE-C02,morning,TWS-A70,MAT-TWS-A70,SUP-006,packaging,normal,SYNTHETIC_GOERTEK_PRODUCTION,233,226,7,221,226,227,480,464,439,25,1.55,21625.45,16149.23,3165.69,3855,275465.85,222,227,223,227
2026-06-12,LINE-C02,afternoon,TWS-A70,MAT-TWS-A70,SUP-006,packaging,test,SYNTHETIC_GOERTEK_PRODUCTION,254,246,8,241,246,247,540,522,496,26,1.55,23694.69,17745.44,3188.97,3664,264306.07,243,248,240,248
2026-06-12,LINE-C02,night,TWS-A70,MAT-TWS-A70,SUP-006,packaging,normal,SYNTHETIC_GOERTEK_PRODUCTION,246,238,8,235,238,239,540,522,494,28,1.55,23005.69,17508.57,2959.95,4020,295732.99,235,237,230,237
2026-06-13,LINE-A01,morning,SPK-3200,MAT-SPK-3200,SUP-001,assembly,normal,SYNTHETIC_GOERTEK_PRODUCTION,326,317,9,310,317,321,480,461,377,84,1.2,12264.89,9036.03,1738.85,3948,112537.06,364,333,318,333
2026-06-13,LINE-A01,afternoon,SPK-3200,MAT-SPK-3200,SUP-001,assembly,normal,SYNTHETIC_GOERTEK_PRODUCTION,325,313,12,309,313,313,480,466,440,26,1.2,12082.57,8987.37,1802.96,3549,101904.72,307,318,307,318
2026-06-13,LINE-A01,night,SPK-3200,MAT-SPK-3200,SUP-001,assembly,normal,SYNTHETIC_GOERTEK_PRODUCTION,300,292,8,287,292,291,480,461,425,36,1.2,11067.7,8118.87,1635.4,0,0,280,298,286,298
2026-06-13,LINE-A02,morning,SPK-3200,MAT-SPK-3200,SUP-002,assembly,normal,SYNTHETIC_GOERTEK_PRODUCTION,292,284,8,277,284,279,480,460,438,22,1.25,11015.67,8312.66,1375.83,4343,127119.3,269,286,273,286
2026-06-13,LINE-A02,afternoon,SPK-3200,MAT-SPK-3200,SUP-002,assembly,normal,SYNTHETIC_GOERTEK_PRODUCTION,333,322,11,316,322,315,540,524,504,20,1.25,12361.63,9553.86,1367.96,4170,123725.45,320,316,301,316
2026-06-13,LINE-A02,night,SPK-3200,MAT-SPK-3200,SUP-002,assembly,normal,SYNTHETIC_GOERTEK_PRODUCTION,277,270,7,263,270,274,480,462,460,2,1.25,10448.45,8001.2,1228.97,4378,129737.98,266,273,259,273
2026-06-13,LINE-B01,morning,MIC-1180,MAT-MIC-1180,SUP-003,testing,normal,SYNTHETIC_GOERTEK_PRODUCTION,399,386,13,381,386,367,480,468,452,16,1.05,8488.53,6592.56,945.02,2661,45447.67,414,397,383,397
2026-06-13,LINE-B01,afternoon,MIC-1180,MAT-MIC-1180,SUP-003,testing,normal,SYNTHETIC_GOERTEK_PRODUCTION,379,369,10,361,369,367,480,464,430,34,1.05,8089.96,6337.69,906.16,3020,51869.44,358,351,337,351
2026-06-13,LINE-B01,night,MIC-1180,MAT-MIC-1180,SUP-003,testing,normal,SYNTHETIC_GOERTEK_PRODUCTION,363,355,8,349,355,367,480,470,445,25,1.05,7862.12,6082.66,921.26,3067,52550.76,359,348,332,348
2026-06-13,LINE-B02,morning,MIC-1180,MAT-MIC-1180,SUP-004,testing,normal,SYNTHETIC_GOERTEK_PRODUCTION,341,331,10,327,331,330,480,455,426,29,1.1,7241.87,5823.21,519.87,4036,71004.46,346,332,315,332
2026-06-13,LINE-B02,afternoon,MIC-1180,MAT-MIC-1180,SUP-004,testing,rework,SYNTHETIC_GOERTEK_PRODUCTION,359,352,7,344,352,369,540,524,493,31,1.1,7724.49,6101.26,683.72,3171,54963.34,348,338,326,338
2026-06-13,LINE-B02,night,MIC-1180,MAT-MIC-1180,SUP-004,testing,rework,SYNTHETIC_GOERTEK_PRODUCTION,308,299,9,292,299,305,480,460,439,21,1.1,6603.33,5227.54,705.55,3944,68954.57,291,300,294,300
2026-06-13,LINE-C01,morning,TWS-A70,MAT-TWS-A70,SUP-005,packaging,normal,SYNTHETIC_GOERTEK_PRODUCTION,245,239,6,234,239,243,480,461,436,25,1.6,23205.4,16827.61,3662.15,2908,204747.66,236,243,231,243
2026-06-13,LINE-C01,afternoon,TWS-A70,MAT-TWS-A70,SUP-005,packaging,normal,SYNTHETIC_GOERTEK_PRODUCTION,228,222,6,218,222,217,480,459,436,23,1.6,21209.27,15174.81,3733.33,5190,354762.45,214,219,212,219
2026-06-13,LINE-C01,night,TWS-A70,MAT-TWS-A70,SUP-005,packaging,normal,SYNTHETIC_GOERTEK_PRODUCTION,227,220,7,216,220,225,480,467,438,29,1.6,21192.08,15279.19,3476.26,3248,225576.41,217,212,202,212
2026-06-13,LINE-C02,morning,TWS-A70,MAT-TWS-A70,SUP-006,packaging,normal,SYNTHETIC_GOERTEK_PRODUCTION,218,214,4,210,214,214,480,454,434,20,1.55,20526.27,15687.27,2543.73,2592,190006.56,225,227,225,227
2026-06-13,LINE-C02,afternoon,TWS-A70,MAT-TWS-A70,SUP-006,packaging,normal,SYNTHETIC_GOERTEK_PRODUCTION,219,212,7,207,212,220,480,461,437,24,1.55,20528.3,15590.72,2460.48,4322,317844.77,208,212,209,212
2026-06-13,LINE-C02,night,TWS-A70,MAT-TWS-A70,SUP-006,packaging,normal,SYNTHETIC_GOERTEK_PRODUCTION,210,205,5,200,205,203,480,457,425,32,1.55,19740.6,15000.14,2482.85,4364,319320.05,204,205,199,205
2026-06-14,LINE-A01,morning,SPK-3200,MAT-SPK-3200,SUP-001,assembly,normal,SYNTHETIC_GOERTEK_PRODUCTION,353,347,6,339,347,349,540,516,508,8,1.2,13399.41,9873.83,2053.14,3450,98169.2,331,337,325,337
2026-06-14,LINE-A01,afternoon,SPK-3200,MAT-SPK-3200,SUP-001,assembly,normal,SYNTHETIC_GOERTEK_PRODUCTION,315,305,10,299,305,312,480,459,440,19,1.2,11838.57,8770.08,1809.15,3543,101876.7,293,313,296,313
2026-06-14,LINE-A01,night,SPK-3200,MAT-SPK-3200,SUP-001,assembly,normal,SYNTHETIC_GOERTEK_PRODUCTION,312,303,9,296,303,308,480,470,446,24,1.2,11649.9,8543.48,1657.19,4085,115181.9,306,289,276,289
2026-06-14,LINE-A02,morning,SPK-3200,MAT-SPK-3200,SUP-002,assembly,normal,SYNTHETIC_GOERTEK_PRODUCTION,301,294,7,288,294,290,480,468,371,97,1.25,11255.22,8500.91,1445.3,3295,95273.8,281,289,282,289
2026-06-14,LINE-A02,afternoon,SPK-3200,MAT-SPK-3200,SUP-002,assembly,normal,SYNTHETIC_GOERTEK_PRODUCTION,348,340,8,331,340,339,540,534,520,14,1.25,12981.18,9712.27,1887.86,2468,70499.65,327,338,321,338
2026-06-14,LINE-A02,night,SPK-3200,MAT-SPK-3200,SUP-002,assembly,normal,SYNTHETIC_GOERTEK_PRODUCTION,288,279,9,272,279,288,480,471,463,8,1.25,10708.07,8018.68,1421.83,0,0,287,285,280,285
2026-06-14,LINE-B01,morning,MIC-1180,MAT-MIC-1180,SUP-003,testing,normal,SYNTHETIC_GOERTEK_PRODUCTION,383,375,8,368,375,379,480,460,433,27,1.05,8252.63,6378.23,884.57,4763,81012.03,358,366,359,366
2026-06-14,LINE-B01,afternoon,MIC-1180,MAT-MIC-1180,SUP-003,testing,normal,SYNTHETIC_GOERTEK_PRODUCTION,389,378,11,372,378,366,480,468,440,28,1.05,8337.75,6395.84,920.94,3326,56276.62,375,379,363,379
2026-06-14,LINE-B01,night,MIC-1180,MAT-MIC-1180,SUP-003,testing,normal,SYNTHETIC_GOERTEK_PRODUCTION,400,389,11,380,389,397,540,528,499,29,1.05,8611.01,6657.19,942.48,2752,47096.62,415,382,367,382
2026-06-14,LINE-B02,morning,MIC-1180,MAT-MIC-1180,SUP-004,testing,normal,SYNTHETIC_GOERTEK_PRODUCTION,320,312,8,303,312,311,480,452,429,23,1.1,6949.4,5448.59,738.63,4403,76891.48,307,299,292,299
2026-06-14,LINE-B02,afternoon,MIC-1180,MAT-MIC-1180,SUP-004,testing,normal,SYNTHETIC_GOERTEK_PRODUCTION,319,312,7,304,312,322,480,458,439,19,1.1,6836.93,5483.65,555.64,3353,58931.66,318,311,300,311
2026-06-14,LINE-B02,night,MIC-1180,MAT-MIC-1180,SUP-004,testing,normal,SYNTHETIC_GOERTEK_PRODUCTION,299,291,8,285,291,286,480,470,441,29,1.1,6428.5,5098.4,615.87,5340,93558.27,283,289,278,289
2026-06-14,LINE-C01,morning,TWS-A70,MAT-TWS-A70,SUP-005,packaging,normal,SYNTHETIC_GOERTEK_PRODUCTION,243,236,7,228,236,235,480,463,440,23,1.6,22534.04,16106.07,4146.56,3642,248552.15,262,242,232,242
2026-06-14,LINE-C01,afternoon,TWS-A70,MAT-TWS-A70,SUP-005,packaging,normal,SYNTHETIC_GOERTEK_PRODUCTION,231,225,6,219,225,226,480,459,437,22,1.6,21632.61,15485.39,3553.38,2916,200690.65,246,239,226,239
2026-06-14,LINE-C01,night,TWS-A70,MAT-TWS-A70,SUP-005,packaging,normal,SYNTHETIC_GOERTEK_PRODUCTION,227,221,6,216,221,218,480,460,437,23,1.6,21234.97,15231.72,3392.14,3777,260317.68,228,220,213,220
2026-06-14,LINE-C02,morning,TWS-A70,MAT-TWS-A70,SUP-006,packaging,normal,SYNTHETIC_GOERTEK_PRODUCTION,235,229,6,222,229,238,480,462,438,24,1.55,21944.37,16428.8,3103.06,3094,221968.15,234,227,218,227
2026-06-14,LINE-C02,afternoon,TWS-A70,MAT-TWS-A70,SUP-006,packaging,normal,SYNTHETIC_GOERTEK_PRODUCTION,223,217,6,213,217,215,480,468,457,11,1.55,20858.32,15648.01,2934.43,5556,400646.74,226,229,223,229
2026-06-14,LINE-C02,night,TWS-A70,MAT-TWS-A70,SUP-006,packaging,normal,SYNTHETIC_GOERTEK_PRODUCTION,207,201,6,197,201,196,480,459,436,23,1.55,19149.07,14224.35,2695.29,3102,219522.06,188,197,189,197
2026-06-15,LINE-A01,morning,SPK-3200,MAT-SPK-3200,SUP-001,assembly,normal,SYNTHETIC_GOERTEK_PRODUCTION,340,330,10,325,330,314,480,459,437,22,1.2,12624.65,9410.93,1787.79,3216,91713.79,335,342,327,342
2026-06-15,LINE-A01,afternoon,SPK-3200,MAT-SPK-3200,SUP-001,assembly,normal,SYNTHETIC_GOERTEK_PRODUCTION,334,326,8,321,326,327,480,461,436,25,1.2,12562.81,9084.78,2045.92,3567,99403.1,342,338,333,338
2026-06-15,LINE-A01,night,SPK-3200,MAT-SPK-3200,SUP-001,assembly,normal,SYNTHETIC_GOERTEK_PRODUCTION,300,293,7,287,293,291,480,457,445,12,1.2,11415.45,8502.17,1608.98,3966,115083.98,317,306,295,306
2026-06-15,LINE-A02,morning,SPK-3200,MAT-SPK-3200,SUP-002,assembly,normal,SYNTHETIC_GOERTEK_PRODUCTION,306,299,7,292,299,299,480,458,443,15,1.25,11478.71,8952.61,1227.49,3904,116892.94,295,302,287,302
2026-06-15,LINE-A02,afternoon,SPK-3200,MAT-SPK-3200,SUP-002,assembly,normal,SYNTHETIC_GOERTEK_PRODUCTION,310,304,6,300,304,314,480,475,454,21,1.25,11790.51,8995.87,1390.69,5465,161718.52,288,295,284,295
2026-06-15,LINE-A02,night,SPK-3200,MAT-SPK-3200,SUP-002,assembly,normal,SYNTHETIC_GOERTEK_PRODUCTION,287,278,9,272,278,287,480,457,372,85,1.25,10666.05,8103.79,1386.16,3703,107943.65,256,282,270,282
2026-06-15,LINE-B01,morning,MIC-1180,MAT-MIC-1180,SUP-003,testing,normal,SYNTHETIC_GOERTEK_PRODUCTION,388,380,8,372,380,379,480,458,425,33,1.05,8312.53,6439.48,968.91,4135,70071.71,385,378,359,378
2026-06-15,LINE-B01,afternoon,MIC-1180,MAT-MIC-1180,SUP-003,testing,normal,SYNTHETIC_GOERTEK_PRODUCTION,391,380,11,370,380,395,480,459,445,14,1.05,8438.45,6700.19,796.99,3826,67460.33,384,392,384,392
2026-06-15,LINE-B01,night,MIC-1180,MAT-MIC-1180,SUP-003,testing,normal,SYNTHETIC_GOERTEK_PRODUCTION,375,366,9,361,366,383,480,463,447,16,1.05,8014.86,6310.01,781.03,4521,77944.14,343,342,331,342
2026-06-15,LINE-B02,morning,MIC-1180,MAT-MIC-1180,SUP-004,testing,normal,SYNTHETIC_GOERTEK_PRODUCTION,343,335,8,327,335,322,480,461,439,22,1.1,7440.25,5863.09,722.57,4636,81138.16,344,326,314,326
2026-06-15,LINE-B02,afternoon,MIC-1180,MAT-MIC-1180,SUP-004,testing,normal,SYNTHETIC_GOERTEK_PRODUCTION,341,332,9,327,332,335,480,468,376,92,1.1,7342.6,5805.56,763.29,4074,71240.52,322,326,314,326
2026-06-15,LINE-B02,night,MIC-1180,MAT-MIC-1180,SUP-004,testing,normal,SYNTHETIC_GOERTEK_PRODUCTION,320,309,11,303,309,303,480,463,441,22,1.1,6822.5,5419.98,603.52,4218,73985.36,300,308,295,308
2026-06-15,LINE-C01,morning,TWS-A70,MAT-TWS-A70,SUP-005,packaging,normal,SYNTHETIC_GOERTEK_PRODUCTION,243,236,7,230,236,235,480,454,432,22,1.6,22745.09,16534.69,3621.48,5146,360540.32,251,239,228,239
2026-06-15,LINE-C01,afternoon,TWS-A70,MAT-TWS-A70,SUP-005,packaging,normal,SYNTHETIC_GOERTEK_PRODUCTION,252,244,8,238,244,246,480,466,437,29,1.6,23355.34,16845.02,3823.4,4006,276562.09,239,246,237,246
2026-06-15,LINE-C01,night,TWS-A70,MAT-TWS-A70,SUP-005,packaging,normal,SYNTHETIC_GOERTEK_PRODUCTION,238,232,6,226,232,237,480,465,455,10,1.6,22238.47,16274.18,3396.84,4457,312646.64,212,220,218,220
2026-06-15,LINE-C02,morning,TWS-A70,MAT-TWS-A70,SUP-006,packaging,normal,SYNTHETIC_GOERTEK_PRODUCTION,237,231,6,226,231,232,480,467,449,18,1.55,22369.15,16769.03,3100.29,2263,164278.42,231,228,219,228
2026-06-15,LINE-C02,afternoon,TWS-A70,MAT-TWS-A70,SUP-006,packaging,normal,SYNTHETIC_GOERTEK_PRODUCTION,228,221,7,216,221,216,480,462,448,14,1.55,20921.9,15826.39,2627.12,3392,242910.02,225,220,216,220
2026-06-15,LINE-C02,night,TWS-A70,MAT-TWS-A70,SUP-006,packaging,normal,SYNTHETIC_GOERTEK_PRODUCTION,210,205,5,201,205,202,480,456,441,15,1.55,19558.45,14765.31,2697.79,4590,330598.89,204,202,199,202
2026-06-16,LINE-A01,morning,SPK-3200,MAT-SPK-3200,SUP-001,assembly,normal,SYNTHETIC_GOERTEK_PRODUCTION,325,314,11,306,314,305,480,449,431,18,1.2,12082.69,8946.83,1677.25,4233,120611.25,309,306,297,306
2026-06-16,LINE-A01,afternoon,SPK-3200,MAT-SPK-3200,SUP-001,assembly,normal,SYNTHETIC_GOERTEK_PRODUCTION,324,314,10,306,314,307,480,459,429,30,1.2,12140.28,8946.51,1814.97,5678,161777.97,304,301,295,301
2026-06-16,LINE-A01,night,SPK-3200,MAT-SPK-3200,SUP-001,assembly,normal,SYNTHETIC_GOERTEK_PRODUCTION,365,354,11,343,354,358,540,528,503,25,1.2,13584.94,10311.73,1804.15,4633,134955.49,367,351,337,351
2026-06-16,LINE-A02,morning,SPK-3200,MAT-SPK-3200,SUP-002,assembly,normal,SYNTHETIC_GOERTEK_PRODUCTION,314,305,9,301,305,303,480,464,448,16,1.25,11617.24,8859.25,1445.73,3313,96231.79,340,313,303,313
2026-06-16,LINE-A02,afternoon,SPK-3200,MAT-SPK-3200,SUP-002,assembly,normal,SYNTHETIC_GOERTEK_PRODUCTION,304,296,8,289,296,291,480,462,441,21,1.25,11293.94,8644.02,1318.04,4477,130740.8,299,294,280,294
2026-06-16,LINE-A02,night,SPK-3200,MAT-SPK-3200,SUP-002,assembly,normal,SYNTHETIC_GOERTEK_PRODUCTION,282,273,9,266,273,275,480,464,443,21,1.25,10501.29,7973.37,1273.69,4341,126785.34,275,265,254,265
2026-06-16,LINE-B01,morning,MIC-1180,MAT-MIC-1180,SUP-003,testing,normal,SYNTHETIC_GOERTEK_PRODUCTION,442,434,8,426,434,422,540,517,498,19,1.05,9607.27,7553.9,916.09,3496,60848.93,436,441,432,441
2026-06-16,LINE-B01,afternoon,MIC-1180,MAT-MIC-1180,SUP-003,testing,normal,SYNTHETIC_GOERTEK_PRODUCTION,382,372,10,362,372,367,480,463,444,19,1.05,8299.45,6441.98,791.29,2851,49371.2,387,388,367,388
2026-06-16,LINE-B01,night,MIC-1180,MAT-MIC-1180,SUP-003,testing,normal,SYNTHETIC_GOERTEK_PRODUCTION,385,373,12,366,373,395,480,466,430,36,1.05,8284.38,6399.74,978.53,4046,69419.16,367,364,343,364
2026-06-16,LINE-B02,morning,MIC-1180,MAT-MIC-1180,SUP-004,testing,normal,SYNTHETIC_GOERTEK_PRODUCTION,363,352,11,343,352,361,480,463,446,17,1.1,7806.47,6150.45,685.22,3227,56384.95,333,344,336,344
2026-06-16,LINE-B02,afternoon,MIC-1180,MAT-MIC-1180,SUP-004,testing,normal,SYNTHETIC_GOERTEK_PRODUCTION,343,332,11,325,332,332,480,473,445,28,1.1,7333.68,5807.18,700.88,3114,54468.55,354,334,322,334
2026-06-16,LINE-B02,night,MIC-1180,MAT-MIC-1180,SUP-004,testing,normal,SYNTHETIC_GOERTEK_PRODUCTION,330,322,8,314,322,333,480,470,449,21,1.1,7044.59,5486.45,783.37,3393,57812.19,329,327,318,327
2026-06-16,LINE-C01,morning,TWS-A70,MAT-TWS-A70,SUP-005,packaging,normal,SYNTHETIC_GOERTEK_PRODUCTION,280,273,7,270,273,264,540,519,439,80,1.6,26180.66,19202.26,3944.82,4656,327493.49,285,282,266,282
2026-06-16,LINE-C01,afternoon,TWS-A70,MAT-TWS-A70,SUP-005,packaging,normal,SYNTHETIC_GOERTEK_PRODUCTION,235,228,7,222,228,230,480,453,441,12,1.6,21651.24,15643.35,3405.16,4043,277395.02,215,215,204,215
2026-06-16,LINE-C01,night,TWS-A70,MAT-TWS-A70,SUP-005,packaging,normal,SYNTHETIC_GOERTEK_PRODUCTION,225,219,6,214,219,220,480,460,449,11,1.6,21067.04,15043.87,3782.79,2949,202577.04,228,220,213,220
2026-06-16,LINE-C02,morning,TWS-A70,MAT-TWS-A70,SUP-006,packaging,normal,SYNTHETIC_GOERTEK_PRODUCTION,249,242,7,236,242,240,480,468,443,25,1.55,23328.26,17646.27,3197.65,4994,364154.84,242,244,234,244
2026-06-16,LINE-C02,afternoon,TWS-A70,MAT-TWS-A70,SUP-006,packaging,test,SYNTHETIC_GOERTEK_PRODUCTION,269,260,9,254,260,258,540,513,491,22,1.55,24978.62,18805.1,3466.5,5184,374944.76,271,262,252,262
2026-06-16,LINE-C02,night,TWS-A70,MAT-TWS-A70,SUP-006,packaging,normal,SYNTHETIC_GOERTEK_PRODUCTION,209,204,5,199,204,207,480,458,384,74,1.55,19763.68,15110.39,2363.27,3181,235618.39,204,203,193,203
2026-06-17,LINE-A01,morning,SPK-3200,MAT-SPK-3200,SUP-001,assembly,normal,SYNTHETIC_GOERTEK_PRODUCTION,349,339,10,332,339,324,480,456,425,31,1.2,13240.75,9561.04,1983.57,3552,100179.39,357,349,332,349
2026-06-17,LINE-A01,afternoon,SPK-3200,MAT-SPK-3200,SUP-001,assembly,normal,SYNTHETIC_GOERTEK_PRODUCTION,327,319,8,313,319,307,480,459,446,13,1.2,12506.19,9261.76,1806.58,3910,113521.89,321,323,311,323
2026-06-17,LINE-A01,night,SPK-3200,MAT-SPK-3200,SUP-001,assembly,normal,SYNTHETIC_GOERTEK_PRODUCTION,353,343,10,335,343,350,540,508,484,24,1.2,13161.29,9759.24,1855.06,4292,122118.54,329,351,334,351
2026-06-17,LINE-A02,morning,SPK-3200,MAT-SPK-3200,SUP-002,assembly,normal,SYNTHETIC_GOERTEK_PRODUCTION,307,300,7,295,300,304,480,465,442,23,1.25,11561.22,8743.42,1410.7,2911,84840.32,316,308,295,308
2026-06-17,LINE-A02,afternoon,SPK-3200,MAT-SPK-3200,SUP-002,assembly,normal,SYNTHETIC_GOERTEK_PRODUCTION,291,285,6,279,285,276,480,463,440,23,1.25,10914.14,8099.87,1501.95,3567,101376.27,284,278,269,278
2026-06-17,LINE-A02,night,SPK-3200,MAT-SPK-3200,SUP-002,assembly,normal,SYNTHETIC_GOERTEK_PRODUCTION,286,279,7,271,279,280,480,465,438,27,1.25,10691.64,8128.54,1323.73,3903,113712.16,292,284,268,284
2026-06-17,LINE-B01,morning,MIC-1180,MAT-MIC-1180,SUP-003,testing,normal,SYNTHETIC_GOERTEK_PRODUCTION,403,392,11,386,392,399,480,460,439,21,1.05,8626.45,6706.14,1019.64,3803,65059.82,380,386,367,386
2026-06-17,LINE-B01,afternoon,MIC-1180,MAT-MIC-1180,SUP-003,testing,normal,SYNTHETIC_GOERTEK_PRODUCTION,404,393,11,385,393,406,480,474,456,18,1.05,8684.28,6763.05,854.34,3018,51936.09,414,415,393,415
2026-06-17,LINE-B01,night,MIC-1180,MAT-MIC-1180,SUP-003,testing,normal,SYNTHETIC_GOERTEK_PRODUCTION,369,358,11,349,358,371,480,461,432,29,1.05,7940.63,6226.39,839.69,3732,64907.51,344,366,347,366
2026-06-17,LINE-B02,morning,MIC-1180,MAT-MIC-1180,SUP-004,testing,normal,SYNTHETIC_GOERTEK_PRODUCTION,334,326,8,317,326,326,480,461,438,23,1.1,7189.65,5738.6,627.67,3731,65677.04,327,332,320,332
2026-06-17,LINE-B02,afternoon,MIC-1180,MAT-MIC-1180,SUP-004,testing,normal,SYNTHETIC_GOERTEK_PRODUCTION,342,331,11,323,331,325,480,462,433,29,1.1,7370.56,5842.75,731.2,0,0,351,333,323,333
2026-06-17,LINE-B02,night,MIC-1180,MAT-MIC-1180,SUP-004,testing,normal,SYNTHETIC_GOERTEK_PRODUCTION,319,310,9,304,310,306,480,462,437,25,1.1,6831.47,5377.41,708.38,4177,72456.26,304,316,298,316
2026-06-17,LINE-C01,morning,TWS-A70,MAT-TWS-A70,SUP-005,packaging,rework,SYNTHETIC_GOERTEK_PRODUCTION,242,235,7,228,235,235,480,453,425,28,1.6,22368.98,16268.58,3555.11,4112,284665.54,248,231,218,231
2026-06-17,LINE-C01,afternoon,TWS-A70,MAT-TWS-A70,SUP-005,packaging,normal,SYNTHETIC_GOERTEK_PRODUCTION,275,268,7,263,268,275,540,527,501,26,1.6,25337.14,18360.13,4019.75,4114,281841.7,272,274,265,274
2026-06-17,LINE-C01,night,TWS-A70,MAT-TWS-A70,SUP-005,packaging,normal,SYNTHETIC_GOERTEK_PRODUCTION,255,248,7,243,248,253,540,514,476,38,1.6,24091.28,17351.37,3895.87,4085,285807.85,250,248,238,248
2026-06-17,LINE-C02,morning,TWS-A70,MAT-TWS-A70,SUP-006,packaging,normal,SYNTHETIC_GOERTEK_PRODUCTION,239,232,7,227,232,230,480,468,444,24,1.55,22409.99,16640.18,3447.36,4262,305691.58,239,235,225,235
2026-06-17,LINE-C02,afternoon,TWS-A70,MAT-TWS-A70,SUP-006,packaging,normal,SYNTHETIC_GOERTEK_PRODUCTION,231,226,5,221,226,217,480,462,439,23,1.55,21820.56,16386.14,2826.74,3802,275664.18,237,235,227,235
2026-06-17,LINE-C02,night,TWS-A70,MAT-TWS-A70,SUP-006,packaging,normal,SYNTHETIC_GOERTEK_PRODUCTION,211,206,5,201,206,196,480,464,354,110,1.55,19876.52,14696.69,2840.06,3576,255123.12,209,209,198,209
2026-06-18,LINE-A01,morning,SPK-3200,MAT-SPK-3200,SUP-001,assembly,normal,SYNTHETIC_GOERTEK_PRODUCTION,338,328,10,319,328,324,480,466,444,22,1.2,12707.73,9334.28,2006.87,4161,118414.45,340,338,328,338
2026-06-18,LINE-A01,afternoon,SPK-3200,MAT-SPK-3200,SUP-001,assembly,normal,SYNTHETIC_GOERTEK_PRODUCTION,376,365,11,355,365,369,540,530,510,20,1.2,13902.76,10173.45,2152.08,4428,123419.28,351,360,337,360
2026-06-18,LINE-A01,night,SPK-3200,MAT-SPK-3200,SUP-001,assembly,normal,SYNTHETIC_GOERTEK_PRODUCTION,318,308,10,302,308,295,480,455,434,21,1.2,11793.64,8777.88,1573.89,3704,105562.56,306,310,299,310
2026-06-18,LINE-A02,morning,SPK-3200,MAT-SPK-3200,SUP-002,assembly,normal,SYNTHETIC_GOERTEK_PRODUCTION,310,300,10,295,300,286,480,457,438,19,1.25,11631.19,8791.06,1468.29,3864,113228.85,310,307,295,307
2026-06-18,LINE-A02,afternoon,SPK-3200,MAT-SPK-3200,SUP-002,assembly,normal,SYNTHETIC_GOERTEK_PRODUCTION,341,333,8,326,333,333,540,511,482,29,1.25,12693.69,9479.53,1725.66,3329,94766.83,333,327,314,327
2026-06-18,LINE-A02,night,SPK-3200,MAT-SPK-3200,SUP-002,assembly,normal,SYNTHETIC_GOERTEK_PRODUCTION,323,315,8,307,315,317,540,520,496,24,1.25,12128.26,9390.6,1455.02,3566,106307.55,319,318,305,318
2026-06-18,LINE-B01,morning,MIC-1180,MAT-MIC-1180,SUP-003,testing,normal,SYNTHETIC_GOERTEK_PRODUCTION,389,376,13,368,376,384,480,462,441,21,1.05,8317.53,6490.58,910.11,3990,68876.1,356,356,346,356
2026-06-18,LINE-B01,afternoon,MIC-1180,MAT-MIC-1180,SUP-003,testing,normal,SYNTHETIC_GOERTEK_PRODUCTION,399,389,10,381,389,394,480,470,435,35,1.05,8723.95,6793.77,993.14,4268,74539.36,416,398,383,398
2026-06-18,LINE-B01,night,MIC-1180,MAT-MIC-1180,SUP-003,testing,normal,SYNTHETIC_GOERTEK_PRODUCTION,360,351,9,345,351,334,480,457,432,25,1.05,7821.69,6216.85,653.85,5027,89037.34,340,363,356,363
2026-06-18,LINE-B02,morning,MIC-1180,MAT-MIC-1180,SUP-004,testing,normal,SYNTHETIC_GOERTEK_PRODUCTION,353,346,7,336,346,348,480,462,438,24,1.1,7624.27,5904.9,834.06,4387,74869.35,367,344,334,344
2026-06-18,LINE-B02,afternoon,MIC-1180,MAT-MIC-1180,SUP-004,testing,normal,SYNTHETIC_GOERTEK_PRODUCTION,350,339,11,331,339,359,480,472,446,26,1.1,7480.19,5823.22,818.81,3429,58902.13,341,331,314,331
2026-06-18,LINE-B02,night,MIC-1180,MAT-MIC-1180,SUP-004,testing,normal,SYNTHETIC_GOERTEK_PRODUCTION,353,341,12,335,341,344,540,527,496,31,1.1,7593.91,5892.92,894.88,3174,54850.82,353,349,344,349
2026-06-18,LINE-C01,morning,TWS-A70,MAT-TWS-A70,SUP-005,packaging,normal,SYNTHETIC_GOERTEK_PRODUCTION,248,240,8,236,240,233,480,462,440,22,1.6,22888.84,16677.52,3372.73,3853,267743.69,236,246,241,246
2026-06-18,LINE-C01,afternoon,TWS-A70,MAT-TWS-A70,SUP-005,packaging,normal,SYNTHETIC_GOERTEK_PRODUCTION,243,236,7,232,236,247,480,459,429,30,1.6,22569.63,16344.75,3851.86,4112,284786.49,225,226,216,226
2026-06-18,LINE-C01,night,TWS-A70,MAT-TWS-A70,SUP-005,packaging,normal,SYNTHETIC_GOERTEK_PRODUCTION,225,218,7,213,218,222,480,456,347,109,1.6,20714.04,15338.28,2903.69,4483,315419.77,225,212,203,212
2026-06-18,LINE-C02,morning,TWS-A70,MAT-TWS-A70,SUP-006,packaging,normal,SYNTHETIC_GOERTEK_PRODUCTION,240,233,7,230,233,226,480,464,442,22,1.55,22384.23,16900.51,2884.64,3919,284262.23,225,226,221,226
2026-06-18,LINE-C02,afternoon,TWS-A70,MAT-TWS-A70,SUP-006,packaging,normal,SYNTHETIC_GOERTEK_PRODUCTION,232,226,6,220,226,227,480,460,443,17,1.55,21728,16429.12,2847.87,3009,218739.92,227,230,225,230
2026-06-18,LINE-C02,night,TWS-A70,MAT-TWS-A70,SUP-006,packaging,normal,SYNTHETIC_GOERTEK_PRODUCTION,221,215,6,210,215,212,480,467,457,10,1.55,20631.01,15586.5,2595.78,3948,286211.64,229,221,215,221
2026-06-19,LINE-A01,morning,SPK-3200,MAT-SPK-3200,SUP-001,assembly,test,SYNTHETIC_GOERTEK_PRODUCTION,378,368,10,362,368,372,540,523,500,23,1.2,14250.29,10552.56,1924.66,3848,110343.07,431,398,381,398
2026-06-19,LINE-A01,afternoon,SPK-3200,MAT-SPK-3200,SUP-001,assembly,normal,SYNTHETIC_GOERTEK_PRODUCTION,325,316,9,308,316,330,480,459,437,22,1.2,12143.88,8978.12,1764.93,4489,127540.45,305,312,301,312
2026-06-19,LINE-A01,night,SPK-3200,MAT-SPK-3200,SUP-001,assembly,normal,SYNTHETIC_GOERTEK_PRODUCTION,326,317,9,311,317,328,480,470,445,25,1.2,12281.67,9215.08,1690.95,4425,128633.21,302,305,292,305
2026-06-19,LINE-A02,morning,SPK-3200,MAT-SPK-3200,SUP-002,assembly,normal,SYNTHETIC_GOERTEK_PRODUCTION,322,316,6,307,316,308,480,467,451,16,1.25,12132.48,8961.01,1710.04,3633,103023.26,315,320,311,320
2026-06-19,LINE-A02,afternoon,SPK-3200,MAT-SPK-3200,SUP-002,assembly,normal,SYNTHETIC_GOERTEK_PRODUCTION,302,293,9,288,293,299,480,454,431,23,1.25,11339.49,8630.12,1508.88,1997,58820.31,301,299,285,299
2026-06-19,LINE-A02,night,SPK-3200,MAT-SPK-3200,SUP-002,assembly,normal,SYNTHETIC_GOERTEK_PRODUCTION,314,305,9,300,305,295,540,530,502,28,1.25,11784.89,9123.98,1284.59,2424,72513.2,287,289,279,289
2026-06-19,LINE-B01,morning,MIC-1180,MAT-MIC-1180,SUP-003,testing,normal,SYNTHETIC_GOERTEK_PRODUCTION,449,436,13,422,436,418,540,516,511,5,1.05,9546.84,7418.16,1102.15,2886,49102.77,447,443,422,443
2026-06-19,LINE-B01,afternoon,MIC-1180,MAT-MIC-1180,SUP-003,testing,normal,SYNTHETIC_GOERTEK_PRODUCTION,406,397,9,389,397,403,480,472,382,90,1.05,8694.15,6805.04,884.7,2030,34796.55,387,387,363,387
2026-06-19,LINE-B01,night,MIC-1180,MAT-MIC-1180,SUP-003,testing,normal,SYNTHETIC_GOERTEK_PRODUCTION,367,359,8,350,359,359,480,466,451,15,1.05,8014.31,6248.71,796,4034,70215.31,369,366,359,366
2026-06-19,LINE-B02,morning,MIC-1180,MAT-MIC-1180,SUP-004,testing,normal,SYNTHETIC_GOERTEK_PRODUCTION,339,330,9,320,330,326,480,466,454,12,1.1,7353.6,5750.91,716,3429,59757.18,331,329,318,329
2026-06-19,LINE-B02,afternoon,MIC-1180,MAT-MIC-1180,SUP-004,testing,test,SYNTHETIC_GOERTEK_PRODUCTION,330,321,9,314,321,316,480,460,439,21,1.1,7096.58,5543.69,706.93,4817,83189.89,332,321,309,321
2026-06-19,LINE-B02,night,MIC-1180,MAT-MIC-1180,SUP-004,testing,normal,SYNTHETIC_GOERTEK_PRODUCTION,300,292,8,285,292,278,480,451,433,18,1.1,6362.69,5038.74,594.95,3499,60378.6,317,288,278,288
2026-06-19,LINE-C01,morning,TWS-A70,MAT-TWS-A70,SUP-005,packaging,test,SYNTHETIC_GOERTEK_PRODUCTION,247,241,6,236,241,242,480,462,431,31,1.6,23198.29,16930.35,3562.12,3770,264844.06,247,242,232,242
2026-06-19,LINE-C01,afternoon,TWS-A70,MAT-TWS-A70,SUP-005,packaging,normal,SYNTHETIC_GOERTEK_PRODUCTION,251,243,8,237,243,248,480,461,441,20,1.6,23199.79,16793.03,3522.99,2858,197508.15,245,236,230,236
2026-06-19,LINE-C01,night,TWS-A70,MAT-TWS-A70,SUP-005,packaging,normal,SYNTHETIC_GOERTEK_PRODUCTION,225,218,7,211,218,225,480,456,424,32,1.6,21177.86,15070.96,3633.31,4782,330593.26,208,218,213,218
2026-06-19,LINE-C02,morning,TWS-A70,MAT-TWS-A70,SUP-006,packaging,normal,SYNTHETIC_GOERTEK_PRODUCTION,244,237,7,232,237,227,480,460,371,89,1.55,22625.32,17026.64,3152.79,4107,295056.58,230,246,240,246
2026-06-19,LINE-C02,afternoon,TWS-A70,MAT-TWS-A70,SUP-006,packaging,normal,SYNTHETIC_GOERTEK_PRODUCTION,220,216,4,212,216,214,480,459,437,22,1.55,20821.92,15493.91,3000.83,4214,302274.71,206,221,217,221
2026-06-19,LINE-C02,night,TWS-A70,MAT-TWS-A70,SUP-006,packaging,normal,SYNTHETIC_GOERTEK_PRODUCTION,216,211,5,209,211,218,480,462,450,12,1.55,20405.53,15473.91,2632.97,3529,258802.98,217,214,205,214
2026-06-20,LINE-A01,morning,SPK-3200,MAT-SPK-3200,SUP-001,assembly,normal,SYNTHETIC_GOERTEK_PRODUCTION,335,326,9,316,326,341,480,464,451,13,1.2,12489.76,9193.52,1953.1,4183,117964.71,340,335,319,335
2026-06-20,LINE-A01,afternoon,SPK-3200,MAT-SPK-3200,SUP-001,assembly,normal,SYNTHETIC_GOERTEK_PRODUCTION,318,312,6,305,312,332,480,471,440,31,1.2,12146.83,9079.49,1722.31,4170,121350.88,334,320,309,320
2026-06-20,LINE-A01,night,SPK-3200,MAT-SPK-3200,SUP-001,assembly,normal,SYNTHETIC_GOERTEK_PRODUCTION,295,288,7,281,288,290,480,453,434,19,1.2,11034.09,8163.9,1706.09,2951,83651.63,296,299,281,299
2026-06-20,LINE-A02,morning,SPK-3200,MAT-SPK-3200,SUP-002,assembly,normal,SYNTHETIC_GOERTEK_PRODUCTION,294,284,10,279,284,296,480,453,380,73,1.25,10888.78,8146.28,1485.18,5431,155783.26,270,284,276,284
2026-06-20,LINE-A02,afternoon,SPK-3200,MAT-SPK-3200,SUP-002,assembly,normal,SYNTHETIC_GOERTEK_PRODUCTION,282,274,8,270,274,269,480,455,427,28,1.25,10463.22,8021.85,1244.84,4124,120737.63,275,270,256,270
2026-06-20,LINE-A02,night,SPK-3200,MAT-SPK-3200,SUP-002,assembly,normal,SYNTHETIC_GOERTEK_PRODUCTION,278,272,6,266,272,282,480,461,443,18,1.25,10524.87,7941.12,1350.65,3811,111263.27,266,267,257,267
2026-06-20,LINE-B01,morning,MIC-1180,MAT-MIC-1180,SUP-003,testing,normal,SYNTHETIC_GOERTEK_PRODUCTION,395,382,13,374,382,378,480,456,436,20,1.05,8436.14,6481.26,981.61,4244,72006.46,353,380,366,380
2026-06-20,LINE-B01,afternoon,MIC-1180,MAT-MIC-1180,SUP-003,testing,normal,SYNTHETIC_GOERTEK_PRODUCTION,420,411,9,403,411,431,540,517,500,17,1.05,9083.88,7199.79,861.99,4291,75168.61,405,394,380,394
2026-06-20,LINE-B01,night,MIC-1180,MAT-MIC-1180,SUP-003,testing,normal,SYNTHETIC_GOERTEK_PRODUCTION,358,347,11,337,347,340,480,457,431,26,1.05,7595.02,5873.3,801.58,4664,78942.57,347,354,336,354
2026-06-20,LINE-B02,morning,MIC-1180,MAT-MIC-1180,SUP-004,testing,normal,SYNTHETIC_GOERTEK_PRODUCTION,323,316,7,310,316,318,480,453,439,14,1.1,6916.48,5463.79,647.93,3696,63905.59,322,323,307,323
2026-06-20,LINE-B02,afternoon,MIC-1180,MAT-MIC-1180,SUP-004,testing,normal,SYNTHETIC_GOERTEK_PRODUCTION,328,318,10,314,318,331,480,455,431,24,1.1,6884.09,5454.73,627.44,3228,55370.66,303,321,317,321
2026-06-20,LINE-B02,night,MIC-1180,MAT-MIC-1180,SUP-004,testing,normal,SYNTHETIC_GOERTEK_PRODUCTION,306,298,8,292,298,307,480,466,445,21,1.1,6450.13,5086.73,632.72,4732,80773.18,291,305,297,305
2026-06-20,LINE-C01,morning,TWS-A70,MAT-TWS-A70,SUP-005,packaging,normal,SYNTHETIC_GOERTEK_PRODUCTION,231,226,5,220,226,221,480,456,429,27,1.6,21638.38,15550.62,3774.52,2565,176492.66,246,237,233,237
2026-06-20,LINE-C01,afternoon,TWS-A70,MAT-TWS-A70,SUP-005,packaging,normal,SYNTHETIC_GOERTEK_PRODUCTION,254,249,5,245,249,260,540,528,500,28,1.6,23975.65,17044.77,4094.99,3385,231713.04,252,255,242,255
2026-06-20,LINE-C01,night,TWS-A70,MAT-TWS-A70,SUP-005,packaging,normal,SYNTHETIC_GOERTEK_PRODUCTION,212,207,5,201,207,215,480,455,439,16,1.6,19818.94,14174.43,3411.94,3119,213575.11,201,204,196,204
2026-06-20,LINE-C02,morning,TWS-A70,MAT-TWS-A70,SUP-006,packaging,normal,SYNTHETIC_GOERTEK_PRODUCTION,231,224,7,220,224,219,480,464,442,22,1.55,21218.05,16189.14,2681.07,3747,270806.73,211,216,206,216
2026-06-20,LINE-C02,afternoon,TWS-A70,MAT-TWS-A70,SUP-006,packaging,normal,SYNTHETIC_GOERTEK_PRODUCTION,232,226,6,218,226,230,480,465,380,85,1.55,21708.45,16047.82,3272.82,3890,276221.33,212,219,212,219
2026-06-20,LINE-C02,night,TWS-A70,MAT-TWS-A70,SUP-006,packaging,normal,SYNTHETIC_GOERTEK_PRODUCTION,210,204,6,201,204,209,480,463,440,23,1.55,19844.07,14879.46,2535.99,3111,226911.77,196,205,200,205
2026-06-21,LINE-A01,morning,SPK-3200,MAT-SPK-3200,SUP-001,assembly,normal,SYNTHETIC_GOERTEK_PRODUCTION,325,316,9,311,316,314,480,463,449,14,1.2,12160.34,9096.61,1585.12,4956,142667.09,290,299,295,299
2026-06-21,LINE-A01,afternoon,SPK-3200,MAT-SPK-3200,SUP-001,assembly,normal,SYNTHETIC_GOERTEK_PRODUCTION,320,310,10,303,310,306,480,460,434,26,1.2,11998.12,8715.71,1829.98,4204,118196.27,315,323,312,323
2026-06-21,LINE-A01,night,SPK-3200,MAT-SPK-3200,SUP-001,assembly,normal,SYNTHETIC_GOERTEK_PRODUCTION,299,292,7,287,292,284,480,467,449,18,1.2,11140.35,8235.31,1598.67,3284,92619.03,313,296,288,296
2026-06-21,LINE-A02,morning,SPK-3200,MAT-SPK-3200,SUP-002,assembly,normal,SYNTHETIC_GOERTEK_PRODUCTION,294,287,7,281,287,283,480,454,423,31,1.25,11096.55,8341.03,1612.98,3796,110322.47,293,281,269,281
2026-06-21,LINE-A02,afternoon,SPK-3200,MAT-SPK-3200,SUP-002,assembly,normal,SYNTHETIC_GOERTEK_PRODUCTION,291,283,8,276,283,270,480,460,438,22,1.25,10812.1,8152.01,1567.3,3833,110412.21,292,296,290,296
2026-06-21,LINE-A02,night,SPK-3200,MAT-SPK-3200,SUP-002,assembly,normal,SYNTHETIC_GOERTEK_PRODUCTION,274,265,9,258,265,269,480,459,441,18,1.25,10100.83,7720.12,1174.4,3582,104352.72,284,270,254,270
2026-06-21,LINE-B01,morning,MIC-1180,MAT-MIC-1180,SUP-003,testing,normal,SYNTHETIC_GOERTEK_PRODUCTION,378,368,10,362,368,352,480,455,441,14,1.05,8081.29,6235.77,979.81,3884,65814.49,354,373,361,373
2026-06-21,LINE-B01,afternoon,MIC-1180,MAT-MIC-1180,SUP-003,testing,normal,SYNTHETIC_GOERTEK_PRODUCTION,419,406,13,398,406,399,540,517,501,16,1.05,9011.09,7182.48,877.83,3498,61882.55,410,404,395,404
2026-06-21,LINE-B01,night,MIC-1180,MAT-MIC-1180,SUP-003,testing,normal,SYNTHETIC_GOERTEK_PRODUCTION,372,363,9,357,363,366,480,463,450,13,1.05,7861.26,6083.64,861.66,3068,51417.65,385,377,360,377
2026-06-21,LINE-B02,morning,MIC-1180,MAT-MIC-1180,SUP-004,testing,normal,SYNTHETIC_GOERTEK_PRODUCTION,323,316,7,309,316,303,480,462,444,18,1.1,6928.89,5495.81,621.61,2650,46088.28,313,315,305,315
2026-06-21,LINE-B02,afternoon,MIC-1180,MAT-MIC-1180,SUP-004,testing,normal,SYNTHETIC_GOERTEK_PRODUCTION,326,319,7,312,319,323,480,467,440,27,1.1,7135.25,5671.96,600.7,4155,73877.72,290,316,311,316
2026-06-21,LINE-B02,night,MIC-1180,MAT-MIC-1180,SUP-004,testing,normal,SYNTHETIC_GOERTEK_PRODUCTION,304,297,7,293,297,295,480,459,436,23,1.1,6433.12,5029.21,598.74,4219,71441.88,311,302,293,302
2026-06-21,LINE-C01,morning,TWS-A70,MAT-TWS-A70,SUP-005,packaging,test,SYNTHETIC_GOERTEK_PRODUCTION,237,232,5,227,232,222,480,461,436,25,1.6,22145.68,16026.38,3393.8,3934,271757.67,228,236,225,236
2026-06-21,LINE-C01,afternoon,TWS-A70,MAT-TWS-A70,SUP-005,packaging,normal,SYNTHETIC_GOERTEK_PRODUCTION,231,225,6,220,225,222,480,462,429,33,1.6,21545.72,15414.91,3761.81,4194,287333.92,224,231,223,231
2026-06-21,LINE-C01,night,TWS-A70,MAT-TWS-A70,SUP-005,packaging,normal,SYNTHETIC_GOERTEK_PRODUCTION,228,223,5,220,223,236,480,464,441,23,1.6,21396.79,15498.62,3310.22,5266,365989.83,218,212,209,212
2026-06-21,LINE-C02,morning,TWS-A70,MAT-TWS-A70,SUP-006,packaging,normal,SYNTHETIC_GOERTEK_PRODUCTION,217,212,5,207,212,215,480,463,447,16,1.55,20132.74,15113.49,2616.58,3652,260351.25,201,207,198,207
2026-06-21,LINE-C02,afternoon,TWS-A70,MAT-TWS-A70,SUP-006,packaging,normal,SYNTHETIC_GOERTEK_PRODUCTION,225,219,6,215,219,213,480,458,450,8,1.55,21013.98,15740.3,2873.63,3260,234307.66,211,219,211,219
2026-06-21,LINE-C02,night,TWS-A70,MAT-TWS-A70,SUP-006,packaging,normal,SYNTHETIC_GOERTEK_PRODUCTION,199,194,5,190,194,192,480,456,428,28,1.55,18790.71,14245.37,2399.67,3311,243125.88,192,200,198,200
2026-06-22,LINE-A01,morning,SPK-3200,MAT-SPK-3200,SUP-001,assembly,normal,SYNTHETIC_GOERTEK_PRODUCTION,392,380,12,372,380,377,540,512,486,26,1.2,14663.55,10857.91,2097.02,3050,87149.01,388,384,374,384
2026-06-22,LINE-A01,afternoon,SPK-3200,MAT-SPK-3200,SUP-001,assembly,normal,SYNTHETIC_GOERTEK_PRODUCTION,324,315,9,308,315,324,480,463,447,16,1.2,12065.11,9007.9,1695.28,3591,102690.06,329,322,308,322
2026-06-22,LINE-A01,night,SPK-3200,MAT-SPK-3200,SUP-001,assembly,normal,SYNTHETIC_GOERTEK_PRODUCTION,343,334,9,327,334,341,540,518,484,34,1.2,12745.92,9583.01,1654.99,4285,122943.71,313,327,313,327
2026-06-22,LINE-A02,morning,SPK-3200,MAT-SPK-3200,SUP-002,assembly,normal,SYNTHETIC_GOERTEK_PRODUCTION,311,305,6,299,305,288,480,459,422,37,1.25,11706.93,8733.49,1548.46,4529,129685.17,319,314,306,314
2026-06-22,LINE-A02,afternoon,SPK-3200,MAT-SPK-3200,SUP-002,assembly,normal,SYNTHETIC_GOERTEK_PRODUCTION,297,290,7,283,290,301,480,454,421,33,1.25,11005.87,8358.94,1302.96,4085,117745.76,292,291,284,291
2026-06-22,LINE-A02,night,SPK-3200,MAT-SPK-3200,SUP-002,assembly,normal,SYNTHETIC_GOERTEK_PRODUCTION,284,274,10,269,274,279,480,460,441,19,1.25,10521.76,8049.6,1307.72,4103,120538.35,287,282,268,282
2026-06-22,LINE-B01,morning,MIC-1180,MAT-MIC-1180,SUP-003,testing,normal,SYNTHETIC_GOERTEK_PRODUCTION,401,388,13,379,388,393,480,466,446,20,1.05,8618.64,6810.52,869.64,4328,75968.89,396,391,368,391
2026-06-22,LINE-B01,afternoon,MIC-1180,MAT-MIC-1180,SUP-003,testing,normal,SYNTHETIC_GOERTEK_PRODUCTION,405,395,10,385,395,390,480,467,432,35,1.05,8602.08,6756.43,880.71,3544,60619.72,404,407,385,407
2026-06-22,LINE-B01,night,MIC-1180,MAT-MIC-1180,SUP-003,testing,normal,SYNTHETIC_GOERTEK_PRODUCTION,372,364,8,358,364,365,480,459,442,17,1.05,7927.31,6103.58,898.97,4692,78675.82,387,379,366,379
2026-06-22,LINE-B02,morning,MIC-1180,MAT-MIC-1180,SUP-004,testing,normal,SYNTHETIC_GOERTEK_PRODUCTION,342,333,9,327,333,324,480,456,424,32,1.1,7291.04,5762.55,661.55,3809,65914.57,335,338,322,338
2026-06-22,LINE-B02,afternoon,MIC-1180,MAT-MIC-1180,SUP-004,testing,normal,SYNTHETIC_GOERTEK_PRODUCTION,329,320,9,312,320,323,480,455,427,28,1.1,6992.23,5563.24,597.59,3944,68566.93,338,329,316,329
2026-06-22,LINE-B02,night,MIC-1180,MAT-MIC-1180,SUP-004,testing,normal,SYNTHETIC_GOERTEK_PRODUCTION,315,306,9,299,306,301,480,461,447,14,1.1,6722.73,5338.01,598.19,4825,84169.6,315,306,287,306
2026-06-22,LINE-C01,morning,TWS-A70,MAT-TWS-A70,SUP-005,packaging,test,SYNTHETIC_GOERTEK_PRODUCTION,251,246,5,239,246,239,480,469,455,14,1.6,23718.24,16846.18,4270.81,4609,315626.19,231,238,228,238
2026-06-22,LINE-C01,afternoon,TWS-A70,MAT-TWS-A70,SUP-005,packaging,normal,SYNTHETIC_GOERTEK_PRODUCTION,241,233,8,229,233,238,480,463,437,26,1.6,22363.2,16090.31,3663.22,3612,249434.33,219,229,223,229
2026-06-22,LINE-C01,night,TWS-A70,MAT-TWS-A70,SUP-005,packaging,normal,SYNTHETIC_GOERTEK_PRODUCTION,233,228,5,223,228,225,480,466,446,20,1.6,21811.65,15680.67,3537.01,3198,219942.03,235,223,220,223
2026-06-22,LINE-C02,morning,TWS-A70,MAT-TWS-A70,SUP-006,packaging,normal,SYNTHETIC_GOERTEK_PRODUCTION,235,229,6,224,229,229,480,464,436,28,1.55,22067.71,16736.53,2927.45,5273,385378.7,213,218,214,218
2026-06-22,LINE-C02,afternoon,TWS-A70,MAT-TWS-A70,SUP-006,packaging,normal,SYNTHETIC_GOERTEK_PRODUCTION,233,228,5,223,228,229,480,459,436,23,1.55,21886.83,16677.11,2791.2,3224,235820.19,218,226,217,226
2026-06-22,LINE-C02,night,TWS-A70,MAT-TWS-A70,SUP-006,packaging,normal,SYNTHETIC_GOERTEK_PRODUCTION,218,213,5,206,213,210,480,463,447,16,1.55,20472.62,15259.25,2829.52,5545,397241.98,231,221,213,221
2026-06-23,LINE-A01,morning,SPK-3200,MAT-SPK-3200,SUP-001,assembly,normal,SYNTHETIC_GOERTEK_PRODUCTION,397,389,8,378,389,405,540,527,525,2,1.2,15068.55,11287.08,2059.02,3872,112348.52,397,374,354,374
2026-06-23,LINE-A01,afternoon,SPK-3200,MAT-SPK-3200,SUP-001,assembly,normal,SYNTHETIC_GOERTEK_PRODUCTION,339,327,12,319,327,337,480,464,431,33,1.2,12562.37,9210.28,1822.66,4377,123282.56,337,322,309,322
2026-06-23,LINE-A01,night,SPK-3200,MAT-SPK-3200,SUP-001,assembly,normal,SYNTHETIC_GOERTEK_PRODUCTION,312,305,7,295,305,295,480,470,384,86,1.2,11862.44,8850.38,1650.64,2568,74517.3,293,294,288,294
2026-06-23,LINE-A02,morning,SPK-3200,MAT-SPK-3200,SUP-002,assembly,normal,SYNTHETIC_GOERTEK_PRODUCTION,344,334,10,325,334,329,540,516,488,28,1.25,12776.15,9721.37,1466.53,3110,90519.34,308,322,311,322
2026-06-23,LINE-A02,afternoon,SPK-3200,MAT-SPK-3200,SUP-002,assembly,normal,SYNTHETIC_GOERTEK_PRODUCTION,318,308,10,303,308,296,480,471,454,17,1.25,11886.33,8939.31,1543.41,4820,139894.4,295,295,284,295
2026-06-23,LINE-A02,night,SPK-3200,MAT-SPK-3200,SUP-002,assembly,normal,SYNTHETIC_GOERTEK_PRODUCTION,316,306,10,299,306,305,540,515,496,19,1.25,11873.64,8938.7,1608.58,3908,114158.3,300,305,294,305
2026-06-23,LINE-B01,morning,MIC-1180,MAT-MIC-1180,SUP-003,testing,test,SYNTHETIC_GOERTEK_PRODUCTION,406,397,9,387,397,394,480,469,445,24,1.05,8854.01,6886.96,966.33,3233,56084.49,423,404,398,404
2026-06-23,LINE-B01,afternoon,MIC-1180,MAT-MIC-1180,SUP-003,testing,normal,SYNTHETIC_GOERTEK_PRODUCTION,390,384,6,378,384,387,480,461,442,19,1.05,8418.45,6672.56,787.3,0,0,357,375,357,375
2026-06-23,LINE-B01,night,MIC-1180,MAT-MIC-1180,SUP-003,testing,normal,SYNTHETIC_GOERTEK_PRODUCTION,359,346,13,336,346,347,480,458,427,31,1.05,7536.05,5848.45,801.71,4319,73004.21,359,353,340,353
2026-06-23,LINE-B02,morning,MIC-1180,MAT-MIC-1180,SUP-004,testing,normal,SYNTHETIC_GOERTEK_PRODUCTION,335,327,8,319,327,326,480,461,440,21,1.1,7216.22,5574.39,803.09,3777,64386.76,315,313,298,313
2026-06-23,LINE-B02,afternoon,MIC-1180,MAT-MIC-1180,SUP-004,testing,normal,SYNTHETIC_GOERTEK_PRODUCTION,334,326,8,319,326,320,480,468,440,28,1.1,7222.29,5740.72,680.72,4416,77763.86,326,303,291,303
2026-06-23,LINE-B02,night,MIC-1180,MAT-MIC-1180,SUP-004,testing,normal,SYNTHETIC_GOERTEK_PRODUCTION,309,302,7,298,302,300,480,460,446,14,1.1,6687.67,5346.35,563.86,4103,72636.01,289,305,297,305
2026-06-23,LINE-C01,morning,TWS-A70,MAT-TWS-A70,SUP-005,packaging,normal,SYNTHETIC_GOERTEK_PRODUCTION,256,250,6,244,250,249,480,460,439,21,1.6,23791.72,16968.7,4128.52,3710,251815.51,263,250,242,250
2026-06-23,LINE-C01,afternoon,TWS-A70,MAT-TWS-A70,SUP-005,packaging,normal,SYNTHETIC_GOERTEK_PRODUCTION,248,243,5,239,243,246,480,471,443,28,1.6,23585.26,16880.11,3792.02,0,0,237,246,239,246
2026-06-23,LINE-C01,night,TWS-A70,MAT-TWS-A70,SUP-005,packaging,normal,SYNTHETIC_GOERTEK_PRODUCTION,231,226,5,219,226,223,480,467,440,27,1.6,21726.13,15833.8,3367.49,4879,341827.92,240,232,229,232
2026-06-23,LINE-C02,morning,TWS-A70,MAT-TWS-A70,SUP-006,packaging,normal,SYNTHETIC_GOERTEK_PRODUCTION,258,253,5,247,253,250,540,514,495,19,1.55,24557.58,18243.46,3620.81,4739,341722.36,239,255,247,255
2026-06-23,LINE-C02,afternoon,TWS-A70,MAT-TWS-A70,SUP-006,packaging,normal,SYNTHETIC_GOERTEK_PRODUCTION,228,221,7,217,221,215,480,462,424,38,1.55,21217.25,15502.68,3119.99,3316,232610.35,213,216,212,216
2026-06-23,LINE-C02,night,TWS-A70,MAT-TWS-A70,SUP-006,packaging,normal,SYNTHETIC_GOERTEK_PRODUCTION,212,206,6,203,206,206,480,465,437,28,1.55,19919.55,15072.45,2433.71,4838,353983.07,182,203,199,203
2026-06-24,LINE-A01,morning,SPK-3200,MAT-SPK-3200,SUP-001,assembly,normal,SYNTHETIC_GOERTEK_PRODUCTION,334,326,8,320,326,311,480,455,432,23,1.2,12454.04,9296.87,1757.43,4159,118606.39,321,327,310,327
2026-06-24,LINE-A01,afternoon,SPK-3200,MAT-SPK-3200,SUP-001,assembly,normal,SYNTHETIC_GOERTEK_PRODUCTION,330,320,10,313,320,303,480,464,439,25,1.2,12386.96,9195.58,1785.12,2843,81696.98,292,314,304,314
2026-06-24,LINE-A01,night,SPK-3200,MAT-SPK-3200,SUP-001,assembly,normal,SYNTHETIC_GOERTEK_PRODUCTION,321,313,8,305,313,316,480,473,451,22,1.2,12108.75,9032.13,1578.27,2652,76527.82,297,300,291,300
2026-06-24,LINE-A02,morning,SPK-3200,MAT-SPK-3200,SUP-002,assembly,normal,SYNTHETIC_GOERTEK_PRODUCTION,300,291,9,284,291,304,480,451,438,13,1.25,11141.68,8506.21,1310.31,2907,84974.41,267,282,278,282
2026-06-24,LINE-A02,afternoon,SPK-3200,MAT-SPK-3200,SUP-002,assembly,normal,SYNTHETIC_GOERTEK_PRODUCTION,303,294,9,284,294,288,480,461,440,21,1.25,11237.37,8482.91,1565.24,3275,94495,315,312,300,312
2026-06-24,LINE-A02,night,SPK-3200,MAT-SPK-3200,SUP-002,assembly,normal,SYNTHETIC_GOERTEK_PRODUCTION,313,304,9,300,304,314,540,526,510,16,1.25,11865.44,8963.22,1481.63,3387,99863.24,293,305,301,305
2026-06-24,LINE-B01,morning,MIC-1180,MAT-MIC-1180,SUP-003,testing,normal,SYNTHETIC_GOERTEK_PRODUCTION,393,382,11,372,382,379,480,458,435,23,1.05,8387.96,6497.15,917.02,2384,40547.66,354,361,353,361
2026-06-24,LINE-B01,afternoon,MIC-1180,MAT-MIC-1180,SUP-003,testing,normal,SYNTHETIC_GOERTEK_PRODUCTION,408,394,14,381,394,401,480,461,447,14,1.05,8522.09,6633.63,916.05,0,0,408,394,383,394
2026-06-24,LINE-B01,night,MIC-1180,MAT-MIC-1180,SUP-003,testing,normal,SYNTHETIC_GOERTEK_PRODUCTION,380,367,13,360,367,369,480,462,445,17,1.05,8196.21,6494.19,717.91,3644,64481.82,345,376,355,376
2026-06-24,LINE-B02,morning,MIC-1180,MAT-MIC-1180,SUP-004,testing,normal,SYNTHETIC_GOERTEK_PRODUCTION,383,375,8,366,375,382,540,522,502,20,1.1,8228.74,6623.51,674.28,3512,62031.38,367,379,363,379
2026-06-24,LINE-B02,afternoon,MIC-1180,MAT-MIC-1180,SUP-004,testing,normal,SYNTHETIC_GOERTEK_PRODUCTION,340,331,9,327,331,344,480,466,451,15,1.1,7276.31,5665.76,804.92,3799,65027.86,314,310,297,310
2026-06-24,LINE-B02,night,MIC-1180,MAT-MIC-1180,SUP-004,testing,normal,SYNTHETIC_GOERTEK_PRODUCTION,303,294,9,289,294,284,480,458,443,15,1.1,6478.39,5230.46,497.79,3483,61964.94,305,296,284,296
2026-06-24,LINE-C01,morning,TWS-A70,MAT-TWS-A70,SUP-005,packaging,rework,SYNTHETIC_GOERTEK_PRODUCTION,247,239,8,234,239,246,480,464,433,31,1.6,23008.46,16578.72,3836.76,3830,265675.72,257,245,235,245
2026-06-24,LINE-C01,afternoon,TWS-A70,MAT-TWS-A70,SUP-005,packaging,normal,SYNTHETIC_GOERTEK_PRODUCTION,243,236,7,230,236,232,480,460,446,14,1.6,22677.79,16310.48,3661.59,2536,175268.55,236,237,231,237
2026-06-24,LINE-C01,night,TWS-A70,MAT-TWS-A70,SUP-005,packaging,normal,SYNTHETIC_GOERTEK_PRODUCTION,239,232,7,226,232,225,480,464,440,24,1.6,22411.18,16001.47,3850.28,3347,230848.79,218,224,219,224
2026-06-24,LINE-C02,morning,TWS-A70,MAT-TWS-A70,SUP-006,packaging,normal,SYNTHETIC_GOERTEK_PRODUCTION,242,234,8,230,234,236,480,469,440,29,1.55,22514.26,16687.54,3395.69,4322,308220.29,231,237,230,237
2026-06-24,LINE-C02,afternoon,TWS-A70,MAT-TWS-A70,SUP-006,packaging,normal,SYNTHETIC_GOERTEK_PRODUCTION,267,260,7,254,260,250,540,527,509,18,1.55,25001.89,18671.19,3430.24,3411,244951.65,262,269,257,269
2026-06-24,LINE-C02,night,TWS-A70,MAT-TWS-A70,SUP-006,packaging,normal,SYNTHETIC_GOERTEK_PRODUCTION,215,210,5,204,210,211,480,447,434,13,1.55,20142.04,15256.28,2398.59,2707,196660.71,213,206,201,206
2026-06-25,LINE-A01,morning,SPK-3200,MAT-SPK-3200,SUP-001,assembly,normal,SYNTHETIC_GOERTEK_PRODUCTION,346,336,10,329,336,335,480,474,449,25,1.2,12869.18,9669.51,1833.18,3993,114911.77,335,351,339,351
2026-06-25,LINE-A01,afternoon,SPK-3200,MAT-SPK-3200,SUP-001,assembly,normal,SYNTHETIC_GOERTEK_PRODUCTION,330,322,8,314,322,319,480,464,445,19,1.2,12359.98,8979.12,2056.02,3729,103984.9,314,323,307,323
2026-06-25,LINE-A01,night,SPK-3200,MAT-SPK-3200,SUP-001,assembly,normal,SYNTHETIC_GOERTEK_PRODUCTION,319,308,11,302,308,308,480,457,436,21,1.2,11808.22,8543.24,1769.51,5002,138744.44,306,306,296,306
2026-06-25,LINE-A02,morning,SPK-3200,MAT-SPK-3200,SUP-002,assembly,normal,SYNTHETIC_GOERTEK_PRODUCTION,312,304,8,299,304,299,480,466,453,13,1.25,11625.39,8825.56,1453.19,4978,144518.54,310,301,295,301
2026-06-25,LINE-A02,afternoon,SPK-3200,MAT-SPK-3200,SUP-002,assembly,normal,SYNTHETIC_GOERTEK_PRODUCTION,307,298,9,293,298,293,480,461,445,16,1.25,11392.36,8716.32,1330.99,3128,91492.11,289,298,288,298
2026-06-25,LINE-A02,night,SPK-3200,MAT-SPK-3200,SUP-002,assembly,normal,SYNTHETIC_GOERTEK_PRODUCTION,321,312,9,304,312,307,540,514,499,15,1.25,12000.9,9089.19,1489.15,4660,135755.21,308,318,304,318
2026-06-25,LINE-B01,morning,MIC-1180,MAT-MIC-1180,SUP-003,testing,normal,SYNTHETIC_GOERTEK_PRODUCTION,388,375,13,368,375,376,480,454,438,16,1.05,8239.96,6308.56,926.75,5711,96075.16,390,375,361,375
2026-06-25,LINE-B01,afternoon,MIC-1180,MAT-MIC-1180,SUP-003,testing,normal,SYNTHETIC_GOERTEK_PRODUCTION,398,388,10,380,388,391,480,471,439,32,1.05,8654.71,6711.36,937.54,2808,48570.87,410,402,383,402
2026-06-25,LINE-B01,night,MIC-1180,MAT-MIC-1180,SUP-003,testing,rework,SYNTHETIC_GOERTEK_PRODUCTION,385,373,12,364,373,371,480,469,450,19,1.05,8125.63,6361.16,915,3941,67210,346,361,353,361
2026-06-25,LINE-B02,morning,MIC-1180,MAT-MIC-1180,SUP-004,testing,normal,SYNTHETIC_GOERTEK_PRODUCTION,358,348,10,338,348,347,480,465,452,13,1.1,7709.87,6161.72,617.54,3895,68965.23,335,358,348,358
2026-06-25,LINE-B02,afternoon,MIC-1180,MAT-MIC-1180,SUP-004,testing,test,SYNTHETIC_GOERTEK_PRODUCTION,327,317,10,312,317,313,480,452,438,14,1.1,6938.59,5584.62,597.18,3128,55106.28,333,317,308,317
2026-06-25,LINE-B02,night,MIC-1180,MAT-MIC-1180,SUP-004,testing,normal,SYNTHETIC_GOERTEK_PRODUCTION,316,305,11,300,305,300,480,456,436,20,1.1,6703.17,5215.25,673.11,4517,77237,325,311,303,311
2026-06-25,LINE-C01,morning,TWS-A70,MAT-TWS-A70,SUP-005,packaging,normal,SYNTHETIC_GOERTEK_PRODUCTION,243,236,7,233,236,232,480,460,435,25,1.6,22695.6,16229.45,3859.56,3805,261665.5,257,242,231,242
2026-06-25,LINE-C01,afternoon,TWS-A70,MAT-TWS-A70,SUP-005,packaging,normal,SYNTHETIC_GOERTEK_PRODUCTION,248,244,4,237,244,244,480,464,454,10,1.6,23247.41,16742.06,3827.32,4772,327430.78,248,248,237,248
2026-06-25,LINE-C01,night,TWS-A70,MAT-TWS-A70,SUP-005,packaging,normal,SYNTHETIC_GOERTEK_PRODUCTION,235,228,7,226,228,241,480,466,444,22,1.6,21911.7,15872.02,3418.67,3398,236548.79,235,233,222,233
2026-06-25,LINE-C02,morning,TWS-A70,MAT-TWS-A70,SUP-006,packaging,normal,SYNTHETIC_GOERTEK_PRODUCTION,244,237,7,231,237,234,480,465,394,71,1.55,22608.78,16945.72,2988.41,3853,275493.08,233,242,232,242
2026-06-25,LINE-C02,afternoon,TWS-A70,MAT-TWS-A70,SUP-006,packaging,normal,SYNTHETIC_GOERTEK_PRODUCTION,232,226,6,222,226,219,480,462,438,24,1.55,21860.94,16386.17,3067.86,4757,344907.13,203,215,208,215
2026-06-25,LINE-C02,night,TWS-A70,MAT-TWS-A70,SUP-006,packaging,normal,SYNTHETIC_GOERTEK_PRODUCTION,215,211,4,206,211,198,480,456,429,27,1.55,20281.53,15159.88,2941.78,2583,185582.8,224,209,207,209
2026-06-26,LINE-A01,morning,SPK-3200,MAT-SPK-3200,SUP-001,assembly,normal,SYNTHETIC_GOERTEK_PRODUCTION,347,338,9,332,338,328,480,459,439,20,1.2,12993.98,9376.9,2091.59,3622,100482.64,370,346,343,346
2026-06-26,LINE-A01,afternoon,SPK-3200,MAT-SPK-3200,SUP-001,assembly,normal,SYNTHETIC_GOERTEK_PRODUCTION,317,307,10,298,307,294,480,454,424,30,1.2,11855.87,8870.58,1537.97,2821,81511.1,298,288,281,288
2026-06-26,LINE-A01,night,SPK-3200,MAT-SPK-3200,SUP-001,assembly,normal,SYNTHETIC_GOERTEK_PRODUCTION,312,304,8,297,304,319,480,461,450,11,1.2,11791.92,8673.65,1736.31,3750,106994.04,284,298,289,298
2026-06-26,LINE-A02,morning,SPK-3200,MAT-SPK-3200,SUP-002,assembly,normal,SYNTHETIC_GOERTEK_PRODUCTION,318,310,8,301,310,327,480,465,441,24,1.25,11942.51,8953.33,1724.03,3309,95569.58,314,309,294,309
2026-06-26,LINE-A02,afternoon,SPK-3200,MAT-SPK-3200,SUP-002,assembly,normal,SYNTHETIC_GOERTEK_PRODUCTION,304,296,8,290,296,312,480,465,445,20,1.25,11246.4,8551.6,1482.66,0,0,282,306,294,306
2026-06-26,LINE-A02,night,SPK-3200,MAT-SPK-3200,SUP-002,assembly,rework,SYNTHETIC_GOERTEK_PRODUCTION,278,271,7,266,271,281,480,460,439,21,1.25,10308.83,7759.27,1388.97,4093,117190.75,254,268,253,268
2026-06-26,LINE-B01,morning,MIC-1180,MAT-MIC-1180,SUP-003,testing,normal,SYNTHETIC_GOERTEK_PRODUCTION,394,386,8,376,386,378,480,457,439,18,1.05,8433.19,6577.21,837.1,4151,70730.57,392,386,370,386
2026-06-26,LINE-B01,afternoon,MIC-1180,MAT-MIC-1180,SUP-003,testing,normal,SYNTHETIC_GOERTEK_PRODUCTION,398,388,10,383,388,391,480,466,450,16,1.05,8545.82,6776.51,793.9,3532,61687.2,349,370,351,370
2026-06-26,LINE-B01,night,MIC-1180,MAT-MIC-1180,SUP-003,testing,normal,SYNTHETIC_GOERTEK_PRODUCTION,369,360,9,355,360,365,480,459,435,24,1.05,7901.24,6045.28,1026.44,3965,66582.04,359,352,337,352
2026-06-26,LINE-B02,morning,MIC-1180,MAT-MIC-1180,SUP-004,testing,normal,SYNTHETIC_GOERTEK_PRODUCTION,343,334,9,325,334,334,480,453,427,26,1.1,7220.4,5662.93,778.37,3035,51458.06,362,346,336,346
2026-06-26,LINE-B02,afternoon,MIC-1180,MAT-MIC-1180,SUP-004,testing,normal,SYNTHETIC_GOERTEK_PRODUCTION,349,337,12,328,337,324,480,470,448,22,1.1,7336.98,5815.46,673.22,3692,63711.21,340,337,324,337
2026-06-26,LINE-B02,night,MIC-1180,MAT-MIC-1180,SUP-004,testing,normal,SYNTHETIC_GOERTEK_PRODUCTION,313,305,8,298,305,291,480,456,439,17,1.1,6726.14,5314.07,680.86,3447,60057.7,333,325,318,325
2026-06-26,LINE-C01,morning,TWS-A70,MAT-TWS-A70,SUP-005,packaging,rework,SYNTHETIC_GOERTEK_PRODUCTION,237,229,8,224,229,225,480,451,433,18,1.6,22094.28,15854.34,3516.05,4747,328648.7,237,231,224,231
2026-06-26,LINE-C01,afternoon,TWS-A70,MAT-TWS-A70,SUP-005,packaging,normal,SYNTHETIC_GOERTEK_PRODUCTION,231,224,7,218,224,226,480,455,437,18,1.6,21128.02,14927.38,3839.57,4737,315674.1,246,236,229,236
2026-06-26,LINE-C01,night,TWS-A70,MAT-TWS-A70,SUP-005,packaging,normal,SYNTHETIC_GOERTEK_PRODUCTION,227,220,7,215,220,219,480,455,428,27,1.6,21079.75,15170.95,3406.48,3663,252596.32,220,208,200,208
2026-06-26,LINE-C02,morning,TWS-A70,MAT-TWS-A70,SUP-006,packaging,normal,SYNTHETIC_GOERTEK_PRODUCTION,236,231,5,226,231,231,480,471,448,23,1.55,21872.85,16544.85,2970.05,3960,283626,215,217,208,217
2026-06-26,LINE-C02,afternoon,TWS-A70,MAT-TWS-A70,SUP-006,packaging,normal,SYNTHETIC_GOERTEK_PRODUCTION,229,225,4,221,225,227,480,465,449,16,1.55,21815.87,16416.67,3057.87,4026,293748.95,231,228,214,228
2026-06-26,LINE-C02,night,TWS-A70,MAT-TWS-A70,SUP-006,packaging,normal,SYNTHETIC_GOERTEK_PRODUCTION,230,224,6,219,224,224,480,470,444,26,1.55,21396.09,16086.65,2961.43,4509,323815.65,231,224,219,224
2026-06-27,LINE-A01,morning,SPK-3200,MAT-SPK-3200,SUP-001,assembly,normal,SYNTHETIC_GOERTEK_PRODUCTION,374,364,10,356,364,361,540,528,507,21,1.2,13825.14,10176.32,2013.09,4044,113057.8,363,369,355,369
2026-06-27,LINE-A01,afternoon,SPK-3200,MAT-SPK-3200,SUP-001,assembly,normal,SYNTHETIC_GOERTEK_PRODUCTION,324,317,7,309,317,305,480,471,437,34,1.2,12208.49,9037.78,1709.7,3463,98731.33,320,314,306,314
2026-06-27,LINE-A01,night,SPK-3200,MAT-SPK-3200,SUP-001,assembly,normal,SYNTHETIC_GOERTEK_PRODUCTION,291,283,8,277,283,279,480,457,436,21,1.2,10891.78,8053.91,1677.66,3316,94370.2,293,273,260,273
2026-06-27,LINE-A02,morning,SPK-3200,MAT-SPK-3200,SUP-002,assembly,rework,SYNTHETIC_GOERTEK_PRODUCTION,303,297,6,290,297,292,480,467,440,27,1.25,11512.72,8716.34,1358.22,3880,113870.03,318,309,299,309
2026-06-27,LINE-A02,afternoon,SPK-3200,MAT-SPK-3200,SUP-002,assembly,normal,SYNTHETIC_GOERTEK_PRODUCTION,281,274,7,267,274,262,480,464,452,12,1.25,10577.52,7896.24,1388.55,3116,89798.12,266,267,265,267
2026-06-27,LINE-A02,night,SPK-3200,MAT-SPK-3200,SUP-002,assembly,normal,SYNTHETIC_GOERTEK_PRODUCTION,275,270,5,265,270,271,480,462,445,17,1.25,10331.79,7872.13,1253.33,3991,116361.74,287,276,264,276
2026-06-27,LINE-B01,morning,MIC-1180,MAT-MIC-1180,SUP-003,testing,test,SYNTHETIC_GOERTEK_PRODUCTION,398,389,9,382,389,387,480,468,444,24,1.05,8497.47,6540.95,1034.24,3973,66805.13,383,402,395,402
2026-06-27,LINE-B01,afternoon,MIC-1180,MAT-MIC-1180,SUP-003,testing,normal,SYNTHETIC_GOERTEK_PRODUCTION,376,366,10,361,366,360,480,464,449,15,1.05,8027.64,6327.09,787.91,5128,88648.41,380,376,366,376
2026-06-27,LINE-B01,night,MIC-1180,MAT-MIC-1180,SUP-003,testing,normal,SYNTHETIC_GOERTEK_PRODUCTION,413,402,11,393,402,415,540,526,457,69,1.05,8894.84,6896.79,1023.18,3454,59257.49,377,388,377,388
2026-06-27,LINE-B02,morning,MIC-1180,MAT-MIC-1180,SUP-004,testing,normal,SYNTHETIC_GOERTEK_PRODUCTION,319,310,9,304,310,292,480,458,430,28,1.1,6893.67,5469.19,662.48,3803,67094.61,296,311,301,311
2026-06-27,LINE-B02,afternoon,MIC-1180,MAT-MIC-1180,SUP-004,testing,normal,SYNTHETIC_GOERTEK_PRODUCTION,380,370,10,362,370,363,540,528,514,14,1.1,8115.73,6514.92,699.77,4495,79147.47,357,372,360,372
2026-06-27,LINE-B02,night,MIC-1180,MAT-MIC-1180,SUP-004,testing,normal,SYNTHETIC_GOERTEK_PRODUCTION,303,293,10,287,293,301,480,465,439,26,1.1,6449.43,5076.86,623.53,3883,67281.39,282,286,276,286
2026-06-27,LINE-C01,morning,TWS-A70,MAT-TWS-A70,SUP-005,packaging,normal,SYNTHETIC_GOERTEK_PRODUCTION,238,232,6,228,232,234,480,470,450,20,1.6,22315.81,15805.96,4109.75,4440,302493.37,236,234,226,234
2026-06-27,LINE-C01,afternoon,TWS-A70,MAT-TWS-A70,SUP-005,packaging,normal,SYNTHETIC_GOERTEK_PRODUCTION,233,229,4,223,229,233,480,461,444,17,1.6,21702.43,15462.38,3881.16,3656,246857.91,209,225,215,225
2026-06-27,LINE-C01,night,TWS-A70,MAT-TWS-A70,SUP-005,packaging,normal,SYNTHETIC_GOERTEK_PRODUCTION,249,243,6,237,243,253,540,516,486,30,1.6,23302.06,16986.08,3690.17,4356,304491.21,248,243,236,243
2026-06-27,LINE-C02,morning,TWS-A70,MAT-TWS-A70,SUP-006,packaging,normal,SYNTHETIC_GOERTEK_PRODUCTION,217,213,4,207,213,206,480,458,423,35,1.55,20666.4,15267.66,3126.96,4626,331587.77,213,213,201,213
2026-06-27,LINE-C02,afternoon,TWS-A70,MAT-TWS-A70,SUP-006,packaging,normal,SYNTHETIC_GOERTEK_PRODUCTION,249,241,8,239,241,228,540,515,488,27,1.55,23278.29,17348.26,3163.24,4011,288729.75,221,230,218,230
2026-06-27,LINE-C02,night,TWS-A70,MAT-TWS-A70,SUP-006,packaging,normal,SYNTHETIC_GOERTEK_PRODUCTION,223,216,7,209,216,214,480,470,440,30,1.55,20768.86,15737.08,2730.45,3938,286910.28,229,220,216,220
2026-06-28,LINE-A01,morning,SPK-3200,MAT-SPK-3200,SUP-001,assembly,normal,SYNTHETIC_GOERTEK_PRODUCTION,335,327,8,319,327,332,480,459,433,26,1.2,12698.85,9557.22,1715.86,2660,77743.75,323,319,301,319
2026-06-28,LINE-A01,afternoon,SPK-3200,MAT-SPK-3200,SUP-001,assembly,normal,SYNTHETIC_GOERTEK_PRODUCTION,314,305,9,300,305,308,480,459,447,12,1.2,11648.58,8595.67,1671.2,3972,111940.99,308,304,296,304
2026-06-28,LINE-A01,night,SPK-3200,MAT-SPK-3200,SUP-001,assembly,normal,SYNTHETIC_GOERTEK_PRODUCTION,310,300,10,292,300,300,480,455,425,30,1.2,11470.59,8328.25,1954.15,2977,82644,313,296,290,296
2026-06-28,LINE-A02,morning,SPK-3200,MAT-SPK-3200,SUP-002,assembly,test,SYNTHETIC_GOERTEK_PRODUCTION,302,296,6,290,296,302,480,468,452,16,1.25,11451.51,8579.04,1545.38,3689,106919.18,313,299,298,299
2026-06-28,LINE-A02,afternoon,SPK-3200,MAT-SPK-3200,SUP-002,assembly,normal,SYNTHETIC_GOERTEK_PRODUCTION,296,290,6,283,290,294,480,471,440,31,1.25,11127.35,8426.21,1375.25,2435,70751.11,284,289,283,289
2026-06-28,LINE-A02,night,SPK-3200,MAT-SPK-3200,SUP-002,assembly,normal,SYNTHETIC_GOERTEK_PRODUCTION,282,273,9,266,273,278,480,468,449,19,1.25,10542.83,8019.95,1171.19,3755,110311.03,291,285,278,285
2026-06-28,LINE-B01,morning,MIC-1180,MAT-MIC-1180,SUP-003,testing,normal,SYNTHETIC_GOERTEK_PRODUCTION,383,375,8,368,375,369,480,456,437,19,1.05,8313.81,6591.14,847.59,5050,88760.69,383,382,366,382
2026-06-28,LINE-B01,afternoon,MIC-1180,MAT-MIC-1180,SUP-003,testing,normal,SYNTHETIC_GOERTEK_PRODUCTION,382,372,10,366,372,374,480,459,438,21,1.05,8255.79,6588.11,710.16,3979,70467.98,351,381,371,381
2026-06-28,LINE-B01,night,MIC-1180,MAT-MIC-1180,SUP-003,testing,normal,SYNTHETIC_GOERTEK_PRODUCTION,359,348,11,340,348,347,480,464,433,31,1.05,7680.59,6042.89,772.06,3269,56764.96,367,357,349,357
2026-06-28,LINE-B02,morning,MIC-1180,MAT-MIC-1180,SUP-004,testing,normal,SYNTHETIC_GOERTEK_PRODUCTION,335,325,10,317,325,345,480,466,391,75,1.1,7159.77,5713.46,641.83,3836,67436.41,309,307,295,307
2026-06-28,LINE-B02,afternoon,MIC-1180,MAT-MIC-1180,SUP-004,testing,normal,SYNTHETIC_GOERTEK_PRODUCTION,322,315,7,308,315,320,480,465,454,11,1.1,6996.38,5498.04,630.56,3464,60460.99,328,317,301,317
2026-06-28,LINE-B02,night,MIC-1180,MAT-MIC-1180,SUP-004,testing,normal,SYNTHETIC_GOERTEK_PRODUCTION,316,307,9,300,307,314,480,465,439,26,1.1,6759.72,5227.71,766.39,2771,47185.62,284,302,287,302
2026-06-28,LINE-C01,morning,TWS-A70,MAT-TWS-A70,SUP-005,packaging,normal,SYNTHETIC_GOERTEK_PRODUCTION,239,231,8,227,231,230,480,463,428,35,1.6,21939.98,15745.32,3643.53,3977,271078.52,228,230,222,230
2026-06-28,LINE-C01,afternoon,TWS-A70,MAT-TWS-A70,SUP-005,packaging,normal,SYNTHETIC_GOERTEK_PRODUCTION,236,231,5,226,231,237,480,464,454,10,1.6,22090.93,15933.51,3619.94,3677,253625.61,228,235,230,235
2026-06-28,LINE-C01,night,TWS-A70,MAT-TWS-A70,SUP-005,packaging,normal,SYNTHETIC_GOERTEK_PRODUCTION,236,231,5,223,231,238,480,473,444,29,1.6,22121.23,15790.86,3685.48,3978,271930.91,236,234,229,234
2026-06-28,LINE-C02,morning,TWS-A70,MAT-TWS-A70,SUP-006,packaging,normal,SYNTHETIC_GOERTEK_PRODUCTION,233,226,7,219,226,234,480,466,444,22,1.55,21882.56,16243.64,3006.68,4296,308772.91,212,216,207,216
2026-06-28,LINE-C02,afternoon,TWS-A70,MAT-TWS-A70,SUP-006,packaging,normal,SYNTHETIC_GOERTEK_PRODUCTION,243,235,8,228,235,242,540,517,510,7,1.55,22639.35,16833.79,3275.7,3917,280587.04,246,233,223,233
2026-06-28,LINE-C02,night,TWS-A70,MAT-TWS-A70,SUP-006,packaging,normal,SYNTHETIC_GOERTEK_PRODUCTION,214,207,7,202,207,206,480,454,432,22,1.55,20106.69,15305.38,2398.73,2884,213240.17,220,215,204,215
2026-06-29,LINE-A01,morning,SPK-3200,MAT-SPK-3200,SUP-001,assembly,normal,SYNTHETIC_GOERTEK_PRODUCTION,343,333,10,323,333,335,480,465,454,11,1.2,12723.08,9422.79,1796.5,3639,102971.57,340,329,322,329
2026-06-29,LINE-A01,afternoon,SPK-3200,MAT-SPK-3200,SUP-001,assembly,normal,SYNTHETIC_GOERTEK_PRODUCTION,336,326,10,315,326,323,480,459,432,27,1.2,12795.32,9541.38,1790.5,4294,125676.95,324,326,314,326
2026-06-29,LINE-A01,night,SPK-3200,MAT-SPK-3200,SUP-001,assembly,normal,SYNTHETIC_GOERTEK_PRODUCTION,321,313,8,307,313,307,480,467,443,24,1.2,11929,8914.53,1685.16,3762,107145.25,306,316,303,316
2026-06-29,LINE-A02,morning,SPK-3200,MAT-SPK-3200,SUP-002,assembly,normal,SYNTHETIC_GOERTEK_PRODUCTION,305,296,9,290,296,294,480,461,451,10,1.25,11387.41,8719.49,1401.33,3753,110554.89,297,297,288,297
2026-06-29,LINE-A02,afternoon,SPK-3200,MAT-SPK-3200,SUP-002,assembly,normal,SYNTHETIC_GOERTEK_PRODUCTION,306,300,6,294,300,307,480,463,436,27,1.25,11491.76,8750.86,1509.74,4678,136455.08,297,298,286,298
2026-06-29,LINE-A02,night,SPK-3200,MAT-SPK-3200,SUP-002,assembly,normal,SYNTHETIC_GOERTEK_PRODUCTION,315,307,8,300,307,306,540,512,484,28,1.25,11976.49,9069.41,1612.72,4593,135686.65,291,308,298,308
2026-06-29,LINE-B01,morning,MIC-1180,MAT-MIC-1180,SUP-003,testing,normal,SYNTHETIC_GOERTEK_PRODUCTION,417,404,13,396,404,386,480,465,457,8,1.05,8857.19,7061.54,799.56,4879,85280.33,385,397,386,397
2026-06-29,LINE-B01,afternoon,MIC-1180,MAT-MIC-1180,SUP-003,testing,normal,SYNTHETIC_GOERTEK_PRODUCTION,395,381,14,373,381,366,480,461,433,28,1.05,8323.57,6381.75,1018.38,4483,75090.25,361,363,348,363
2026-06-29,LINE-B01,night,MIC-1180,MAT-MIC-1180,SUP-003,testing,normal,SYNTHETIC_GOERTEK_PRODUCTION,381,370,11,360,370,357,480,458,427,31,1.05,8180.63,6371.53,880.65,3908,67297.13,402,381,362,381
2026-06-29,LINE-B02,morning,MIC-1180,MAT-MIC-1180,SUP-004,testing,normal,SYNTHETIC_GOERTEK_PRODUCTION,349,340,9,334,340,321,480,462,384,78,1.1,7556.25,6020.91,566.22,4435,78537.46,358,355,340,355
2026-06-29,LINE-B02,afternoon,MIC-1180,MAT-MIC-1180,SUP-004,testing,normal,SYNTHETIC_GOERTEK_PRODUCTION,335,326,9,318,326,316,480,460,439,21,1.1,7193.21,5673.3,746.26,4835,84142.35,333,321,315,321
2026-06-29,LINE-B02,night,MIC-1180,MAT-MIC-1180,SUP-004,testing,normal,SYNTHETIC_GOERTEK_PRODUCTION,326,315,11,308,315,318,480,470,444,26,1.1,6893.62,5447.79,741.33,3843,66463.04,312,303,297,303
2026-06-29,LINE-C01,morning,TWS-A70,MAT-TWS-A70,SUP-005,packaging,normal,SYNTHETIC_GOERTEK_PRODUCTION,246,238,8,233,238,237,480,468,437,31,1.6,22908.08,16617.24,3681.93,3751,261896.08,235,233,228,233
2026-06-29,LINE-C01,afternoon,TWS-A70,MAT-TWS-A70,SUP-005,packaging,test,SYNTHETIC_GOERTEK_PRODUCTION,283,274,9,269,274,273,540,527,500,27,1.6,26489.48,19164.55,4156.03,3620,253195.88,279,273,264,273
2026-06-29,LINE-C01,night,TWS-A70,MAT-TWS-A70,SUP-005,packaging,normal,SYNTHETIC_GOERTEK_PRODUCTION,234,229,5,224,229,229,480,452,429,23,1.6,21857.2,15611.74,3730.72,4047,275898.3,219,220,213,220
2026-06-29,LINE-C02,morning,TWS-A70,MAT-TWS-A70,SUP-006,packaging,normal,SYNTHETIC_GOERTEK_PRODUCTION,245,239,6,235,239,235,480,462,441,21,1.55,23083.81,17010.78,3713.9,3040,216371.43,222,233,226,233
2026-06-29,LINE-C02,afternoon,TWS-A70,MAT-TWS-A70,SUP-006,packaging,normal,SYNTHETIC_GOERTEK_PRODUCTION,223,217,6,212,217,217,480,456,429,27,1.55,20950.52,15809.35,2776.07,0,0,237,227,219,227
2026-06-29,LINE-C02,night,TWS-A70,MAT-TWS-A70,SUP-006,packaging,normal,SYNTHETIC_GOERTEK_PRODUCTION,222,217,5,211,217,215,480,468,455,13,1.55,20974.21,15636.99,2885.96,2993,215675.17,219,219,212,219
2026-06-30,LINE-A01,morning,SPK-3200,MAT-SPK-3200,SUP-001,assembly,normal,SYNTHETIC_GOERTEK_PRODUCTION,352,342,10,336,342,349,480,465,435,30,1.2,13292.69,9787.55,1900.08,4325,123775.3,359,350,347,350
2026-06-30,LINE-A01,afternoon,SPK-3200,MAT-SPK-3200,SUP-001,assembly,normal,SYNTHETIC_GOERTEK_PRODUCTION,344,333,11,325,333,334,480,470,446,24,1.2,12876,9555.28,1954.99,4978,142841.39,332,323,311,323
2026-06-30,LINE-A01,night,SPK-3200,MAT-SPK-3200,SUP-001,assembly,normal,SYNTHETIC_GOERTEK_PRODUCTION,310,299,11,291,299,306,480,467,434,33,1.2,11607.38,8445.56,1984.08,3602,101742.16,332,310,301,310
2026-06-30,LINE-A02,morning,SPK-3200,MAT-SPK-3200,SUP-002,assembly,normal,SYNTHETIC_GOERTEK_PRODUCTION,358,347,11,340,347,337,540,518,500,18,1.25,13249.55,10030.03,1738.17,3533,102121.31,345,349,341,349
2026-06-30,LINE-A02,afternoon,SPK-3200,MAT-SPK-3200,SUP-002,assembly,normal,SYNTHETIC_GOERTEK_PRODUCTION,311,301,10,296,301,298,480,467,446,21,1.25,11722.64,8842.8,1469.54,3900,114574.49,311,303,288,303
2026-06-30,LINE-A02,night,SPK-3200,MAT-SPK-3200,SUP-002,assembly,normal,SYNTHETIC_GOERTEK_PRODUCTION,294,284,10,277,284,276,480,471,461,10,1.25,10921.38,8324.42,1317.33,4417,129468.18,265,270,264,270
2026-06-30,LINE-B01,morning,MIC-1180,MAT-MIC-1180,SUP-003,testing,normal,SYNTHETIC_GOERTEK_PRODUCTION,393,380,13,369,380,373,480,462,443,19,1.05,8422.94,6488.43,1012.62,3973,67838.24,396,385,372,385
2026-06-30,LINE-B01,afternoon,MIC-1180,MAT-MIC-1180,SUP-003,testing,normal,SYNTHETIC_GOERTEK_PRODUCTION,394,383,11,377,383,370,480,463,448,15,1.05,8430.44,6569.45,873.41,3403,58370.34,356,365,351,365
2026-06-30,LINE-B01,night,MIC-1180,MAT-MIC-1180,SUP-003,testing,normal,SYNTHETIC_GOERTEK_PRODUCTION,353,344,9,335,344,334,480,459,446,13,1.05,7503.79,5801.81,813.31,5669,95611.8,356,348,336,348
2026-06-30,LINE-B02,morning,MIC-1180,MAT-MIC-1180,SUP-004,testing,normal,SYNTHETIC_GOERTEK_PRODUCTION,352,346,6,339,346,358,480,478,451,27,1.1,7679.05,6134.09,612.47,4054,71871.68,360,373,367,373
2026-06-30,LINE-B02,afternoon,MIC-1180,MAT-MIC-1180,SUP-004,testing,normal,SYNTHETIC_GOERTEK_PRODUCTION,345,333,12,324,333,341,480,462,439,23,1.1,7286.42,5849.34,627.27,5252,92254.46,366,340,325,340
2026-06-30,LINE-B02,night,MIC-1180,MAT-MIC-1180,SUP-004,testing,normal,SYNTHETIC_GOERTEK_PRODUCTION,316,307,9,301,307,305,480,469,436,33,1.1,6782.51,5408.39,565.77,4725,83239.88,314,320,315,320
2026-06-30,LINE-C01,morning,TWS-A70,MAT-TWS-A70,SUP-005,packaging,normal,SYNTHETIC_GOERTEK_PRODUCTION,251,244,7,239,244,239,480,459,444,15,1.6,23349.69,16826.61,3760.44,4518,311568.13,226,234,227,234
2026-06-30,LINE-C01,afternoon,TWS-A70,MAT-TWS-A70,SUP-005,packaging,normal,SYNTHETIC_GOERTEK_PRODUCTION,235,229,6,222,229,227,480,457,435,22,1.6,21556.78,15472.82,3657.94,2687,181552.26,235,232,222,232
2026-06-30,LINE-C01,night,TWS-A70,MAT-TWS-A70,SUP-005,packaging,normal,SYNTHETIC_GOERTEK_PRODUCTION,230,225,5,219,225,227,480,456,434,22,1.6,21678.29,15480.93,3733.33,4965,341612.52,257,235,230,235
2026-06-30,LINE-C02,morning,TWS-A70,MAT-TWS-A70,SUP-006,packaging,normal,SYNTHETIC_GOERTEK_PRODUCTION,268,259,9,254,259,260,540,524,510,14,1.55,24729.61,18629.52,3169.7,3221,231682.18,242,251,240,251
2026-06-30,LINE-C02,afternoon,TWS-A70,MAT-TWS-A70,SUP-006,packaging,normal,SYNTHETIC_GOERTEK_PRODUCTION,231,225,6,218,225,219,480,462,431,31,1.55,21718.17,16467.24,2735.39,4678,342372.22,221,220,212,220
2026-06-30,LINE-C02,night,TWS-A70,MAT-TWS-A70,SUP-006,packaging,normal,SYNTHETIC_GOERTEK_PRODUCTION,219,213,6,209,213,227,480,454,433,21,1.55,20406.32,14909.57,3292.2,0,0,215,217,206,217
2026-07-01,LINE-A01,morning,SPK-3200,MAT-SPK-3200,SUP-001,assembly,test,SYNTHETIC_GOERTEK_PRODUCTION,332,324,8,315,324,337,480,455,441,14,1.2,12494.45,9402.48,1694.18,3138,91064.76,314,322,312,322
2026-07-01,LINE-A01,afternoon,SPK-3200,MAT-SPK-3200,SUP-001,assembly,normal,SYNTHETIC_GOERTEK_PRODUCTION,382,370,12,361,370,352,540,519,497,22,1.2,14413,10658.04,2011.77,3758,108251.12,377,378,367,378
2026-07-01,LINE-A01,night,SPK-3200,MAT-SPK-3200,SUP-001,assembly,normal,SYNTHETIC_GOERTEK_PRODUCTION,325,317,8,308,317,318,480,466,460,6,1.2,12203.68,8918.09,1917.15,2533,71260.32,315,327,316,327
2026-07-01,LINE-A02,morning,SPK-3200,MAT-SPK-3200,SUP-002,assembly,normal,SYNTHETIC_GOERTEK_PRODUCTION,314,305,9,300,305,292,480,458,438,20,1.25,11857.76,8961.85,1513.65,3730,109599.02,307,303,297,303
2026-07-01,LINE-A02,afternoon,SPK-3200,MAT-SPK-3200,SUP-002,assembly,normal,SYNTHETIC_GOERTEK_PRODUCTION,308,302,6,297,302,297,480,469,445,24,1.25,11611.4,8805.17,1454.94,3886,113300.96,308,305,290,305
2026-07-01,LINE-A02,night,SPK-3200,MAT-SPK-3200,SUP-002,assembly,normal,SYNTHETIC_GOERTEK_PRODUCTION,292,283,9,276,283,296,480,462,434,28,1.25,10812.72,8087.34,1463.71,4431,126625.45,271,280,270,280
2026-07-01,LINE-B01,morning,MIC-1180,MAT-MIC-1180,SUP-003,testing,normal,SYNTHETIC_GOERTEK_PRODUCTION,397,389,8,375,389,374,480,456,441,15,1.05,8603.51,6749.75,743.68,3878,67289.28,364,391,377,391
2026-07-01,LINE-B01,afternoon,MIC-1180,MAT-MIC-1180,SUP-003,testing,normal,SYNTHETIC_GOERTEK_PRODUCTION,385,376,9,368,376,358,480,472,453,19,1.05,8371.53,6509.14,920.41,3904,67584.26,373,380,362,380
2026-07-01,LINE-B01,night,MIC-1180,MAT-MIC-1180,SUP-003,testing,normal,SYNTHETIC_GOERTEK_PRODUCTION,376,366,10,356,366,359,480,463,439,24,1.05,8039.3,6313.31,846.16,4401,75914.97,364,357,336,357
2026-07-01,LINE-B02,morning,MIC-1180,MAT-MIC-1180,SUP-004,testing,normal,SYNTHETIC_GOERTEK_PRODUCTION,348,337,11,327,337,333,480,461,429,32,1.1,7345.25,5818.84,783.52,3285,56720.74,314,327,321,327
2026-07-01,LINE-B02,afternoon,MIC-1180,MAT-MIC-1180,SUP-004,testing,normal,SYNTHETIC_GOERTEK_PRODUCTION,342,332,10,327,332,343,480,466,442,24,1.1,7357.93,5766.64,775.96,4233,73524.66,358,350,335,350
2026-07-01,LINE-B02,night,MIC-1180,MAT-MIC-1180,SUP-004,testing,normal,SYNTHETIC_GOERTEK_PRODUCTION,324,312,12,306,312,311,480,466,444,22,1.1,6761.9,5230.92,734.54,0,0,323,314,311,314
2026-07-01,LINE-C01,morning,TWS-A70,MAT-TWS-A70,SUP-005,packaging,normal,SYNTHETIC_GOERTEK_PRODUCTION,239,232,7,227,232,235,480,456,433,23,1.6,22108.24,15786.97,3746.52,3445,234422.9,232,231,222,231
2026-07-01,LINE-C01,afternoon,TWS-A70,MAT-TWS-A70,SUP-005,packaging,normal,SYNTHETIC_GOERTEK_PRODUCTION,253,248,5,244,248,252,480,468,432,36,1.6,23454.98,16909.84,3749.47,4271,291217.45,243,252,241,252
2026-07-01,LINE-C01,night,TWS-A70,MAT-TWS-A70,SUP-005,packaging,test,SYNTHETIC_GOERTEK_PRODUCTION,240,233,7,229,233,238,480,466,456,10,1.6,22403.47,16215.47,3557.4,4280,297863.57,226,232,223,232
2026-07-01,LINE-C02,morning,TWS-A70,MAT-TWS-A70,SUP-006,packaging,normal,SYNTHETIC_GOERTEK_PRODUCTION,238,231,7,226,231,241,480,462,441,21,1.55,21841.04,16034.05,3312.04,2983,207054.42,234,237,232,237
2026-07-01,LINE-C02,afternoon,TWS-A70,MAT-TWS-A70,SUP-006,packaging,normal,SYNTHETIC_GOERTEK_PRODUCTION,243,238,5,233,238,246,480,472,460,12,1.55,23065.75,17442.88,3207.29,2719,199273.91,223,231,225,231
2026-07-01,LINE-C02,night,TWS-A70,MAT-TWS-A70,SUP-006,packaging,normal,SYNTHETIC_GOERTEK_PRODUCTION,220,213,7,209,213,215,480,468,449,19,1.55,20321.9,15531.53,2390.96,2361,172159.35,216,208,200,208
2026-07-02,LINE-A01,morning,SPK-3200,MAT-SPK-3200,SUP-001,assembly,normal,SYNTHETIC_GOERTEK_PRODUCTION,337,329,8,321,329,324,480,456,443,13,1.2,12635.26,9285.34,1882.6,4383,123701.05,358,338,318,338
2026-07-02,LINE-A01,afternoon,SPK-3200,MAT-SPK-3200,SUP-001,assembly,normal,SYNTHETIC_GOERTEK_PRODUCTION,328,318,10,309,318,311,480,465,449,16,1.2,12366.44,9098.56,1730.88,4935,141199.35,304,306,289,306
2026-07-02,LINE-A01,night,SPK-3200,MAT-SPK-3200,SUP-001,assembly,normal,SYNTHETIC_GOERTEK_PRODUCTION,340,333,7,325,333,339,540,517,487,30,1.2,12730.05,9368.73,1850.81,3671,103281.1,310,328,318,328
2026-07-02,LINE-A02,morning,SPK-3200,MAT-SPK-3200,SUP-002,assembly,normal,SYNTHETIC_GOERTEK_PRODUCTION,318,312,6,307,312,320,480,470,432,38,1.25,12068.33,9113.73,1610.89,3346,97738.91,281,304,293,304
2026-07-02,LINE-A02,afternoon,SPK-3200,MAT-SPK-3200,SUP-002,assembly,normal,SYNTHETIC_GOERTEK_PRODUCTION,311,302,9,295,302,301,480,459,437,22,1.25,11556.44,8969.06,1180.31,3491,103678.77,303,301,285,301
2026-07-02,LINE-A02,night,SPK-3200,MAT-SPK-3200,SUP-002,assembly,normal,SYNTHETIC_GOERTEK_PRODUCTION,280,272,8,267,272,275,480,464,450,14,1.25,10348.28,7917.65,1205.45,4241,123451.3,277,269,255,269
2026-07-02,LINE-B01,morning,MIC-1180,MAT-MIC-1180,SUP-003,testing,normal,SYNTHETIC_GOERTEK_PRODUCTION,395,386,9,378,386,378,480,457,419,38,1.05,8448.49,6639.23,865.06,5142,88442.8,380,396,383,396
2026-07-02,LINE-B01,afternoon,MIC-1180,MAT-MIC-1180,SUP-003,testing,normal,SYNTHETIC_GOERTEK_PRODUCTION,463,449,14,437,449,439,540,524,500,24,1.05,9863.87,7606.55,1133.06,5163,87466.85,466,462,443,462
2026-07-02,LINE-B01,night,MIC-1180,MAT-MIC-1180,SUP-003,testing,normal,SYNTHETIC_GOERTEK_PRODUCTION,366,357,9,347,357,367,480,458,436,22,1.05,7778.56,5952.74,923.83,5570,92876.08,342,351,330,351
2026-07-02,LINE-B02,morning,MIC-1180,MAT-MIC-1180,SUP-004,testing,normal,SYNTHETIC_GOERTEK_PRODUCTION,393,381,12,374,381,376,540,525,514,11,1.1,8388.26,6640.45,751.98,4071,70953.47,374,380,367,380
2026-07-02,LINE-B02,afternoon,MIC-1180,MAT-MIC-1180,SUP-004,testing,normal,SYNTHETIC_GOERTEK_PRODUCTION,332,323,9,314,323,310,480,464,429,35,1.1,7114.63,5662.69,648.07,3546,62166.87,307,326,312,326
2026-07-02,LINE-B02,night,MIC-1180,MAT-MIC-1180,SUP-004,testing,normal,SYNTHETIC_GOERTEK_PRODUCTION,328,321,7,314,321,328,480,466,445,21,1.1,6975.19,5568.97,615.72,0,0,310,323,313,323
2026-07-02,LINE-C01,morning,TWS-A70,MAT-TWS-A70,SUP-005,packaging,normal,SYNTHETIC_GOERTEK_PRODUCTION,245,240,5,237,240,241,480,467,451,16,1.6,22985.85,16217.92,4004.77,3423,231308.08,236,241,235,241
2026-07-02,LINE-C01,afternoon,TWS-A70,MAT-TWS-A70,SUP-005,packaging,normal,SYNTHETIC_GOERTEK_PRODUCTION,234,228,6,222,228,222,480,457,440,17,1.6,22004.88,15740.68,3722.7,5617,387786.84,218,224,217,224
2026-07-02,LINE-C01,night,TWS-A70,MAT-TWS-A70,SUP-005,packaging,normal,SYNTHETIC_GOERTEK_PRODUCTION,230,223,7,217,223,230,480,462,429,33,1.6,21133.05,15375.1,3299.02,4746,327220.74,226,221,212,221
2026-07-02,LINE-C02,morning,TWS-A70,MAT-TWS-A70,SUP-006,packaging,normal,SYNTHETIC_GOERTEK_PRODUCTION,263,253,10,247,253,251,540,516,503,13,1.55,24422.23,18159.02,3379.81,4503,323201.85,240,247,238,247
2026-07-02,LINE-C02,afternoon,TWS-A70,MAT-TWS-A70,SUP-006,packaging,normal,SYNTHETIC_GOERTEK_PRODUCTION,230,224,6,221,224,226,480,453,429,24,1.55,21390.06,16180.41,2742,3586,259031.03,226,230,222,230
2026-07-02,LINE-C02,night,TWS-A70,MAT-TWS-A70,SUP-006,packaging,normal,SYNTHETIC_GOERTEK_PRODUCTION,224,217,7,212,217,217,480,466,436,30,1.55,20755.35,15677.59,2915.16,4894,353576.62,221,218,210,218
2026-07-03,LINE-A01,morning,SPK-3200,MAT-SPK-3200,SUP-001,assembly,normal,SYNTHETIC_GOERTEK_PRODUCTION,350,340,10,331,340,335,480,462,426,36,1.2,12971.31,9627.98,1751.04,3472,98318.67,307,323,310,323
2026-07-03,LINE-A01,afternoon,SPK-3200,MAT-SPK-3200,SUP-001,assembly,normal,SYNTHETIC_GOERTEK_PRODUCTION,338,328,10,318,328,336,480,454,419,35,1.2,12452.29,9400.88,1564.01,3519,100858.83,338,337,329,337
2026-07-03,LINE-A01,night,SPK-3200,MAT-SPK-3200,SUP-001,assembly,normal,SYNTHETIC_GOERTEK_PRODUCTION,325,317,8,309,317,317,480,466,436,30,1.2,12002.22,8926.16,1736.79,4636,130541.57,307,305,297,305
2026-07-03,LINE-A02,morning,SPK-3200,MAT-SPK-3200,SUP-002,assembly,normal,SYNTHETIC_GOERTEK_PRODUCTION,342,335,7,326,335,344,540,526,510,16,1.25,13007.74,9904.72,1642.42,0,0,351,326,310,326
2026-07-03,LINE-A02,afternoon,SPK-3200,MAT-SPK-3200,SUP-002,assembly,normal,SYNTHETIC_GOERTEK_PRODUCTION,292,282,10,278,282,274,480,454,374,80,1.25,10950.68,8331.59,1423.87,3719,109876.54,290,282,273,282
2026-07-03,LINE-A02,night,SPK-3200,MAT-SPK-3200,SUP-002,assembly,normal,SYNTHETIC_GOERTEK_PRODUCTION,279,271,8,266,271,262,480,451,421,30,1.25,10383.53,7994.31,1290.17,3670,108262.43,256,261,246,261
2026-07-03,LINE-B01,morning,MIC-1180,MAT-MIC-1180,SUP-003,testing,normal,SYNTHETIC_GOERTEK_PRODUCTION,411,398,13,389,398,401,480,471,453,18,1.05,8716.94,6740.96,957.65,3916,66325.63,407,395,370,395
2026-07-03,LINE-B01,afternoon,MIC-1180,MAT-MIC-1180,SUP-003,testing,normal,SYNTHETIC_GOERTEK_PRODUCTION,397,387,10,378,387,384,480,471,445,26,1.05,8365.62,6593.65,851.72,2732,46547.42,377,393,373,393
2026-07-03,LINE-B01,night,MIC-1180,MAT-MIC-1180,SUP-003,testing,normal,SYNTHETIC_GOERTEK_PRODUCTION,364,355,9,347,355,362,480,457,430,27,1.05,7783.04,6116.28,808.39,2770,47724.21,356,356,347,356
2026-07-03,LINE-B02,morning,MIC-1180,MAT-MIC-1180,SUP-004,testing,normal,SYNTHETIC_GOERTEK_PRODUCTION,334,324,10,314,324,314,480,458,433,25,1.1,7134.07,5693,602.46,4457,78313.89,333,319,311,319
2026-07-03,LINE-B02,afternoon,MIC-1180,MAT-MIC-1180,SUP-004,testing,normal,SYNTHETIC_GOERTEK_PRODUCTION,343,334,9,327,334,340,480,462,446,16,1.1,7330.84,5758.35,739.89,2985,51463.1,366,346,340,346
2026-07-03,LINE-B02,night,MIC-1180,MAT-MIC-1180,SUP-004,testing,normal,SYNTHETIC_GOERTEK_PRODUCTION,327,319,8,310,319,320,480,467,446,21,1.1,7071.69,5592.14,728.17,4002,70155.94,323,307,291,307
2026-07-03,LINE-C01,morning,TWS-A70,MAT-TWS-A70,SUP-005,packaging,normal,SYNTHETIC_GOERTEK_PRODUCTION,256,249,7,243,249,261,480,474,459,15,1.6,23683.78,17041.97,4159.99,4651,318322.1,258,254,250,254
2026-07-03,LINE-C01,afternoon,TWS-A70,MAT-TWS-A70,SUP-005,packaging,normal,SYNTHETIC_GOERTEK_PRODUCTION,233,227,6,222,227,224,480,451,430,21,1.6,21902.34,15604.88,3679.81,3857,265145.47,235,234,221,234
2026-07-03,LINE-C01,night,TWS-A70,MAT-TWS-A70,SUP-005,packaging,normal,SYNTHETIC_GOERTEK_PRODUCTION,225,220,5,215,220,214,480,459,443,16,1.6,20928.29,14950.41,3515.02,4421,300435.28,232,227,223,227
2026-07-03,LINE-C02,morning,TWS-A70,MAT-TWS-A70,SUP-006,packaging,normal,SYNTHETIC_GOERTEK_PRODUCTION,229,223,6,218,223,229,480,460,435,25,1.55,21518.66,16252.48,2781.24,3397,247577.02,211,217,208,217
2026-07-03,LINE-C02,afternoon,TWS-A70,MAT-TWS-A70,SUP-006,packaging,normal,SYNTHETIC_GOERTEK_PRODUCTION,243,236,7,230,236,237,480,464,433,31,1.55,22605.52,17139.12,2906.41,4675,339514.35,242,249,235,249
2026-07-03,LINE-C02,night,TWS-A70,MAT-TWS-A70,SUP-006,packaging,normal,SYNTHETIC_GOERTEK_PRODUCTION,223,218,5,213,218,226,480,456,432,24,1.55,21043.2,15799.92,2990.41,3831,277658.23,222,218,207,218
2026-07-04,LINE-A01,morning,SPK-3200,MAT-SPK-3200,SUP-001,assembly,normal,SYNTHETIC_GOERTEK_PRODUCTION,348,338,10,329,338,334,480,470,447,23,1.2,13079.24,9738.06,1853.19,3870,111497.91,340,327,313,327
2026-07-04,LINE-A01,afternoon,SPK-3200,MAT-SPK-3200,SUP-001,assembly,normal,SYNTHETIC_GOERTEK_PRODUCTION,333,322,11,316,322,327,480,466,449,17,1.2,12476.89,9212.5,1811.81,3782,108203.96,307,319,310,319
2026-07-04,LINE-A01,night,SPK-3200,MAT-SPK-3200,SUP-001,assembly,normal,SYNTHETIC_GOERTEK_PRODUCTION,289,281,8,273,281,281,480,452,438,14,1.2,10841.1,8173.61,1385.68,3447,100264.89,300,294,281,294
2026-07-04,LINE-A02,morning,SPK-3200,MAT-SPK-3200,SUP-002,assembly,normal,SYNTHETIC_GOERTEK_PRODUCTION,354,345,9,338,345,338,540,523,443,80,1.25,13336.81,10188.88,1561.13,4526,133666.29,343,336,317,336
2026-07-04,LINE-A02,afternoon,SPK-3200,MAT-SPK-3200,SUP-002,assembly,normal,SYNTHETIC_GOERTEK_PRODUCTION,295,290,5,285,290,304,480,460,438,22,1.25,11164.44,8425.02,1476.31,3832,111326.47,285,290,277,290
2026-07-04,LINE-A02,night,SPK-3200,MAT-SPK-3200,SUP-002,assembly,normal,SYNTHETIC_GOERTEK_PRODUCTION,274,266,8,261,266,272,480,466,452,14,1.25,10261.77,7747.4,1349.72,3060,89124.23,268,274,264,274
2026-07-04,LINE-B01,morning,MIC-1180,MAT-MIC-1180,SUP-003,testing,normal,SYNTHETIC_GOERTEK_PRODUCTION,383,375,8,364,375,378,480,469,440,29,1.05,8283.81,6375.41,1029.46,3502,59537.83,387,400,381,400
2026-07-04,LINE-B01,afternoon,MIC-1180,MAT-MIC-1180,SUP-003,testing,normal,SYNTHETIC_GOERTEK_PRODUCTION,404,391,13,385,391,378,480,471,441,30,1.05,8622.04,6574.66,1023.55,3002,50478.59,431,402,386,402
2026-07-04,LINE-B01,night,MIC-1180,MAT-MIC-1180,SUP-003,testing,normal,SYNTHETIC_GOERTEK_PRODUCTION,370,358,12,349,358,368,480,467,443,24,1.05,7779.04,5976.08,917.98,3550,59260.01,339,343,332,343
2026-07-04,LINE-B02,morning,MIC-1180,MAT-MIC-1180,SUP-004,testing,normal,SYNTHETIC_GOERTEK_PRODUCTION,323,315,8,309,315,319,480,451,426,25,1.1,6881.64,5360.3,676.88,4972,84607.66,321,305,292,305
2026-07-04,LINE-B02,afternoon,MIC-1180,MAT-MIC-1180,SUP-004,testing,rework,SYNTHETIC_GOERTEK_PRODUCTION,320,311,9,308,311,306,480,468,451,17,1.1,6868.66,5485.49,578.24,4528,79865.91,322,328,319,328
2026-07-04,LINE-B02,night,MIC-1180,MAT-MIC-1180,SUP-004,testing,normal,SYNTHETIC_GOERTEK_PRODUCTION,294,288,6,282,288,289,480,462,443,19,1.1,6363.22,4957.98,695.52,3591,61819.81,297,297,289,297
2026-07-04,LINE-C01,morning,TWS-A70,MAT-TWS-A70,SUP-005,packaging,normal,SYNTHETIC_GOERTEK_PRODUCTION,243,237,6,230,237,238,480,464,431,33,1.6,22786.74,16600.22,3362.92,4208,294741.46,220,235,225,235
2026-07-04,LINE-C01,afternoon,TWS-A70,MAT-TWS-A70,SUP-005,packaging,normal,SYNTHETIC_GOERTEK_PRODUCTION,229,222,7,218,222,214,480,457,444,13,1.6,21200.76,15460.44,3237.6,4223,294096.57,222,222,211,222
2026-07-04,LINE-C01,night,TWS-A70,MAT-TWS-A70,SUP-005,packaging,normal,SYNTHETIC_GOERTEK_PRODUCTION,233,226,7,220,226,228,480,462,453,9,1.6,21673.22,15661.92,3503.55,3469,240403.54,228,224,214,224
2026-07-04,LINE-C02,morning,TWS-A70,MAT-TWS-A70,SUP-006,packaging,normal,SYNTHETIC_GOERTEK_PRODUCTION,223,217,6,213,217,221,480,462,425,37,1.55,20962.07,15531.12,3044.8,5208,372746.88,213,218,210,218
2026-07-04,LINE-C02,afternoon,TWS-A70,MAT-TWS-A70,SUP-006,packaging,normal,SYNTHETIC_GOERTEK_PRODUCTION,221,214,7,210,214,219,480,476,459,17,1.55,20587.79,15385.37,2740.89,2839,204107.78,218,219,212,219
2026-07-04,LINE-C02,night,TWS-A70,MAT-TWS-A70,SUP-006,packaging,normal,SYNTHETIC_GOERTEK_PRODUCTION,205,198,7,192,198,198,480,456,361,95,1.55,19015.68,14311.29,2483.22,3407,246255.38,196,190,180,190
2026-07-05,LINE-A01,morning,SPK-3200,MAT-SPK-3200,SUP-001,assembly,normal,SYNTHETIC_GOERTEK_PRODUCTION,333,323,10,315,323,329,480,466,456,10,1.2,12383.31,9295.65,1661.83,3641,104784.71,297,320,306,320
2026-07-05,LINE-A01,afternoon,SPK-3200,MAT-SPK-3200,SUP-001,assembly,normal,SYNTHETIC_GOERTEK_PRODUCTION,307,300,7,294,300,293,480,467,445,22,1.2,11626.1,8494.07,1679.19,3267,92500.42,294,300,284,300
2026-07-05,LINE-A01,night,SPK-3200,MAT-SPK-3200,SUP-001,assembly,normal,SYNTHETIC_GOERTEK_PRODUCTION,329,320,9,312,320,324,540,514,500,14,1.2,12304.39,8997.69,1918.31,2398,67426.44,304,311,301,311
2026-07-05,LINE-A02,morning,SPK-3200,MAT-SPK-3200,SUP-002,assembly,normal,SYNTHETIC_GOERTEK_PRODUCTION,334,327,7,321,327,336,540,529,498,31,1.25,12465.68,9535.15,1384.18,4706,137224.51,327,324,309,324
2026-07-05,LINE-A02,afternoon,SPK-3200,MAT-SPK-3200,SUP-002,assembly,normal,SYNTHETIC_GOERTEK_PRODUCTION,299,291,8,284,291,281,480,456,423,33,1.25,11097.24,8283.01,1480.3,4033,114795.12,291,290,286,290
2026-07-05,LINE-A02,night,SPK-3200,MAT-SPK-3200,SUP-002,assembly,normal,SYNTHETIC_GOERTEK_PRODUCTION,280,272,8,266,272,261,480,459,447,12,1.25,10405.01,7935.25,1250.69,4447,129735.5,270,270,260,270
2026-07-05,LINE-B01,morning,MIC-1180,MAT-MIC-1180,SUP-003,testing,normal,SYNTHETIC_GOERTEK_PRODUCTION,397,387,10,377,387,378,480,468,437,31,1.05,8493.26,6591.56,810.89,3912,66630.96,369,380,376,380
2026-07-05,LINE-B01,afternoon,MIC-1180,MAT-MIC-1180,SUP-003,testing,normal,SYNTHETIC_GOERTEK_PRODUCTION,385,371,14,362,371,373,480,469,447,22,1.05,8158.88,6399,766.75,4437,76529.28,373,382,373,382
2026-07-05,LINE-B01,night,MIC-1180,MAT-MIC-1180,SUP-003,testing,normal,SYNTHETIC_GOERTEK_PRODUCTION,361,353,8,344,353,352,480,458,437,21,1.05,7685.65,5877.53,938.07,3985,66351.15,341,353,343,353
2026-07-05,LINE-B02,morning,MIC-1180,MAT-MIC-1180,SUP-004,testing,normal,SYNTHETIC_GOERTEK_PRODUCTION,337,329,8,323,329,332,480,466,448,18,1.1,7172.07,5830.81,494,3014,53416.6,360,341,327,341
2026-07-05,LINE-B02,afternoon,MIC-1180,MAT-MIC-1180,SUP-004,testing,normal,SYNTHETIC_GOERTEK_PRODUCTION,354,347,7,341,347,349,540,511,486,25,1.1,7668.55,6115.4,651.99,4155,73226.19,348,355,341,355
2026-07-05,LINE-B02,night,MIC-1180,MAT-MIC-1180,SUP-004,testing,test,SYNTHETIC_GOERTEK_PRODUCTION,302,295,7,286,295,304,480,453,436,17,1.1,6461.8,5128.01,603.72,3131,54426.44,301,309,296,309
2026-07-05,LINE-C01,morning,TWS-A70,MAT-TWS-A70,SUP-005,packaging,normal,SYNTHETIC_GOERTEK_PRODUCTION,240,234,6,230,234,231,480,461,439,22,1.6,22388.11,15754.17,3921.86,3473,233821.51,231,229,220,229
2026-07-05,LINE-C01,afternoon,TWS-A70,MAT-TWS-A70,SUP-005,packaging,normal,SYNTHETIC_GOERTEK_PRODUCTION,241,233,8,229,233,229,480,460,453,7,1.6,22466.63,15914.79,3984.12,4242,289744.8,224,218,212,218
2026-07-05,LINE-C01,night,TWS-A70,MAT-TWS-A70,SUP-005,packaging,normal,SYNTHETIC_GOERTEK_PRODUCTION,227,220,7,216,220,220,480,469,434,35,1.6,21094.4,15110,3612.75,4977,341829.41,211,218,212,218
2026-07-05,LINE-C02,morning,TWS-A70,MAT-TWS-A70,SUP-006,packaging,normal,SYNTHETIC_GOERTEK_PRODUCTION,227,221,6,217,221,226,480,461,439,22,1.55,21477.72,15874.91,3256.1,3781,271597.44,214,220,210,220
2026-07-05,LINE-C02,afternoon,TWS-A70,MAT-TWS-A70,SUP-006,packaging,normal,SYNTHETIC_GOERTEK_PRODUCTION,215,211,4,205,211,218,480,466,442,24,1.55,20212.05,15337.07,2375.56,3046,221406.23,208,212,204,212
2026-07-05,LINE-C02,night,TWS-A70,MAT-TWS-A70,SUP-006,packaging,normal,SYNTHETIC_GOERTEK_PRODUCTION,206,200,6,197,200,194,480,453,416,37,1.55,19184.28,14538.1,2457.48,3929,285600.97,182,190,183,190
2026-07-06,LINE-A01,morning,SPK-3200,MAT-SPK-3200,SUP-001,assembly,normal,SYNTHETIC_GOERTEK_PRODUCTION,339,330,9,323,330,323,480,462,437,25,1.2,12678.07,9460.94,1868.29,4324,123966.98,330,324,314,324
2026-07-06,LINE-A01,afternoon,SPK-3200,MAT-SPK-3200,SUP-001,assembly,rework,SYNTHETIC_GOERTEK_PRODUCTION,336,330,6,321,330,338,480,464,445,19,1.2,12805.4,9472.69,1874.49,3715,106639.53,343,327,316,327
2026-07-06,LINE-A01,night,SPK-3200,MAT-SPK-3200,SUP-001,assembly,rework,SYNTHETIC_GOERTEK_PRODUCTION,311,302,9,296,302,318,480,471,451,20,1.2,11609.38,8383.63,1875.88,4587,127336.79,299,287,280,287
2026-07-06,LINE-A02,morning,SPK-3200,MAT-SPK-3200,SUP-002,assembly,normal,SYNTHETIC_GOERTEK_PRODUCTION,309,301,8,295,301,293,480,459,432,27,1.25,11687.31,9049.82,1276.97,3695,111093.31,308,307,297,307
2026-07-06,LINE-A02,afternoon,SPK-3200,MAT-SPK-3200,SUP-002,assembly,normal,SYNTHETIC_GOERTEK_PRODUCTION,293,285,8,276,285,294,480,469,442,27,1.25,10984.69,8392.38,1354.18,4331,127534.73,279,292,285,292
2026-07-06,LINE-A02,night,SPK-3200,MAT-SPK-3200,SUP-002,assembly,normal,SYNTHETIC_GOERTEK_PRODUCTION,296,286,10,281,286,279,480,456,435,21,1.25,11017.21,8456.39,1357.69,4463,131961.08,262,280,270,280
2026-07-06,LINE-B01,morning,MIC-1180,MAT-MIC-1180,SUP-003,testing,normal,SYNTHETIC_GOERTEK_PRODUCTION,401,387,14,378,387,390,480,468,447,21,1.05,8611.9,6838.72,771.45,3495,61760.53,383,389,384,389
2026-07-06,LINE-B01,afternoon,MIC-1180,MAT-MIC-1180,SUP-003,testing,normal,SYNTHETIC_GOERTEK_PRODUCTION,402,392,10,387,392,395,480,466,440,26,1.05,8569.39,6620.09,871.46,4570,77178.09,391,394,382,394
2026-07-06,LINE-B01,night,MIC-1180,MAT-MIC-1180,SUP-003,testing,normal,SYNTHETIC_GOERTEK_PRODUCTION,413,402,11,395,402,377,540,515,502,13,1.05,8755.21,6892.54,821.16,3630,62238.61,395,392,381,392
2026-07-06,LINE-B02,morning,MIC-1180,MAT-MIC-1180,SUP-004,testing,normal,SYNTHETIC_GOERTEK_PRODUCTION,353,342,11,332,342,345,480,467,436,31,1.1,7483.2,5968.62,664.14,3729,65078.9,352,332,331,332
2026-07-06,LINE-B02,afternoon,MIC-1180,MAT-MIC-1180,SUP-004,testing,normal,SYNTHETIC_GOERTEK_PRODUCTION,384,377,7,370,377,359,540,518,487,31,1.1,8354.83,6689.55,730.55,4223,74933.61,362,363,359,363
2026-07-06,LINE-B02,night,MIC-1180,MAT-MIC-1180,SUP-004,testing,normal,SYNTHETIC_GOERTEK_PRODUCTION,320,311,9,305,311,322,480,459,445,14,1.1,6770.99,5305.31,654.51,3966,67655.5,316,312,299,312
2026-07-06,LINE-C01,morning,TWS-A70,MAT-TWS-A70,SUP-005,packaging,normal,SYNTHETIC_GOERTEK_PRODUCTION,248,242,6,237,242,239,480,462,448,14,1.6,23385.81,16834.54,3622.08,4400,306082.55,226,232,226,232
2026-07-06,LINE-C01,afternoon,TWS-A70,MAT-TWS-A70,SUP-005,packaging,normal,SYNTHETIC_GOERTEK_PRODUCTION,243,238,5,233,238,234,480,462,430,32,1.6,22826.97,16898.4,3344.77,2646,187870.45,220,230,227,230
2026-07-06,LINE-C01,night,TWS-A70,MAT-TWS-A70,SUP-005,packaging,normal,SYNTHETIC_GOERTEK_PRODUCTION,229,224,5,218,224,232,480,465,449,16,1.6,21340.71,15333.85,3286.23,3704,253556.16,224,226,219,226
2026-07-06,LINE-C02,morning,TWS-A70,MAT-TWS-A70,SUP-006,packaging,normal,SYNTHETIC_GOERTEK_PRODUCTION,237,231,6,225,231,227,480,456,439,17,1.55,22188.09,16873.97,2600.87,3909,285542.64,231,239,231,239
2026-07-06,LINE-C02,afternoon,TWS-A70,MAT-TWS-A70,SUP-006,packaging,normal,SYNTHETIC_GOERTEK_PRODUCTION,239,234,5,226,234,230,480,467,444,23,1.55,22412.84,16842.38,2877.24,4131,297332.79,236,239,229,239
2026-07-06,LINE-C02,night,TWS-A70,MAT-TWS-A70,SUP-006,packaging,normal,SYNTHETIC_GOERTEK_PRODUCTION,223,216,7,212,216,215,480,463,454,9,1.55,20593.2,15405.27,2878.49,3060,218241.33,211,204,196,204
2026-07-07,LINE-A01,morning,SPK-3200,MAT-SPK-3200,SUP-001,assembly,normal,SYNTHETIC_GOERTEK_PRODUCTION,331,325,6,315,325,333,480,464,460,4,1.2,12445.16,9089.98,1938.38,3758,105108.14,338,323,309,323
2026-07-07,LINE-A01,afternoon,SPK-3200,MAT-SPK-3200,SUP-001,assembly,normal,SYNTHETIC_GOERTEK_PRODUCTION,353,342,11,337,342,337,480,467,440,27,1.2,13034.97,9626.96,1876.48,3866,108824.06,369,359,356,359
2026-07-07,LINE-A01,night,SPK-3200,MAT-SPK-3200,SUP-001,assembly,normal,SYNTHETIC_GOERTEK_PRODUCTION,321,313,8,306,313,303,480,466,455,11,1.2,12187.69,9104.3,1673.56,3407,99100.16,322,322,313,322
2026-07-07,LINE-A02,morning,SPK-3200,MAT-SPK-3200,SUP-002,assembly,normal,SYNTHETIC_GOERTEK_PRODUCTION,326,316,10,308,316,328,480,462,445,17,1.25,12182.34,9255.42,1433.5,2766,81014.21,297,305,292,305
2026-07-07,LINE-A02,afternoon,SPK-3200,MAT-SPK-3200,SUP-002,assembly,normal,SYNTHETIC_GOERTEK_PRODUCTION,357,346,11,337,346,333,540,527,503,24,1.25,13380.31,9991.7,1802.75,2905,83889.85,370,353,342,353
2026-07-07,LINE-A02,night,SPK-3200,MAT-SPK-3200,SUP-002,assembly,normal,SYNTHETIC_GOERTEK_PRODUCTION,274,267,7,261,267,260,480,456,422,34,1.25,10400.61,7827.25,1258.5,4027,118053.69,279,257,249,257
2026-07-07,LINE-B01,morning,MIC-1180,MAT-MIC-1180,SUP-003,testing,normal,SYNTHETIC_GOERTEK_PRODUCTION,407,397,10,389,397,391,480,460,433,27,1.05,8769.32,6802.9,982.87,4102,70290.92,374,394,385,394
2026-07-07,LINE-B01,afternoon,MIC-1180,MAT-MIC-1180,SUP-003,testing,normal,SYNTHETIC_GOERTEK_PRODUCTION,394,381,13,375,381,381,480,454,438,16,1.05,8454.15,6495.89,922.53,2909,49597.23,383,384,365,384
2026-07-07,LINE-B01,night,MIC-1180,MAT-MIC-1180,SUP-003,testing,normal,SYNTHETIC_GOERTEK_PRODUCTION,383,376,7,368,376,362,480,461,446,15,1.05,8239.9,6348.23,977.53,3706,62570.59,372,364,357,364
2026-07-07,LINE-B02,morning,MIC-1180,MAT-MIC-1180,SUP-004,testing,normal,SYNTHETIC_GOERTEK_PRODUCTION,333,324,9,316,324,322,480,449,426,23,1.1,7041.36,5474.04,767.86,4069,68746.51,324,318,306,318
2026-07-07,LINE-B02,afternoon,MIC-1180,MAT-MIC-1180,SUP-004,testing,normal,SYNTHETIC_GOERTEK_PRODUCTION,389,378,11,371,378,367,540,534,526,8,1.1,8277.34,6696.42,632.76,3436,60870.1,374,371,358,371
2026-07-07,LINE-B02,night,MIC-1180,MAT-MIC-1180,SUP-004,testing,normal,SYNTHETIC_GOERTEK_PRODUCTION,333,324,9,317,324,325,480,471,448,23,1.1,7092.54,5517.95,649.52,3867,65857.76,313,313,312,313
2026-07-07,LINE-C01,morning,TWS-A70,MAT-TWS-A70,SUP-005,packaging,normal,SYNTHETIC_GOERTEK_PRODUCTION,246,242,4,236,242,235,480,456,438,18,1.6,23281.49,16789.51,4041.92,4099,284381,233,235,227,235
2026-07-07,LINE-C01,afternoon,TWS-A70,MAT-TWS-A70,SUP-005,packaging,normal,SYNTHETIC_GOERTEK_PRODUCTION,244,238,6,232,238,237,480,466,443,23,1.6,22524,15876.68,4070.44,3375,225142,245,238,229,238
2026-07-07,LINE-C01,night,TWS-A70,MAT-TWS-A70,SUP-005,packaging,normal,SYNTHETIC_GOERTEK_PRODUCTION,236,229,7,224,229,232,480,469,438,31,1.6,21986.13,15738.82,3810.29,3297,226597.77,209,219,212,219
2026-07-07,LINE-C02,morning,TWS-A70,MAT-TWS-A70,SUP-006,packaging,normal,SYNTHETIC_GOERTEK_PRODUCTION,246,240,6,236,240,242,480,473,459,14,1.55,22915.67,17223.14,3043.19,3529,253251.92,224,241,234,241
2026-07-07,LINE-C02,afternoon,TWS-A70,MAT-TWS-A70,SUP-006,packaging,normal,SYNTHETIC_GOERTEK_PRODUCTION,230,224,6,218,224,225,480,460,438,22,1.55,21775.24,16386.81,2822.46,5113,374043.57,229,228,219,228
2026-07-07,LINE-C02,night,TWS-A70,MAT-TWS-A70,SUP-006,packaging,normal,SYNTHETIC_GOERTEK_PRODUCTION,226,221,5,215,221,221,480,471,449,22,1.55,21222.9,15952.17,2891.47,3570,257688.9,238,225,214,225
2026-07-08,LINE-A01,morning,SPK-3200,MAT-SPK-3200,SUP-001,assembly,normal,SYNTHETIC_GOERTEK_PRODUCTION,363,350,13,341,350,336,480,470,398,72,1.2,13401.21,10055.28,1775.63,3725,107016.91,370,360,340,360
2026-07-08,LINE-A01,afternoon,SPK-3200,MAT-SPK-3200,SUP-001,assembly,normal,SYNTHETIC_GOERTEK_PRODUCTION,326,318,8,310,318,324,480,454,438,16,1.2,12204.84,9055.94,1737.46,4254,121144.56,348,342,331,342
2026-07-08,LINE-A01,night,SPK-3200,MAT-SPK-3200,SUP-001,assembly,normal,SYNTHETIC_GOERTEK_PRODUCTION,345,337,8,329,337,337,540,516,484,32,1.2,12969.34,9433.64,2083.35,3440,96295.91,327,337,324,337
2026-07-08,LINE-A02,morning,SPK-3200,MAT-SPK-3200,SUP-002,assembly,normal,SYNTHETIC_GOERTEK_PRODUCTION,314,307,7,304,307,301,480,465,453,12,1.25,11743.33,8865.49,1581.08,5117,147767.79,318,309,292,309
2026-07-08,LINE-A02,afternoon,SPK-3200,MAT-SPK-3200,SUP-002,assembly,normal,SYNTHETIC_GOERTEK_PRODUCTION,312,304,8,295,304,296,480,469,461,8,1.25,11714.61,8945.3,1567,4046,119054.88,311,315,307,315
2026-07-08,LINE-A02,night,SPK-3200,MAT-SPK-3200,SUP-002,assembly,normal,SYNTHETIC_GOERTEK_PRODUCTION,286,279,7,274,279,274,480,463,441,22,1.25,10769.11,8284.65,1222.08,4798,142472.22,272,271,262,271
2026-07-08,LINE-B01,morning,MIC-1180,MAT-MIC-1180,SUP-003,testing,normal,SYNTHETIC_GOERTEK_PRODUCTION,406,395,11,387,395,395,480,462,428,34,1.05,8700.99,6744.92,950.89,3128,53412.94,383,366,346,366
2026-07-08,LINE-B01,afternoon,MIC-1180,MAT-MIC-1180,SUP-003,testing,normal,SYNTHETIC_GOERTEK_PRODUCTION,391,380,11,372,380,380,480,464,438,26,1.05,8474.99,6479.27,1020.27,4374,74579.81,390,396,381,396
2026-07-08,LINE-B01,night,MIC-1180,MAT-MIC-1180,SUP-003,testing,test,SYNTHETIC_GOERTEK_PRODUCTION,434,423,11,413,423,416,540,515,497,18,1.05,9229.13,7170.01,1015.95,3556,60275.55,403,406,393,406
2026-07-08,LINE-B02,morning,MIC-1180,MAT-MIC-1180,SUP-004,testing,normal,SYNTHETIC_GOERTEK_PRODUCTION,343,334,9,328,334,347,480,468,435,33,1.1,7305.21,5764,699.26,4439,76605.98,320,319,310,319
2026-07-08,LINE-B02,afternoon,MIC-1180,MAT-MIC-1180,SUP-004,testing,normal,SYNTHETIC_GOERTEK_PRODUCTION,346,340,6,331,340,340,480,466,440,26,1.1,7530.8,5949.25,711.54,3668,64181.91,362,337,329,337
2026-07-08,LINE-B02,night,MIC-1180,MAT-MIC-1180,SUP-004,testing,normal,SYNTHETIC_GOERTEK_PRODUCTION,316,307,9,302,307,294,480,451,423,28,1.1,6737.52,5409.03,546.51,2945,51887.93,312,304,296,304
2026-07-08,LINE-C01,morning,TWS-A70,MAT-TWS-A70,SUP-005,packaging,normal,SYNTHETIC_GOERTEK_PRODUCTION,255,247,8,242,247,251,480,473,458,15,1.6,23724.14,17167.78,3893.91,4370,303737.65,232,238,230,238
2026-07-08,LINE-C01,afternoon,TWS-A70,MAT-TWS-A70,SUP-005,packaging,normal,SYNTHETIC_GOERTEK_PRODUCTION,250,242,8,235,242,243,480,462,455,7,1.6,23103.62,16384.09,4055.36,3466,234658.08,236,236,231,236
2026-07-08,LINE-C01,night,TWS-A70,MAT-TWS-A70,SUP-005,packaging,normal,SYNTHETIC_GOERTEK_PRODUCTION,224,218,6,212,218,224,480,461,446,15,1.6,20776.63,14752.67,3479.28,4885,330581.62,204,207,195,207
2026-07-08,LINE-C02,morning,TWS-A70,MAT-TWS-A70,SUP-006,packaging,normal,SYNTHETIC_GOERTEK_PRODUCTION,238,232,6,228,232,233,480,454,427,27,1.55,22438.37,16992.69,2769.91,4284,313778.81,229,220,213,220
2026-07-08,LINE-C02,afternoon,TWS-A70,MAT-TWS-A70,SUP-006,packaging,rework,SYNTHETIC_GOERTEK_PRODUCTION,242,234,8,230,234,226,480,469,444,25,1.55,22608.57,17185.17,2834.01,5044,370435.89,230,241,233,241
2026-07-08,LINE-C02,night,TWS-A70,MAT-TWS-A70,SUP-006,packaging,normal,SYNTHETIC_GOERTEK_PRODUCTION,213,208,5,204,208,212,480,458,445,13,1.55,19775.25,15050.7,2434.83,2884,208683.74,218,208,202,208
2026-07-09,LINE-A01,morning,SPK-3200,MAT-SPK-3200,SUP-001,assembly,normal,SYNTHETIC_GOERTEK_PRODUCTION,328,321,7,312,321,328,480,462,431,31,1.2,12426.92,9213.41,1829.61,4052,116301.36,322,310,299,310
2026-07-09,LINE-A01,afternoon,SPK-3200,MAT-SPK-3200,SUP-001,assembly,normal,SYNTHETIC_GOERTEK_PRODUCTION,341,330,11,319,330,331,480,468,455,13,1.2,12639.89,9390.64,1908.57,3220,91629.88,317,329,322,329
2026-07-09,LINE-A01,night,SPK-3200,MAT-SPK-3200,SUP-001,assembly,normal,SYNTHETIC_GOERTEK_PRODUCTION,308,299,9,292,299,289,480,461,443,18,1.2,11500.61,8432.53,1824.14,3663,103305.54,288,294,288,294
2026-07-09,LINE-A02,morning,SPK-3200,MAT-SPK-3200,SUP-002,assembly,normal,SYNTHETIC_GOERTEK_PRODUCTION,319,308,11,303,308,291,480,459,440,19,1.25,11839.55,8936.7,1467.59,2724,79037.57,330,321,314,321
2026-07-09,LINE-A02,afternoon,SPK-3200,MAT-SPK-3200,SUP-002,assembly,normal,SYNTHETIC_GOERTEK_PRODUCTION,300,294,6,285,294,285,480,467,444,23,1.25,11327.24,8532.98,1383.86,2939,85300.78,267,275,268,275
2026-07-09,LINE-A02,night,SPK-3200,MAT-SPK-3200,SUP-002,assembly,normal,SYNTHETIC_GOERTEK_PRODUCTION,322,313,9,305,313,327,540,522,492,30,1.25,12099.7,9063.23,1656.85,4059,117532.43,301,318,308,318
2026-07-09,LINE-B01,morning,MIC-1180,MAT-MIC-1180,SUP-003,testing,normal,SYNTHETIC_GOERTEK_PRODUCTION,444,434,10,420,434,437,540,523,507,16,1.05,9585.66,7616.67,887.25,3209,56317.73,478,452,429,452
2026-07-09,LINE-B01,afternoon,MIC-1180,MAT-MIC-1180,SUP-003,testing,normal,SYNTHETIC_GOERTEK_PRODUCTION,435,424,11,415,424,412,540,518,492,26,1.05,9324.96,7253.88,1026.39,2414,41299.21,416,410,396,410
2026-07-09,LINE-B01,night,MIC-1180,MAT-MIC-1180,SUP-003,testing,normal,SYNTHETIC_GOERTEK_PRODUCTION,369,360,9,354,360,359,480,453,423,30,1.05,7890.08,6184.37,742.34,4157,71412.29,370,386,370,386
2026-07-09,LINE-B02,morning,MIC-1180,MAT-MIC-1180,SUP-004,testing,normal,SYNTHETIC_GOERTEK_PRODUCTION,338,330,8,322,330,316,480,462,448,14,1.1,7187.25,5648.86,684.82,4718,80761.58,318,321,307,321
2026-07-09,LINE-B02,afternoon,MIC-1180,MAT-MIC-1180,SUP-004,testing,normal,SYNTHETIC_GOERTEK_PRODUCTION,346,337,9,330,337,342,480,471,462,9,1.1,7442.33,5926.58,606.31,4480,78786.58,348,348,339,348
2026-07-09,LINE-B02,night,MIC-1180,MAT-MIC-1180,SUP-004,testing,normal,SYNTHETIC_GOERTEK_PRODUCTION,318,311,7,303,311,313,480,467,443,24,1.1,6892.94,5401.94,668.71,3572,62044.15,309,316,305,316
2026-07-09,LINE-C01,morning,TWS-A70,MAT-TWS-A70,SUP-005,packaging,normal,SYNTHETIC_GOERTEK_PRODUCTION,280,272,8,267,272,279,540,513,507,6,1.6,26409.93,19053.61,4386.06,3611,252950.68,253,270,262,270
2026-07-09,LINE-C01,afternoon,TWS-A70,MAT-TWS-A70,SUP-005,packaging,normal,SYNTHETIC_GOERTEK_PRODUCTION,240,233,7,227,233,238,480,462,454,8,1.6,22324.38,16003.74,3698.71,3064,210452.62,226,221,216,221
2026-07-09,LINE-C01,night,TWS-A70,MAT-TWS-A70,SUP-005,packaging,normal,SYNTHETIC_GOERTEK_PRODUCTION,230,224,6,219,224,220,480,459,448,11,1.6,21658.08,15542.15,3746.17,3348,232299.63,223,226,220,226
2026-07-09,LINE-C02,morning,TWS-A70,MAT-TWS-A70,SUP-006,packaging,normal,SYNTHETIC_GOERTEK_PRODUCTION,246,239,7,232,239,234,480,469,441,28,1.55,23135.17,17529.87,3108.25,4231,310330.04,243,243,234,243
2026-07-09,LINE-C02,afternoon,TWS-A70,MAT-TWS-A70,SUP-006,packaging,normal,SYNTHETIC_GOERTEK_PRODUCTION,268,260,8,255,260,277,540,518,487,31,1.55,24941.97,19104.52,3044.08,2866,210590.59,255,252,246,252
2026-07-09,LINE-C02,night,TWS-A70,MAT-TWS-A70,SUP-006,packaging,normal,SYNTHETIC_GOERTEK_PRODUCTION,230,223,7,217,223,220,480,470,449,21,1.55,21359.03,16057.12,2959.21,3169,228183.92,216,218,213,218
2026-07-10,LINE-A01,morning,SPK-3200,MAT-SPK-3200,SUP-001,assembly,normal,SYNTHETIC_GOERTEK_PRODUCTION,339,330,9,323,330,340,480,458,427,31,1.2,12592.93,9310.02,1780.99,3067,86526.76,332,325,315,325
2026-07-10,LINE-A01,afternoon,SPK-3200,MAT-SPK-3200,SUP-001,assembly,normal,SYNTHETIC_GOERTEK_PRODUCTION,321,312,9,307,312,328,480,456,438,18,1.2,12142.02,9017.33,1750.13,4962,143410.23,334,330,316,330
2026-07-10,LINE-A01,night,SPK-3200,MAT-SPK-3200,SUP-001,assembly,normal,SYNTHETIC_GOERTEK_PRODUCTION,315,305,10,298,305,310,480,464,441,23,1.2,11838.79,8694.3,1845.61,3080,87798.18,305,309,294,309
2026-07-10,LINE-A02,morning,SPK-3200,MAT-SPK-3200,SUP-002,assembly,normal,SYNTHETIC_GOERTEK_PRODUCTION,316,306,10,299,306,298,480,461,437,24,1.25,11671.24,8727.58,1515.73,5616,160176.76,301,310,297,310
2026-07-10,LINE-A02,afternoon,SPK-3200,MAT-SPK-3200,SUP-002,assembly,rework,SYNTHETIC_GOERTEK_PRODUCTION,309,303,6,298,303,309,480,468,444,24,1.25,11740.89,8794.9,1603.83,3476,100894.63,314,298,281,298
2026-07-10,LINE-A02,night,SPK-3200,MAT-SPK-3200,SUP-002,assembly,normal,SYNTHETIC_GOERTEK_PRODUCTION,322,314,8,308,314,314,540,525,500,25,1.25,12191.96,9298.08,1544.79,3614,107016.76,299,301,292,301
2026-07-10,LINE-B01,morning,MIC-1180,MAT-MIC-1180,SUP-003,testing,normal,SYNTHETIC_GOERTEK_PRODUCTION,401,390,11,382,390,383,480,465,455,10,1.05,8560.3,6717.76,911.01,3887,66953.67,373,372,359,372
2026-07-10,LINE-B01,afternoon,MIC-1180,MAT-MIC-1180,SUP-003,testing,normal,SYNTHETIC_GOERTEK_PRODUCTION,398,389,9,383,389,405,480,469,453,16,1.05,8629.43,6729.55,926.37,3148,54459.19,417,389,368,389
2026-07-10,LINE-B01,night,MIC-1180,MAT-MIC-1180,SUP-003,testing,normal,SYNTHETIC_GOERTEK_PRODUCTION,421,410,11,399,410,404,540,519,487,32,1.05,9069.95,7213.22,766.24,4356,76636.06,403,411,395,411
2026-07-10,LINE-B02,morning,MIC-1180,MAT-MIC-1180,SUP-004,testing,normal,SYNTHETIC_GOERTEK_PRODUCTION,341,332,9,327,332,324,480,463,443,20,1.1,7408.58,5891.25,604.85,4201,74545.61,333,330,326,330
2026-07-10,LINE-B02,afternoon,MIC-1180,MAT-MIC-1180,SUP-004,testing,normal,SYNTHETIC_GOERTEK_PRODUCTION,333,325,8,316,325,322,480,452,422,30,1.1,7119.51,5647.96,697.97,3352,58252.19,317,320,302,320
2026-07-10,LINE-B02,night,MIC-1180,MAT-MIC-1180,SUP-004,testing,normal,SYNTHETIC_GOERTEK_PRODUCTION,361,351,10,343,351,360,540,525,521,4,1.1,7719.9,6073.75,839,4838,83717.39,368,357,352,357
2026-07-10,LINE-C01,morning,TWS-A70,MAT-TWS-A70,SUP-005,packaging,normal,SYNTHETIC_GOERTEK_PRODUCTION,242,236,6,232,236,245,480,463,441,22,1.6,22710.85,16289.22,3862.8,3726,257176.41,223,218,209,218
2026-07-10,LINE-C01,afternoon,TWS-A70,MAT-TWS-A70,SUP-005,packaging,normal,SYNTHETIC_GOERTEK_PRODUCTION,244,236,8,230,236,238,480,462,444,18,1.6,22680.12,16556.05,3609.5,0,0,240,241,232,241
2026-07-10,LINE-C01,night,TWS-A70,MAT-TWS-A70,SUP-005,packaging,normal,SYNTHETIC_GOERTEK_PRODUCTION,237,231,6,224,231,229,480,467,454,13,1.6,22088.73,15737.02,3905.86,4942,336676.85,227,234,227,234
2026-07-10,LINE-C02,morning,TWS-A70,MAT-TWS-A70,SUP-006,packaging,normal,SYNTHETIC_GOERTEK_PRODUCTION,241,235,6,231,235,228,480,458,446,12,1.55,22365.45,16577.88,3395.77,4052,285844.98,239,232,227,232
2026-07-10,LINE-C02,afternoon,TWS-A70,MAT-TWS-A70,SUP-006,packaging,normal,SYNTHETIC_GOERTEK_PRODUCTION,235,228,7,223,228,226,480,459,433,26,1.55,21933.17,16558.31,2780.98,3648,264932.96,222,224,213,224
2026-07-10,LINE-C02,night,TWS-A70,MAT-TWS-A70,SUP-006,packaging,normal,SYNTHETIC_GOERTEK_PRODUCTION,232,227,5,222,227,226,480,465,445,20,1.55,21581.23,16243.34,2928.14,3304,236422.89,211,218,205,218
2026-07-11,LINE-A01,morning,SPK-3200,MAT-SPK-3200,SUP-001,assembly,normal,SYNTHETIC_GOERTEK_PRODUCTION,327,316,11,309,316,311,480,461,432,29,1.2,12108.77,8874.69,1721.67,4155,116690.94,323,319,306,319
2026-07-11,LINE-A01,afternoon,SPK-3200,MAT-SPK-3200,SUP-001,assembly,normal,SYNTHETIC_GOERTEK_PRODUCTION,326,317,9,310,317,327,480,467,454,13,1.2,12222.52,8792.78,2093.99,5145,142709.32,309,307,299,307
2026-07-11,LINE-A01,night,SPK-3200,MAT-SPK-3200,SUP-001,assembly,normal,SYNTHETIC_GOERTEK_PRODUCTION,307,299,8,290,299,302,480,462,427,35,1.2,11428.6,8549.42,1562.58,3312,94701.27,284,278,268,278
2026-07-11,LINE-A02,morning,SPK-3200,MAT-SPK-3200,SUP-002,assembly,normal,SYNTHETIC_GOERTEK_PRODUCTION,349,340,9,332,340,337,540,526,498,28,1.25,13232.74,9870.51,2035.29,3852,111827.07,349,351,345,351
2026-07-11,LINE-A02,afternoon,SPK-3200,MAT-SPK-3200,SUP-002,assembly,normal,SYNTHETIC_GOERTEK_PRODUCTION,288,279,9,274,279,291,480,469,434,35,1.25,10731.61,8240.76,1332.69,3026,89378.28,271,281,275,281
2026-07-11,LINE-A02,night,SPK-3200,MAT-SPK-3200,SUP-002,assembly,normal,SYNTHETIC_GOERTEK_PRODUCTION,283,276,7,268,276,275,480,466,439,27,1.25,10555.28,8016.19,1300.06,4232,122914.91,276,280,270,280
2026-07-11,LINE-B01,morning,MIC-1180,MAT-MIC-1180,SUP-003,testing,normal,SYNTHETIC_GOERTEK_PRODUCTION,374,363,11,360,363,369,480,445,420,25,1.05,7973.81,6180.56,843.45,0,0,346,374,363,374
2026-07-11,LINE-B01,afternoon,MIC-1180,MAT-MIC-1180,SUP-003,testing,normal,SYNTHETIC_GOERTEK_PRODUCTION,379,368,11,361,368,370,480,461,437,24,1.05,8051.33,6342.79,777.28,3427,59067.23,376,374,365,374
2026-07-11,LINE-B01,night,MIC-1180,MAT-MIC-1180,SUP-003,testing,normal,SYNTHETIC_GOERTEK_PRODUCTION,359,349,10,344,349,352,480,454,446,8,1.05,7686.69,6031.86,702.69,4309,74473.6,373,373,359,373
2026-07-11,LINE-B02,morning,MIC-1180,MAT-MIC-1180,SUP-004,testing,normal,SYNTHETIC_GOERTEK_PRODUCTION,386,377,9,368,377,388,540,533,506,27,1.1,8368.98,6727.87,672.31,4287,76504.98,407,383,367,383
2026-07-11,LINE-B02,afternoon,MIC-1180,MAT-MIC-1180,SUP-004,testing,test,SYNTHETIC_GOERTEK_PRODUCTION,314,304,10,297,304,311,480,467,453,14,1.1,6749.74,5339.25,697.4,3957,69498.07,287,300,292,300
2026-07-11,LINE-B02,night,MIC-1180,MAT-MIC-1180,SUP-004,testing,normal,SYNTHETIC_GOERTEK_PRODUCTION,305,295,10,288,295,303,480,459,429,30,1.1,6515.4,5159.85,635.15,4215,73724.64,305,299,293,299
2026-07-11,LINE-C01,morning,TWS-A70,MAT-TWS-A70,SUP-005,packaging,normal,SYNTHETIC_GOERTEK_PRODUCTION,241,235,6,228,235,232,480,465,362,103,1.6,22454.18,16219.04,3546.71,4690,323690.63,237,250,237,250
2026-07-11,LINE-C01,afternoon,TWS-A70,MAT-TWS-A70,SUP-005,packaging,normal,SYNTHETIC_GOERTEK_PRODUCTION,239,234,5,227,234,234,480,465,433,32,1.6,22625.84,16251.16,3983.2,2832,196680.71,235,234,227,234
2026-07-11,LINE-C01,night,TWS-A70,MAT-TWS-A70,SUP-005,packaging,normal,SYNTHETIC_GOERTEK_PRODUCTION,220,214,6,210,214,207,480,464,439,25,1.6,20323.23,15003.36,2956.78,3230,226452.58,218,217,208,217
2026-07-11,LINE-C02,morning,TWS-A70,MAT-TWS-A70,SUP-006,packaging,normal,SYNTHETIC_GOERTEK_PRODUCTION,224,219,5,214,219,217,480,453,441,12,1.55,21192.51,15627.13,3126.43,3507,250248.15,207,225,214,225
2026-07-11,LINE-C02,afternoon,TWS-A70,MAT-TWS-A70,SUP-006,packaging,normal,SYNTHETIC_GOERTEK_PRODUCTION,226,220,6,214,220,218,480,470,461,9,1.55,21071.46,15771.51,2916.98,3727,267183.72,226,226,216,226
2026-07-11,LINE-C02,night,TWS-A70,MAT-TWS-A70,SUP-006,packaging,normal,SYNTHETIC_GOERTEK_PRODUCTION,208,203,5,198,203,198,480,460,430,30,1.55,19332.29,14315.47,2734.95,4162,293502.39,188,199,195,199
2026-07-12,LINE-A01,morning,SPK-3200,MAT-SPK-3200,SUP-001,assembly,normal,SYNTHETIC_GOERTEK_PRODUCTION,320,311,9,304,311,316,480,464,443,21,1.2,11975.49,8858.73,1748.17,2682,76395.86,322,310,296,310
2026-07-12,LINE-A01,afternoon,SPK-3200,MAT-SPK-3200,SUP-001,assembly,normal,SYNTHETIC_GOERTEK_PRODUCTION,322,314,8,306,314,322,480,463,448,15,1.2,12087.06,8998.87,1855.38,4788,137218.44,319,310,304,310
2026-07-12,LINE-A01,night,SPK-3200,MAT-SPK-3200,SUP-001,assembly,normal,SYNTHETIC_GOERTEK_PRODUCTION,297,289,8,282,289,293,480,465,450,15,1.2,11176.12,8350.02,1663.57,4686,135391.67,314,303,294,303
2026-07-12,LINE-A02,morning,SPK-3200,MAT-SPK-3200,SUP-002,assembly,normal,SYNTHETIC_GOERTEK_PRODUCTION,307,300,7,291,300,302,480,460,439,21,1.25,11546.29,8625.44,1612.52,3306,95052.35,316,303,291,303
2026-07-12,LINE-A02,afternoon,SPK-3200,MAT-SPK-3200,SUP-002,assembly,normal,SYNTHETIC_GOERTEK_PRODUCTION,284,279,5,273,279,269,480,461,433,28,1.25,10786.79,8334.69,1204.48,4890,146081.13,287,287,272,287
2026-07-12,LINE-A02,night,SPK-3200,MAT-SPK-3200,SUP-002,assembly,normal,SYNTHETIC_GOERTEK_PRODUCTION,281,273,8,267,273,267,480,464,425,39,1.25,10546.04,7915.88,1333.38,4696,136164.73,270,269,257,269
2026-07-12,LINE-B01,morning,MIC-1180,MAT-MIC-1180,SUP-003,testing,normal,SYNTHETIC_GOERTEK_PRODUCTION,391,379,12,372,379,394,480,457,426,31,1.05,8337.9,6528.36,821.38,3020,52020.18,343,362,347,362
2026-07-12,LINE-B01,afternoon,MIC-1180,MAT-MIC-1180,SUP-003,testing,normal,SYNTHETIC_GOERTEK_PRODUCTION,362,353,9,347,353,348,480,456,440,16,1.05,7792.06,6072.28,841.9,3835,65969.39,371,354,331,354
2026-07-12,LINE-B01,night,MIC-1180,MAT-MIC-1180,SUP-003,testing,normal,SYNTHETIC_GOERTEK_PRODUCTION,398,387,11,380,387,374,540,525,491,34,1.05,8494.64,6540.78,988.76,4237,71610.56,409,392,386,392
2026-07-12,LINE-B02,morning,MIC-1180,MAT-MIC-1180,SUP-004,testing,normal,SYNTHETIC_GOERTEK_PRODUCTION,323,313,10,304,313,328,480,458,423,35,1.1,6942.8,5549.61,557.86,4155,73669.74,325,309,299,309
2026-07-12,LINE-B02,afternoon,MIC-1180,MAT-MIC-1180,SUP-004,testing,normal,SYNTHETIC_GOERTEK_PRODUCTION,322,311,11,303,311,308,480,468,446,22,1.1,6818.64,5415.05,619.57,4551,79240.81,316,328,316,328
2026-07-12,LINE-B02,night,MIC-1180,MAT-MIC-1180,SUP-004,testing,normal,SYNTHETIC_GOERTEK_PRODUCTION,357,350,7,345,350,356,540,522,494,28,1.1,7695.57,6097.17,642.16,2472,43063.44,336,344,338,344
2026-07-12,LINE-C01,morning,TWS-A70,MAT-TWS-A70,SUP-005,packaging,normal,SYNTHETIC_GOERTEK_PRODUCTION,234,227,7,220,227,226,480,460,430,30,1.6,21674.38,15768.38,3591.06,3214,223258.03,217,216,206,216
2026-07-12,LINE-C01,afternoon,TWS-A70,MAT-TWS-A70,SUP-005,packaging,normal,SYNTHETIC_GOERTEK_PRODUCTION,261,254,7,248,254,258,540,519,491,28,1.6,24252.54,17167.33,4264.77,0,0,261,260,249,260
2026-07-12,LINE-C01,night,TWS-A70,MAT-TWS-A70,SUP-005,packaging,normal,SYNTHETIC_GOERTEK_PRODUCTION,246,239,7,233,239,244,540,511,491,20,1.6,22932.97,16422.94,3775.61,3033,208413.29,220,227,214,227
2026-07-12,LINE-C02,morning,TWS-A70,MAT-TWS-A70,SUP-006,packaging,normal,SYNTHETIC_GOERTEK_PRODUCTION,235,228,7,224,228,225,480,457,448,9,1.55,21617.5,16334.93,2646.16,3788,271389.1,233,226,217,226
2026-07-12,LINE-C02,afternoon,TWS-A70,MAT-TWS-A70,SUP-006,packaging,normal,SYNTHETIC_GOERTEK_PRODUCTION,221,215,6,212,215,216,480,462,435,27,1.55,20944.64,15661.43,2845.2,3823,278482.08,220,216,210,216
2026-07-12,LINE-C02,night,TWS-A70,MAT-TWS-A70,SUP-006,packaging,normal,SYNTHETIC_GOERTEK_PRODUCTION,199,193,6,189,193,191,480,457,448,9,1.55,18580.49,13895.15,2605.92,4262,306845.23,200,194,189,194
2026-07-13,LINE-A01,morning,SPK-3200,MAT-SPK-3200,SUP-001,assembly,rework,SYNTHETIC_GOERTEK_PRODUCTION,346,336,10,330,336,345,480,462,450,12,1.2,12822.6,9379.2,1951.7,4355,121566.71,333,338,324,338
2026-07-13,LINE-A01,afternoon,SPK-3200,MAT-SPK-3200,SUP-001,assembly,normal,SYNTHETIC_GOERTEK_PRODUCTION,326,319,7,312,319,315,480,466,446,20,1.2,12258.6,8853.56,1985.4,3571,99109.91,304,311,303,311
2026-07-13,LINE-A01,night,SPK-3200,MAT-SPK-3200,SUP-001,assembly,normal,SYNTHETIC_GOERTEK_PRODUCTION,319,309,10,300,309,310,480,467,464,3,1.2,11811.59,8703.13,1671.3,3100,87312.95,296,307,301,307
2026-07-13,LINE-A02,morning,SPK-3200,MAT-SPK-3200,SUP-002,assembly,normal,SYNTHETIC_GOERTEK_PRODUCTION,303,294,9,286,294,296,480,473,451,22,1.25,11173.91,8509.23,1376.85,4467,129288.2,296,282,277,282
2026-07-13,LINE-A02,afternoon,SPK-3200,MAT-SPK-3200,SUP-002,assembly,normal,SYNTHETIC_GOERTEK_PRODUCTION,299,289,10,280,289,309,480,460,440,20,1.25,11025.65,8399.45,1320.76,3200,93004.29,282,286,279,286
2026-07-13,LINE-A02,night,SPK-3200,MAT-SPK-3200,SUP-002,assembly,normal,SYNTHETIC_GOERTEK_PRODUCTION,324,315,9,307,315,324,540,510,486,24,1.25,12090.03,9178.6,1611.73,4092,119234.38,295,304,288,304
2026-07-13,LINE-B01,morning,MIC-1180,MAT-MIC-1180,SUP-003,testing,normal,SYNTHETIC_GOERTEK_PRODUCTION,382,374,8,364,374,381,480,454,420,34,1.05,8186.68,6400.5,800.7,4208,72014.18,367,364,353,364
2026-07-13,LINE-B01,afternoon,MIC-1180,MAT-MIC-1180,SUP-003,testing,normal,SYNTHETIC_GOERTEK_PRODUCTION,449,434,15,428,434,447,540,522,502,20,1.05,9563.76,7427.64,941.81,4455,76244.55,443,422,413,422
2026-07-13,LINE-B01,night,MIC-1180,MAT-MIC-1180,SUP-003,testing,normal,SYNTHETIC_GOERTEK_PRODUCTION,375,364,11,355,364,372,480,460,431,29,1.05,8019.58,6324.56,724.31,3085,53602.38,354,354,339,354
2026-07-13,LINE-B02,morning,MIC-1180,MAT-MIC-1180,SUP-004,testing,normal,SYNTHETIC_GOERTEK_PRODUCTION,331,323,8,316,323,344,480,456,425,31,1.1,7140.43,5683.81,553.6,3548,62433.93,313,310,305,310
2026-07-13,LINE-B02,afternoon,MIC-1180,MAT-MIC-1180,SUP-004,testing,normal,SYNTHETIC_GOERTEK_PRODUCTION,329,318,11,311,318,325,480,457,426,31,1.1,6961.26,5516.12,688.84,3208,55646.9,295,294,278,294
2026-07-13,LINE-B02,night,MIC-1180,MAT-MIC-1180,SUP-004,testing,normal,SYNTHETIC_GOERTEK_PRODUCTION,300,294,6,288,294,301,480,451,434,17,1.1,6440.49,5004.47,743.32,2983,50776.65,311,286,278,286
2026-07-13,LINE-C01,morning,TWS-A70,MAT-TWS-A70,SUP-005,packaging,normal,SYNTHETIC_GOERTEK_PRODUCTION,252,245,7,241,245,241,480,466,445,21,1.6,23521.71,16956.25,3957.32,2985,206589.41,251,249,240,249
2026-07-13,LINE-C01,afternoon,TWS-A70,MAT-TWS-A70,SUP-005,packaging,normal,SYNTHETIC_GOERTEK_PRODUCTION,239,233,6,226,233,228,480,454,437,17,1.6,22254.66,15686.05,3971.09,2945,198263.59,238,230,219,230
2026-07-13,LINE-C01,night,TWS-A70,MAT-TWS-A70,SUP-005,packaging,normal,SYNTHETIC_GOERTEK_PRODUCTION,231,225,6,221,225,229,480,465,429,36,1.6,21767.67,15716.77,3631.81,3037,212141.47,237,234,228,234
2026-07-13,LINE-C02,morning,TWS-A70,MAT-TWS-A70,SUP-006,packaging,normal,SYNTHETIC_GOERTEK_PRODUCTION,230,226,4,222,226,218,480,465,441,24,1.55,21743.3,16449.62,2742.11,2888,210205.76,225,222,215,222
2026-07-13,LINE-C02,afternoon,TWS-A70,MAT-TWS-A70,SUP-006,packaging,normal,SYNTHETIC_GOERTEK_PRODUCTION,234,228,6,223,228,225,480,465,447,18,1.55,21971.63,16694.11,2386.19,3162,231520.95,245,235,226,235
2026-07-13,LINE-C02,night,TWS-A70,MAT-TWS-A70,SUP-006,packaging,normal,SYNTHETIC_GOERTEK_PRODUCTION,226,218,8,214,218,219,480,454,433,21,1.55,20977.39,15993.53,2696.15,4027,295440.12,213,224,215,224
2026-07-14,LINE-A01,morning,SPK-3200,MAT-SPK-3200,SUP-001,assembly,normal,SYNTHETIC_GOERTEK_PRODUCTION,350,338,12,333,338,344,480,464,453,11,1.2,12964.84,9661.92,1812.55,4276,122231.86,358,338,323,338
2026-07-14,LINE-A01,afternoon,SPK-3200,MAT-SPK-3200,SUP-001,assembly,normal,SYNTHETIC_GOERTEK_PRODUCTION,334,325,9,319,325,323,480,461,429,32,1.2,12689.77,9466.75,1789.51,3610,105153.75,334,329,323,329
2026-07-14,LINE-A01,night,SPK-3200,MAT-SPK-3200,SUP-001,assembly,rework,SYNTHETIC_GOERTEK_PRODUCTION,358,350,8,342,350,338,540,519,502,17,1.2,13527.65,10126.98,1811.57,3778,109313.52,344,333,328,333
2026-07-14,LINE-A02,morning,SPK-3200,MAT-SPK-3200,SUP-002,assembly,test,SYNTHETIC_GOERTEK_PRODUCTION,305,300,5,294,300,308,480,465,445,20,1.25,11637.31,8760.66,1548.29,4078,119086.57,312,306,297,306
2026-07-14,LINE-A02,afternoon,SPK-3200,MAT-SPK-3200,SUP-002,assembly,normal,SYNTHETIC_GOERTEK_PRODUCTION,345,337,8,327,337,340,540,520,508,12,1.25,13165.66,9946.47,1650.62,2946,86950.45,333,332,315,332
2026-07-14,LINE-A02,night,SPK-3200,MAT-SPK-3200,SUP-002,assembly,normal,SYNTHETIC_GOERTEK_PRODUCTION,290,282,8,277,282,279,480,457,448,9,1.25,10848.86,8288.86,1284.31,3921,115250.43,276,282,271,282
2026-07-14,LINE-B01,morning,MIC-1180,MAT-MIC-1180,SUP-003,testing,normal,SYNTHETIC_GOERTEK_PRODUCTION,393,383,10,377,383,383,480,460,450,10,1.05,8385.17,6501.02,903.5,3460,58729.84,398,387,378,387
2026-07-14,LINE-B01,afternoon,MIC-1180,MAT-MIC-1180,SUP-003,testing,normal,SYNTHETIC_GOERTEK_PRODUCTION,396,384,12,376,384,388,480,457,374,83,1.05,8391.28,6489.2,961.74,1795,30333.63,365,384,373,384
2026-07-14,LINE-B01,night,MIC-1180,MAT-MIC-1180,SUP-003,testing,normal,SYNTHETIC_GOERTEK_PRODUCTION,357,347,10,342,347,341,480,459,431,28,1.05,7552.72,5915.13,780.32,4215,71850.93,361,355,336,355
2026-07-14,LINE-B02,morning,MIC-1180,MAT-MIC-1180,SUP-004,testing,normal,SYNTHETIC_GOERTEK_PRODUCTION,349,341,8,335,341,344,480,461,426,35,1.1,7584.1,5989.44,750.68,3132,55011.51,347,348,336,348
2026-07-14,LINE-B02,afternoon,MIC-1180,MAT-MIC-1180,SUP-004,testing,normal,SYNTHETIC_GOERTEK_PRODUCTION,342,332,10,322,332,332,480,454,435,19,1.1,7317.62,5679.14,777.75,3878,66336.46,311,318,308,318
2026-07-14,LINE-B02,night,MIC-1180,MAT-MIC-1180,SUP-004,testing,normal,SYNTHETIC_GOERTEK_PRODUCTION,353,344,9,338,344,338,540,512,482,30,1.1,7578.2,5996.52,665.91,2625,45758.33,314,335,323,335
2026-07-14,LINE-C01,morning,TWS-A70,MAT-TWS-A70,SUP-005,packaging,normal,SYNTHETIC_GOERTEK_PRODUCTION,251,244,7,238,244,250,480,470,403,67,1.6,23356.94,16765.47,3876.84,0,0,239,241,234,241
2026-07-14,LINE-C01,afternoon,TWS-A70,MAT-TWS-A70,SUP-005,packaging,normal,SYNTHETIC_GOERTEK_PRODUCTION,239,234,5,227,234,238,480,457,436,21,1.6,22761.21,16456.5,3503.99,4734,332927.65,226,231,224,231
2026-07-14,LINE-C01,night,TWS-A70,MAT-TWS-A70,SUP-005,packaging,normal,SYNTHETIC_GOERTEK_PRODUCTION,234,226,8,222,226,232,480,457,376,81,1.6,21611.16,15496.21,3599.33,3938,270018.03,220,224,215,224
2026-07-14,LINE-C02,morning,TWS-A70,MAT-TWS-A70,SUP-006,packaging,normal,SYNTHETIC_GOERTEK_PRODUCTION,243,238,5,234,238,240,480,476,447,29,1.55,22893.85,17185.59,2898.64,3603,260166.73,236,238,228,238
2026-07-14,LINE-C02,afternoon,TWS-A70,MAT-TWS-A70,SUP-006,packaging,test,SYNTHETIC_GOERTEK_PRODUCTION,257,250,7,244,250,247,540,519,500,19,1.55,23948.39,18081.03,2947.8,4469,323216.49,246,248,240,248
2026-07-14,LINE-C02,night,TWS-A70,MAT-TWS-A70,SUP-006,packaging,rework,SYNTHETIC_GOERTEK_PRODUCTION,216,209,7,204,209,204,480,463,440,23,1.55,20108.41,15069.09,2689.19,2268,163524.86,212,215,207,215
2026-07-15,LINE-A01,morning,SPK-3200,MAT-SPK-3200,SUP-001,assembly,rework,SYNTHETIC_GOERTEK_PRODUCTION,338,329,9,324,329,333,480,453,442,11,1.2,12722.74,9480.88,1771.34,4152,119649.28,320,323,314,323
2026-07-15,LINE-A01,afternoon,SPK-3200,MAT-SPK-3200,SUP-001,assembly,normal,SYNTHETIC_GOERTEK_PRODUCTION,334,325,9,317,325,334,480,471,446,25,1.2,12612.02,9181.23,1925.8,4373,123536.98,306,321,312,321
2026-07-15,LINE-A01,night,SPK-3200,MAT-SPK-3200,SUP-001,assembly,normal,SYNTHETIC_GOERTEK_PRODUCTION,313,305,8,297,305,304,480,458,448,10,1.2,11806.46,8492.97,1892.41,3114,86711.83,319,321,309,321
2026-07-15,LINE-A02,morning,SPK-3200,MAT-SPK-3200,SUP-002,assembly,normal,SYNTHETIC_GOERTEK_PRODUCTION,313,304,9,296,304,301,480,466,443,23,1.25,11594.73,8829.76,1324.59,4136,120131.21,309,301,296,301
2026-07-15,LINE-A02,afternoon,SPK-3200,MAT-SPK-3200,SUP-002,assembly,normal,SYNTHETIC_GOERTEK_PRODUCTION,309,300,9,295,300,288,480,474,444,30,1.25,11557.2,8785.28,1496.44,4318,126449.46,313,307,294,307
2026-07-15,LINE-A02,night,SPK-3200,MAT-SPK-3200,SUP-002,assembly,normal,SYNTHETIC_GOERTEK_PRODUCTION,327,316,11,309,316,330,540,522,501,21,1.25,12296.33,9395.6,1446.05,3923,116642.21,312,307,295,307
2026-07-15,LINE-B01,morning,MIC-1180,MAT-MIC-1180,SUP-003,testing,normal,SYNTHETIC_GOERTEK_PRODUCTION,402,391,11,379,391,405,480,462,430,32,1.05,8655.68,6727.87,1024.39,4369,75176.63,392,399,385,399
2026-07-15,LINE-B01,afternoon,MIC-1180,MAT-MIC-1180,SUP-003,testing,normal,SYNTHETIC_GOERTEK_PRODUCTION,397,387,10,376,387,409,480,457,435,22,1.05,8549.4,6667.87,972.08,4078,70262.46,368,390,390,390
2026-07-15,LINE-B01,night,MIC-1180,MAT-MIC-1180,SUP-003,testing,normal,SYNTHETIC_GOERTEK_PRODUCTION,373,363,10,356,363,362,480,462,445,17,1.05,7952.86,6349.9,738.29,3336,58356.11,360,355,345,355
2026-07-15,LINE-B02,morning,MIC-1180,MAT-MIC-1180,SUP-004,testing,normal,SYNTHETIC_GOERTEK_PRODUCTION,363,352,11,342,352,351,480,475,453,22,1.1,7822.34,6163.74,789.9,5617,98357.18,366,354,334,354
2026-07-15,LINE-B02,afternoon,MIC-1180,MAT-MIC-1180,SUP-004,testing,normal,SYNTHETIC_GOERTEK_PRODUCTION,342,334,8,325,334,340,480,469,457,12,1.1,7414.39,5837.7,729.13,3777,66014.95,325,330,319,330
2026-07-15,LINE-B02,night,MIC-1180,MAT-MIC-1180,SUP-004,testing,normal,SYNTHETIC_GOERTEK_PRODUCTION,323,314,9,307,314,318,480,470,449,21,1.1,6898.64,5471.1,597.24,4785,83373.29,297,306,296,306
2026-07-15,LINE-C01,morning,TWS-A70,MAT-TWS-A70,SUP-005,packaging,normal,SYNTHETIC_GOERTEK_PRODUCTION,257,249,8,243,249,249,480,470,442,28,1.6,23965.34,17532.05,3596.47,4391,309169.6,247,241,233,241
2026-07-15,LINE-C01,afternoon,TWS-A70,MAT-TWS-A70,SUP-005,packaging,normal,SYNTHETIC_GOERTEK_PRODUCTION,242,237,5,233,237,246,480,466,444,22,1.6,22992.04,16459.85,4102.45,4257,295652.24,237,237,229,237
2026-07-15,LINE-C01,night,TWS-A70,MAT-TWS-A70,SUP-005,packaging,normal,SYNTHETIC_GOERTEK_PRODUCTION,234,228,6,223,228,234,480,466,378,88,1.6,22143.1,15917.22,3814.9,5065,353599.65,212,220,212,220
2026-07-15,LINE-C02,morning,TWS-A70,MAT-TWS-A70,SUP-006,packaging,normal,SYNTHETIC_GOERTEK_PRODUCTION,239,234,5,229,234,234,480,469,450,19,1.55,22555.88,16576.41,3234.72,3908,276840.21,236,236,229,236
2026-07-15,LINE-C02,afternoon,TWS-A70,MAT-TWS-A70,SUP-006,packaging,normal,SYNTHETIC_GOERTEK_PRODUCTION,240,233,7,228,233,235,480,466,446,20,1.55,22395.71,17022.88,2782.86,2827,206539.41,232,224,220,224
2026-07-15,LINE-C02,night,TWS-A70,MAT-TWS-A70,SUP-006,packaging,normal,SYNTHETIC_GOERTEK_PRODUCTION,261,253,8,247,253,258,540,534,510,24,1.55,24212.84,18034.26,3540.57,2274,162094.5,260,262,256,262
2026-07-16,LINE-A01,morning,SPK-3200,MAT-SPK-3200,SUP-001,assembly,normal,SYNTHETIC_GOERTEK_PRODUCTION,386,374,12,366,374,374,540,516,496,20,1.2,14567.78,10839.22,1992.61,3270,94770.72,386,389,370,389
2026-07-16,LINE-A01,afternoon,SPK-3200,MAT-SPK-3200,SUP-001,assembly,normal,SYNTHETIC_GOERTEK_PRODUCTION,336,325,11,317,325,332,480,462,432,30,1.2,12451.52,9308.69,1615.59,3660,104830.17,329,313,301,313
2026-07-16,LINE-A01,night,SPK-3200,MAT-SPK-3200,SUP-001,assembly,normal,SYNTHETIC_GOERTEK_PRODUCTION,311,301,10,293,301,300,480,456,439,17,1.2,11427.49,8380.42,1588.08,4857,135228.24,321,306,294,306
2026-07-16,LINE-A02,morning,SPK-3200,MAT-SPK-3200,SUP-002,assembly,normal,SYNTHETIC_GOERTEK_PRODUCTION,309,302,7,296,302,308,480,460,434,26,1.25,11585.32,8823.74,1332.99,4529,132326.88,323,310,304,310
2026-07-16,LINE-A02,afternoon,SPK-3200,MAT-SPK-3200,SUP-002,assembly,normal,SYNTHETIC_GOERTEK_PRODUCTION,302,295,7,286,295,297,480,460,439,21,1.25,11356.41,8607.38,1390.06,0,0,302,302,292,302
2026-07-16,LINE-A02,night,SPK-3200,MAT-SPK-3200,SUP-002,assembly,normal,SYNTHETIC_GOERTEK_PRODUCTION,284,278,6,271,278,285,480,464,439,25,1.25,10792.7,8180.13,1300.5,3889,114433.55,269,267,256,267
2026-07-16,LINE-B01,morning,MIC-1180,MAT-MIC-1180,SUP-003,testing,normal,SYNTHETIC_GOERTEK_PRODUCTION,396,384,12,373,384,400,480,453,431,22,1.05,8381.45,6612.77,828.72,3797,65387.21,374,368,359,368
2026-07-16,LINE-B01,afternoon,MIC-1180,MAT-MIC-1180,SUP-003,testing,normal,SYNTHETIC_GOERTEK_PRODUCTION,433,424,9,416,424,407,540,523,479,44,1.05,9260.71,7099.99,1240.51,3707,62074.68,383,401,382,401
2026-07-16,LINE-B01,night,MIC-1180,MAT-MIC-1180,SUP-003,testing,normal,SYNTHETIC_GOERTEK_PRODUCTION,358,349,9,339,349,352,480,458,437,21,1.05,7626.35,5902.67,893.91,4776,80776.94,348,351,335,351
2026-07-16,LINE-B02,morning,MIC-1180,MAT-MIC-1180,SUP-004,testing,normal,SYNTHETIC_GOERTEK_PRODUCTION,376,365,11,359,365,360,540,524,503,21,1.1,8159.88,6466.43,721.66,3727,66028.45,338,356,345,356
2026-07-16,LINE-B02,afternoon,MIC-1180,MAT-MIC-1180,SUP-004,testing,normal,SYNTHETIC_GOERTEK_PRODUCTION,345,336,9,329,336,340,480,466,444,22,1.1,7330.5,5818.55,682.59,3947,68350.65,316,331,316,331
2026-07-16,LINE-B02,night,MIC-1180,MAT-MIC-1180,SUP-004,testing,normal,SYNTHETIC_GOERTEK_PRODUCTION,321,314,7,309,314,309,480,473,457,16,1.1,6858.36,5411.67,653.65,2761,47584.78,315,317,303,317
2026-07-16,LINE-C01,morning,TWS-A70,MAT-TWS-A70,SUP-005,packaging,normal,SYNTHETIC_GOERTEK_PRODUCTION,252,246,6,240,246,234,480,460,438,22,1.6,23474.04,16479.09,4315.2,2523,169011.15,266,251,243,251
2026-07-16,LINE-C01,afternoon,TWS-A70,MAT-TWS-A70,SUP-005,packaging,normal,SYNTHETIC_GOERTEK_PRODUCTION,247,241,6,237,241,240,480,464,444,20,1.6,23223.41,16856.75,3511.15,4603,321956.93,226,227,220,227
2026-07-16,LINE-C01,night,TWS-A70,MAT-TWS-A70,SUP-005,packaging,normal,SYNTHETIC_GOERTEK_PRODUCTION,232,225,7,221,225,223,480,455,434,21,1.6,21789.1,15644.01,3677.14,3791,263584.19,230,225,215,225
2026-07-16,LINE-C02,morning,TWS-A70,MAT-TWS-A70,SUP-006,packaging,normal,SYNTHETIC_GOERTEK_PRODUCTION,235,230,5,225,230,231,480,465,438,27,1.55,22122.82,16640.09,3131.1,4233,306250,235,236,228,236
2026-07-16,LINE-C02,afternoon,TWS-A70,MAT-TWS-A70,SUP-006,packaging,normal,SYNTHETIC_GOERTEK_PRODUCTION,236,230,6,225,230,238,480,462,444,18,1.55,21973.85,16725.33,2627.02,3808,276913.29,209,226,214,226
2026-07-16,LINE-C02,night,TWS-A70,MAT-TWS-A70,SUP-006,packaging,normal,SYNTHETIC_GOERTEK_PRODUCTION,220,214,6,209,214,203,480,464,445,19,1.55,20645.65,15508.78,2872.34,4442,321915.89,214,209,198,209
2026-07-17,LINE-A01,morning,SPK-3200,MAT-SPK-3200,SUP-001,assembly,normal,SYNTHETIC_GOERTEK_PRODUCTION,359,348,11,343,348,339,480,472,448,24,1.2,13460.86,10077.73,1885,4040,116994.34,347,362,353,362
2026-07-17,LINE-A01,afternoon,SPK-3200,MAT-SPK-3200,SUP-001,assembly,normal,SYNTHETIC_GOERTEK_PRODUCTION,338,330,8,321,330,343,480,467,439,28,1.2,12679.87,9514.92,1660.88,3219,92813.72,303,332,320,332
2026-07-17,LINE-A01,night,SPK-3200,MAT-SPK-3200,SUP-001,assembly,normal,SYNTHETIC_GOERTEK_PRODUCTION,320,309,11,302,309,302,480,473,462,11,1.2,11988.53,8878.69,1671.63,3465,99562.01,277,289,283,289
2026-07-17,LINE-A02,morning,SPK-3200,MAT-SPK-3200,SUP-002,assembly,normal,SYNTHETIC_GOERTEK_PRODUCTION,320,311,9,305,311,323,480,469,444,25,1.25,11999.41,9030.14,1598.1,2807,81503.55,294,305,292,305
2026-07-17,LINE-A02,afternoon,SPK-3200,MAT-SPK-3200,SUP-002,assembly,normal,SYNTHETIC_GOERTEK_PRODUCTION,304,295,9,290,295,289,480,467,448,19,1.25,11378.4,8568.13,1463.21,2972,86320.28,268,281,268,281
2026-07-17,LINE-A02,night,SPK-3200,MAT-SPK-3200,SUP-002,assembly,normal,SYNTHETIC_GOERTEK_PRODUCTION,273,266,7,262,266,256,480,455,445,10,1.25,10273.67,7855.9,1290.74,3921,115800.69,265,271,259,271
2026-07-17,LINE-B01,morning,MIC-1180,MAT-MIC-1180,SUP-003,testing,normal,SYNTHETIC_GOERTEK_PRODUCTION,400,388,12,378,388,397,480,463,431,32,1.05,8531.12,6673.56,869.39,3935,67681.59,388,406,403,406
2026-07-17,LINE-B01,afternoon,MIC-1180,MAT-MIC-1180,SUP-003,testing,normal,SYNTHETIC_GOERTEK_PRODUCTION,386,376,10,365,376,371,480,459,435,24,1.05,8350.65,6559.33,909.54,3240,56521.89,386,381,373,381
2026-07-17,LINE-B01,night,MIC-1180,MAT-MIC-1180,SUP-003,testing,normal,SYNTHETIC_GOERTEK_PRODUCTION,380,370,10,362,370,377,480,472,458,14,1.05,8057.04,6335.44,839.69,3099,53063.59,394,381,361,381
2026-07-17,LINE-B02,morning,MIC-1180,MAT-MIC-1180,SUP-004,testing,normal,SYNTHETIC_GOERTEK_PRODUCTION,342,333,9,328,333,340,480,452,424,28,1.1,7395.26,5876.01,687.67,3270,57701.36,342,344,331,344
2026-07-17,LINE-B02,afternoon,MIC-1180,MAT-MIC-1180,SUP-004,testing,normal,SYNTHETIC_GOERTEK_PRODUCTION,339,332,7,324,332,317,480,470,450,20,1.1,7290.19,5778.94,624.06,3844,66910.38,303,319,301,319
2026-07-17,LINE-B02,night,MIC-1180,MAT-MIC-1180,SUP-004,testing,normal,SYNTHETIC_GOERTEK_PRODUCTION,326,319,7,310,319,319,480,460,439,21,1.1,7024.18,5433.76,746.25,5413,92203.58,314,323,312,323
2026-07-17,LINE-C01,morning,TWS-A70,MAT-TWS-A70,SUP-005,packaging,normal,SYNTHETIC_GOERTEK_PRODUCTION,253,245,8,241,245,241,480,464,453,11,1.6,23592.73,16846.12,3783.13,3011,207035.38,246,252,242,252
2026-07-17,LINE-C01,afternoon,TWS-A70,MAT-TWS-A70,SUP-005,packaging,normal,SYNTHETIC_GOERTEK_PRODUCTION,233,226,7,221,226,228,480,448,428,20,1.6,21867.08,15892.79,3462.32,3789,266450.36,231,235,221,235
2026-07-17,LINE-C01,night,TWS-A70,MAT-TWS-A70,SUP-005,packaging,normal,SYNTHETIC_GOERTEK_PRODUCTION,221,215,6,210,215,225,480,468,445,23,1.6,20662.35,14560.37,3677.93,4204,284706.03,216,218,208,218
2026-07-17,LINE-C02,morning,TWS-A70,MAT-TWS-A70,SUP-006,packaging,normal,SYNTHETIC_GOERTEK_PRODUCTION,238,232,6,225,232,234,480,462,454,8,1.55,22095.74,16352.78,3484.41,4632,326491.71,221,230,223,230
2026-07-17,LINE-C02,afternoon,TWS-A70,MAT-TWS-A70,SUP-006,packaging,normal,SYNTHETIC_GOERTEK_PRODUCTION,233,227,6,223,227,232,480,455,421,34,1.55,21848.76,16557.47,2887.8,3745,273161.78,227,233,225,233
2026-07-17,LINE-C02,night,TWS-A70,MAT-TWS-A70,SUP-006,packaging,normal,SYNTHETIC_GOERTEK_PRODUCTION,217,210,7,206,210,215,480,459,440,19,1.55,20270.64,15226.87,2894.36,2214,160534.72,210,202,196,202
2026-07-18,LINE-A01,morning,SPK-3200,MAT-SPK-3200,SUP-001,assembly,normal,SYNTHETIC_GOERTEK_PRODUCTION,331,324,7,315,324,314,480,471,433,38,1.2,12542.38,9221.69,1827.41,3873,110233.35,329,335,319,335
2026-07-18,LINE-A01,afternoon,SPK-3200,MAT-SPK-3200,SUP-001,assembly,normal,SYNTHETIC_GOERTEK_PRODUCTION,375,365,10,354,365,377,540,524,507,17,1.2,14102.09,10673.03,1717.39,2243,65587.96,357,370,359,370
2026-07-18,LINE-A01,night,SPK-3200,MAT-SPK-3200,SUP-001,assembly,normal,SYNTHETIC_GOERTEK_PRODUCTION,313,302,11,293,302,302,480,463,428,35,1.2,11611.3,8754.59,1606.92,2901,84096.24,337,313,298,313
2026-07-18,LINE-A02,morning,SPK-3200,MAT-SPK-3200,SUP-002,assembly,normal,SYNTHETIC_GOERTEK_PRODUCTION,294,286,8,281,286,286,480,461,423,38,1.25,10957.88,8265.27,1469.62,4254,122938.67,262,266,257,266
2026-07-18,LINE-A02,afternoon,SPK-3200,MAT-SPK-3200,SUP-002,assembly,normal,SYNTHETIC_GOERTEK_PRODUCTION,298,290,8,281,290,300,480,458,441,17,1.25,11238.3,8575.01,1466.99,4920,145479.48,301,296,287,296
2026-07-18,LINE-A02,night,SPK-3200,MAT-SPK-3200,SUP-002,assembly,normal,SYNTHETIC_GOERTEK_PRODUCTION,267,260,7,252,260,261,480,451,429,22,1.25,9980.03,7620.82,1158.55,3608,105753.53,237,248,241,248
2026-07-18,LINE-B01,morning,MIC-1180,MAT-MIC-1180,SUP-003,testing,normal,SYNTHETIC_GOERTEK_PRODUCTION,411,401,10,394,401,409,480,474,439,35,1.05,8804.39,6886.86,844.51,3213,55180.75,415,390,379,390
2026-07-18,LINE-B01,afternoon,MIC-1180,MAT-MIC-1180,SUP-003,testing,normal,SYNTHETIC_GOERTEK_PRODUCTION,377,367,10,359,367,380,480,453,430,23,1.05,7978.41,6150.57,910.53,2794,46824.78,407,376,361,376
2026-07-18,LINE-B01,night,MIC-1180,MAT-MIC-1180,SUP-003,testing,normal,SYNTHETIC_GOERTEK_PRODUCTION,372,361,11,353,361,359,480,461,428,33,1.05,8028.5,6151.88,901.13,3163,53901.38,354,363,354,363
2026-07-18,LINE-B02,morning,MIC-1180,MAT-MIC-1180,SUP-004,testing,normal,SYNTHETIC_GOERTEK_PRODUCTION,341,332,9,323,332,326,480,460,434,26,1.1,7293.59,5848.5,596.17,4341,76470.9,308,322,310,322
2026-07-18,LINE-B02,afternoon,MIC-1180,MAT-MIC-1180,SUP-004,testing,normal,SYNTHETIC_GOERTEK_PRODUCTION,322,312,10,307,312,310,480,458,430,28,1.1,6854.82,5484.95,602.89,4065,71462.57,310,310,303,310
2026-07-18,LINE-B02,night,MIC-1180,MAT-MIC-1180,SUP-004,testing,normal,SYNTHETIC_GOERTEK_PRODUCTION,310,300,10,291,300,290,480,467,457,10,1.1,6516.17,5161.97,577.99,2388,41089.28,316,320,313,320
2026-07-18,LINE-C01,morning,TWS-A70,MAT-TWS-A70,SUP-005,packaging,normal,SYNTHETIC_GOERTEK_PRODUCTION,235,231,4,225,231,231,480,460,431,29,1.6,22170.47,15863.18,3828.55,3879,266377.81,214,231,227,231
2026-07-18,LINE-C01,afternoon,TWS-A70,MAT-TWS-A70,SUP-005,packaging,normal,SYNTHETIC_GOERTEK_PRODUCTION,234,228,6,222,228,212,480,456,428,28,1.6,21917.72,15735.44,3801.33,4245,292969.05,214,217,210,217
2026-07-18,LINE-C01,night,TWS-A70,MAT-TWS-A70,SUP-005,packaging,normal,SYNTHETIC_GOERTEK_PRODUCTION,221,215,6,209,215,217,480,452,426,26,1.6,20645.35,14796.47,3414.48,4871,335226.07,220,217,206,217
2026-07-18,LINE-C02,morning,TWS-A70,MAT-TWS-A70,SUP-006,packaging,normal,SYNTHETIC_GOERTEK_PRODUCTION,222,216,6,212,216,215,480,458,430,28,1.55,20815.12,15553.85,2674.85,4180,300995.8,216,211,199,211
2026-07-18,LINE-C02,afternoon,TWS-A70,MAT-TWS-A70,SUP-006,packaging,normal,SYNTHETIC_GOERTEK_PRODUCTION,227,219,8,213,219,212,480,464,381,83,1.55,21118.74,16099.99,2678.09,4748,349053.66,186,201,196,201
2026-07-18,LINE-C02,night,TWS-A70,MAT-TWS-A70,SUP-006,packaging,normal,SYNTHETIC_GOERTEK_PRODUCTION,205,198,7,194,198,202,480,457,430,27,1.55,18975.85,14294.42,2483.2,2751,198605.81,193,197,188,197
2026-07-19,LINE-A01,morning,SPK-3200,MAT-SPK-3200,SUP-001,assembly,normal,SYNTHETIC_GOERTEK_PRODUCTION,327,317,10,307,317,309,480,469,440,29,1.2,12337.79,9331.66,1591.48,3637,107063.87,309,316,305,316
2026-07-19,LINE-A01,afternoon,SPK-3200,MAT-SPK-3200,SUP-001,assembly,normal,SYNTHETIC_GOERTEK_PRODUCTION,332,320,12,312,320,315,480,466,433,33,1.2,12260.61,9061.62,1881.89,4417,125078.67,320,323,312,323
2026-07-19,LINE-A01,night,SPK-3200,MAT-SPK-3200,SUP-001,assembly,normal,SYNTHETIC_GOERTEK_PRODUCTION,294,288,6,280,288,279,480,457,427,30,1.2,11194.87,8453.28,1495.64,2957,86792.88,279,289,276,289
2026-07-19,LINE-A02,morning,SPK-3200,MAT-SPK-3200,SUP-002,assembly,normal,SYNTHETIC_GOERTEK_PRODUCTION,305,297,8,291,297,293,480,462,446,16,1.25,11427.32,8605.73,1506.57,2736,79277.03,278,285,276,285
2026-07-19,LINE-A02,afternoon,SPK-3200,MAT-SPK-3200,SUP-002,assembly,normal,SYNTHETIC_GOERTEK_PRODUCTION,293,285,8,275,285,293,480,457,442,15,1.25,10885.17,8102.79,1481.61,4451,126545.68,262,278,268,278
2026-07-19,LINE-A02,night,SPK-3200,MAT-SPK-3200,SUP-002,assembly,normal,SYNTHETIC_GOERTEK_PRODUCTION,281,273,8,268,273,265,480,463,429,34,1.25,10404.81,7908.1,1240.09,4502,130411.23,273,278,267,278
2026-07-19,LINE-B01,morning,MIC-1180,MAT-MIC-1180,SUP-003,testing,normal,SYNTHETIC_GOERTEK_PRODUCTION,377,369,8,360,369,377,480,459,428,31,1.05,8113.15,6233.08,924.83,3436,58040.28,372,366,352,366
2026-07-19,LINE-B01,afternoon,MIC-1180,MAT-MIC-1180,SUP-003,testing,normal,SYNTHETIC_GOERTEK_PRODUCTION,367,359,8,351,359,369,480,464,446,18,1.05,7839.1,6190.18,780.93,4323,74540.8,397,369,355,369
2026-07-19,LINE-B01,night,MIC-1180,MAT-MIC-1180,SUP-003,testing,normal,SYNTHETIC_GOERTEK_PRODUCTION,354,344,10,336,344,347,480,459,445,14,1.05,7564.76,5949.24,732.62,4619,79882.38,340,356,343,356
2026-07-19,LINE-B02,morning,MIC-1180,MAT-MIC-1180,SUP-004,testing,rework,SYNTHETIC_GOERTEK_PRODUCTION,327,317,10,309,317,311,480,459,439,20,1.1,6951.18,5482.81,609.59,3120,53963.3,312,311,298,311
2026-07-19,LINE-B02,afternoon,MIC-1180,MAT-MIC-1180,SUP-004,testing,normal,SYNTHETIC_GOERTEK_PRODUCTION,325,317,8,310,317,315,480,456,423,33,1.1,7035.11,5487.31,749.23,3325,57556.17,323,320,302,320
2026-07-19,LINE-B02,night,MIC-1180,MAT-MIC-1180,SUP-004,testing,normal,SYNTHETIC_GOERTEK_PRODUCTION,351,341,10,330,341,343,540,526,500,26,1.1,7449.26,5979,668.17,4105,71975.94,344,347,337,347
2026-07-19,LINE-C01,morning,TWS-A70,MAT-TWS-A70,SUP-005,packaging,normal,SYNTHETIC_GOERTEK_PRODUCTION,237,230,7,226,230,235,480,462,437,25,1.6,22201.86,15920.32,3836.35,4617,319583.12,228,235,225,235
2026-07-19,LINE-C01,afternoon,TWS-A70,MAT-TWS-A70,SUP-005,packaging,normal,SYNTHETIC_GOERTEK_PRODUCTION,248,241,7,237,241,235,480,470,443,27,1.6,23053.26,16599.31,4006,3478,239553.53,245,238,228,238
2026-07-19,LINE-C01,night,TWS-A70,MAT-TWS-A70,SUP-005,packaging,rework,SYNTHETIC_GOERTEK_PRODUCTION,216,211,5,208,211,213,480,465,442,23,1.6,20072.21,14303.46,3483.87,4522,306541.45,210,208,199,208
2026-07-19,LINE-C02,morning,TWS-A70,MAT-TWS-A70,SUP-006,packaging,normal,SYNTHETIC_GOERTEK_PRODUCTION,234,228,6,223,228,244,480,466,446,20,1.55,21843.96,16326.94,2872.82,3859,276340.62,247,235,226,235
2026-07-19,LINE-C02,afternoon,TWS-A70,MAT-TWS-A70,SUP-006,packaging,normal,SYNTHETIC_GOERTEK_PRODUCTION,221,215,6,211,215,211,480,466,438,28,1.55,20671.83,15336.1,3108.19,3047,217344.64,219,221,212,221
2026-07-19,LINE-C02,night,TWS-A70,MAT-TWS-A70,SUP-006,packaging,normal,SYNTHETIC_GOERTEK_PRODUCTION,210,205,5,200,205,202,480,453,434,19,1.55,19491.33,14375.73,2939.09,3565,249997.45,192,206,197,206
2026-07-20,LINE-A01,morning,SPK-3200,MAT-SPK-3200,SUP-001,assembly,normal,SYNTHETIC_GOERTEK_PRODUCTION,339,328,11,321,328,343,480,460,444,16,1.2,12759.61,9564.87,1751.47,4462,130117.23,323,316,308,316
2026-07-20,LINE-A01,afternoon,SPK-3200,MAT-SPK-3200,SUP-001,assembly,normal,SYNTHETIC_GOERTEK_PRODUCTION,326,316,10,308,316,314,480,455,432,23,1.2,12158.94,9086.68,1666.07,2964,85230.76,277,295,289,295
2026-07-20,LINE-A01,night,SPK-3200,MAT-SPK-3200,SUP-001,assembly,normal,SYNTHETIC_GOERTEK_PRODUCTION,319,310,9,300,310,304,480,465,455,10,1.2,11825.1,8762.2,1815.42,4285,121116.22,312,300,293,300
2026-07-20,LINE-A02,morning,SPK-3200,MAT-SPK-3200,SUP-002,assembly,normal,SYNTHETIC_GOERTEK_PRODUCTION,314,305,9,300,305,308,480,453,429,24,1.25,11647.33,8732.1,1536.91,4556,130437.53,302,295,283,295
2026-07-20,LINE-A02,afternoon,SPK-3200,MAT-SPK-3200,SUP-002,assembly,normal,SYNTHETIC_GOERTEK_PRODUCTION,301,293,8,284,293,292,480,461,439,22,1.25,11332.89,8614.82,1403.77,4646,136602.23,296,299,291,299
2026-07-20,LINE-A02,night,SPK-3200,MAT-SPK-3200,SUP-002,assembly,normal,SYNTHETIC_GOERTEK_PRODUCTION,291,284,7,275,284,281,480,460,429,31,1.25,10757.02,8204.4,1285.4,0,0,295,295,286,295
2026-07-20,LINE-B01,morning,MIC-1180,MAT-MIC-1180,SUP-003,testing,normal,SYNTHETIC_GOERTEK_PRODUCTION,403,392,11,383,392,381,480,460,438,22,1.05,8630.18,6797.63,946.9,2943,51034.25,389,403,388,403
2026-07-20,LINE-B01,afternoon,MIC-1180,MAT-MIC-1180,SUP-003,testing,normal,SYNTHETIC_GOERTEK_PRODUCTION,390,382,8,370,382,387,480,462,427,35,1.05,8492.19,6630.75,868.08,3676,63807.95,394,370,358,370
2026-07-20,LINE-B01,night,MIC-1180,MAT-MIC-1180,SUP-003,testing,normal,SYNTHETIC_GOERTEK_PRODUCTION,369,358,11,349,358,348,480,458,427,31,1.05,7860.73,6240.21,724.04,4076,71047.75,368,360,346,360
2026-07-20,LINE-B02,morning,MIC-1180,MAT-MIC-1180,SUP-004,testing,normal,SYNTHETIC_GOERTEK_PRODUCTION,347,337,10,329,337,340,480,466,453,13,1.1,7433.9,5876.41,694.72,3631,63315.27,337,341,325,341
2026-07-20,LINE-B02,afternoon,MIC-1180,MAT-MIC-1180,SUP-004,testing,normal,SYNTHETIC_GOERTEK_PRODUCTION,343,334,9,327,334,340,480,470,441,29,1.1,7305.18,5767.29,605.14,5028,86820.16,339,338,332,338
2026-07-20,LINE-B02,night,MIC-1180,MAT-MIC-1180,SUP-004,testing,normal,SYNTHETIC_GOERTEK_PRODUCTION,320,309,11,303,309,313,480,466,445,21,1.1,6931.91,5494.39,682.63,4772,84851.87,324,312,302,312
2026-07-20,LINE-C01,morning,TWS-A70,MAT-TWS-A70,SUP-005,packaging,normal,SYNTHETIC_GOERTEK_PRODUCTION,253,247,6,244,247,250,480,457,430,27,1.6,23907.4,17121.15,4189.68,4448,308319.33,246,237,222,237
2026-07-20,LINE-C01,afternoon,TWS-A70,MAT-TWS-A70,SUP-005,packaging,normal,SYNTHETIC_GOERTEK_PRODUCTION,246,241,5,237,241,234,480,461,439,22,1.6,23452.1,16785.54,3952.01,3901,271702.87,237,241,234,241
2026-07-20,LINE-C01,night,TWS-A70,MAT-TWS-A70,SUP-005,packaging,normal,SYNTHETIC_GOERTEK_PRODUCTION,223,218,5,213,218,217,480,458,437,21,1.6,20856.78,14854.73,3716.19,3506,238902.22,225,220,213,220
2026-07-20,LINE-C02,morning,TWS-A70,MAT-TWS-A70,SUP-006,packaging,normal,SYNTHETIC_GOERTEK_PRODUCTION,247,239,8,235,239,241,480,466,373,93,1.55,23070.24,17210.77,3405.17,3460,249160.1,240,240,235,240
2026-07-20,LINE-C02,afternoon,TWS-A70,MAT-TWS-A70,SUP-006,packaging,normal,SYNTHETIC_GOERTEK_PRODUCTION,237,230,7,226,230,238,480,458,392,66,1.55,22090.89,16906.06,2607.45,4389,322611.73,219,229,224,229
2026-07-20,LINE-C02,night,TWS-A70,MAT-TWS-A70,SUP-006,packaging,normal,SYNTHETIC_GOERTEK_PRODUCTION,213,207,6,204,207,211,480,460,446,14,1.55,19972.28,14713.57,2923.56,2729,193977.45,178,192,187,192
2026-07-21,LINE-A01,morning,SPK-3200,MAT-SPK-3200,SUP-001,assembly,normal,SYNTHETIC_GOERTEK_PRODUCTION,392,382,10,374,382,388,540,528,506,22,1.2,14742.52,11141.98,1962.56,4672,136270.5,396,397,389,397
2026-07-21,LINE-A01,afternoon,SPK-3200,MAT-SPK-3200,SUP-001,assembly,normal,SYNTHETIC_GOERTEK_PRODUCTION,348,336,12,327,336,341,480,461,443,18,1.2,13056.93,9809.28,1847.29,3775,110208.43,335,340,332,340
2026-07-21,LINE-A01,night,SPK-3200,MAT-SPK-3200,SUP-001,assembly,normal,SYNTHETIC_GOERTEK_PRODUCTION,365,355,10,348,355,350,540,528,496,32,1.2,13640.67,10138.26,1849.88,3554,101496.83,350,361,351,361
2026-07-21,LINE-A02,morning,SPK-3200,MAT-SPK-3200,SUP-002,assembly,normal,SYNTHETIC_GOERTEK_PRODUCTION,316,308,8,303,308,306,480,465,455,10,1.25,11855.41,8872.6,1592.47,3933,113298.49,293,293,291,293
2026-07-21,LINE-A02,afternoon,SPK-3200,MAT-SPK-3200,SUP-002,assembly,normal,SYNTHETIC_GOERTEK_PRODUCTION,311,304,7,298,304,301,480,463,428,35,1.25,11704.79,9029.98,1321.03,4429,131558.49,291,308,299,308
2026-07-21,LINE-A02,night,SPK-3200,MAT-SPK-3200,SUP-002,assembly,normal,SYNTHETIC_GOERTEK_PRODUCTION,294,287,7,281,287,298,480,470,459,11,1.25,11036.24,8444.54,1461.25,3155,92831.09,268,287,279,287
2026-07-21,LINE-B01,morning,MIC-1180,MAT-MIC-1180,SUP-003,testing,normal,SYNTHETIC_GOERTEK_PRODUCTION,399,388,11,376,388,384,480,464,436,28,1.05,8591.88,6746.09,824.25,4077,70886.11,378,397,382,397
2026-07-21,LINE-B01,afternoon,MIC-1180,MAT-MIC-1180,SUP-003,testing,normal,SYNTHETIC_GOERTEK_PRODUCTION,394,384,10,374,384,380,480,462,448,14,1.05,8310.17,6500.63,855.59,3355,56795.87,383,385,368,385
2026-07-21,LINE-B01,night,MIC-1180,MAT-MIC-1180,SUP-003,testing,normal,SYNTHETIC_GOERTEK_PRODUCTION,380,369,11,360,369,372,480,466,446,20,1.05,8081.47,6209.96,922,0,0,372,376,368,376
2026-07-21,LINE-B02,morning,MIC-1180,MAT-MIC-1180,SUP-004,testing,normal,SYNTHETIC_GOERTEK_PRODUCTION,348,339,9,331,339,344,480,462,445,17,1.1,7383.65,5833.1,717.52,3866,66521.43,350,339,334,339
2026-07-21,LINE-B02,afternoon,MIC-1180,MAT-MIC-1180,SUP-004,testing,normal,SYNTHETIC_GOERTEK_PRODUCTION,348,336,12,330,336,340,480,472,446,26,1.1,7424.49,5818.02,697.13,0,0,357,336,320,336
2026-07-21,LINE-B02,night,MIC-1180,MAT-MIC-1180,SUP-004,testing,normal,SYNTHETIC_GOERTEK_PRODUCTION,320,313,7,306,313,312,480,465,445,20,1.1,6889.09,5407.2,674.71,4725,81626.26,281,294,286,294
2026-07-21,LINE-C01,morning,TWS-A70,MAT-TWS-A70,SUP-005,packaging,normal,SYNTHETIC_GOERTEK_PRODUCTION,249,242,7,237,242,239,480,460,445,15,1.6,23193.23,16919.42,3602.29,0,0,248,244,235,244
2026-07-21,LINE-C01,afternoon,TWS-A70,MAT-TWS-A70,SUP-005,packaging,rework,SYNTHETIC_GOERTEK_PRODUCTION,240,232,8,227,232,232,480,458,432,26,1.6,22351.06,15990.36,3848.13,2609,179822.63,219,228,217,228
2026-07-21,LINE-C01,night,TWS-A70,MAT-TWS-A70,SUP-005,packaging,normal,SYNTHETIC_GOERTEK_PRODUCTION,231,225,6,220,225,231,480,460,444,16,1.6,21430.89,15529.49,3492.61,0,0,223,220,215,220
2026-07-21,LINE-C02,morning,TWS-A70,MAT-TWS-A70,SUP-006,packaging,normal,SYNTHETIC_GOERTEK_PRODUCTION,272,264,8,258,264,269,540,519,506,13,1.55,25557.2,18752.7,3935.3,4030,286262.81,240,257,253,257
2026-07-21,LINE-C02,afternoon,TWS-A70,MAT-TWS-A70,SUP-006,packaging,normal,SYNTHETIC_GOERTEK_PRODUCTION,226,220,6,215,220,219,480,461,434,27,1.55,21029.64,15787.14,2922.79,3092,221881.08,222,225,214,225
2026-07-21,LINE-C02,night,TWS-A70,MAT-TWS-A70,SUP-006,packaging,normal,SYNTHETIC_GOERTEK_PRODUCTION,225,219,6,214,219,219,480,470,458,12,1.55,21228.54,15957.75,2929.77,3240,236087.26,233,223,215,223
2026-07-22,LINE-A01,morning,SPK-3200,MAT-SPK-3200,SUP-001,assembly,normal,SYNTHETIC_GOERTEK_PRODUCTION,335,327,8,320,327,315,480,461,434,27,1.2,12543.38,9242.77,1857.38,3537,99974.55,317,320,311,320
2026-07-22,LINE-A01,afternoon,SPK-3200,MAT-SPK-3200,SUP-001,assembly,normal,SYNTHETIC_GOERTEK_PRODUCTION,344,337,7,328,337,327,480,466,428,38,1.2,13057.42,9653.76,1888.34,2495,71472.2,333,324,309,324
2026-07-22,LINE-A01,night,SPK-3200,MAT-SPK-3200,SUP-001,assembly,normal,SYNTHETIC_GOERTEK_PRODUCTION,320,309,11,305,309,307,480,464,435,29,1.2,11873.62,8822.03,1683.9,4686,133786.51,306,303,296,303
2026-07-22,LINE-A02,morning,SPK-3200,MAT-SPK-3200,SUP-002,assembly,normal,SYNTHETIC_GOERTEK_PRODUCTION,309,299,10,291,299,287,480,455,424,31,1.25,11423.89,8675.41,1416.39,4352,126272.19,301,305,292,305
2026-07-22,LINE-A02,afternoon,SPK-3200,MAT-SPK-3200,SUP-002,assembly,normal,SYNTHETIC_GOERTEK_PRODUCTION,317,306,11,301,306,295,480,460,438,22,1.25,11794.79,8924.95,1533.41,4859,141720.04,318,307,294,307
2026-07-22,LINE-A02,night,SPK-3200,MAT-SPK-3200,SUP-002,assembly,normal,SYNTHETIC_GOERTEK_PRODUCTION,291,284,7,276,284,296,480,462,448,14,1.25,10926.48,8202.31,1510.78,2600,75091.57,277,279,270,279
2026-07-22,LINE-B01,morning,MIC-1180,MAT-MIC-1180,SUP-003,testing,normal,SYNTHETIC_GOERTEK_PRODUCTION,461,452,9,444,452,446,540,523,500,23,1.05,9820.5,7734.14,923.26,3069,52513.44,403,424,413,424
2026-07-22,LINE-B01,afternoon,MIC-1180,MAT-MIC-1180,SUP-003,testing,normal,SYNTHETIC_GOERTEK_PRODUCTION,454,441,13,430,441,440,540,518,504,14,1.05,9761.92,7699.82,911.2,3769,65806.4,414,424,414,424
2026-07-22,LINE-B01,night,MIC-1180,MAT-MIC-1180,SUP-003,testing,test,SYNTHETIC_GOERTEK_PRODUCTION,376,364,12,355,364,350,480,471,444,27,1.05,8008.79,6332.5,814.43,3369,58610.42,352,365,356,365
2026-07-22,LINE-B02,morning,MIC-1180,MAT-MIC-1180,SUP-004,testing,normal,SYNTHETIC_GOERTEK_PRODUCTION,348,337,11,329,337,326,480,470,457,13,1.1,7427.79,5888.82,740.65,0,0,369,350,337,350
2026-07-22,LINE-B02,afternoon,MIC-1180,MAT-MIC-1180,SUP-004,testing,test,SYNTHETIC_GOERTEK_PRODUCTION,334,327,7,320,327,336,480,466,437,29,1.1,7140.25,5555.74,709.4,3994,67858.18,320,319,307,319
2026-07-22,LINE-B02,night,MIC-1180,MAT-MIC-1180,SUP-004,testing,normal,SYNTHETIC_GOERTEK_PRODUCTION,300,293,7,286,293,291,480,454,431,23,1.1,6476.13,5093.35,622.14,4636,80589.66,302,293,284,293
2026-07-22,LINE-C01,morning,TWS-A70,MAT-TWS-A70,SUP-005,packaging,normal,SYNTHETIC_GOERTEK_PRODUCTION,252,246,6,239,246,237,480,456,431,25,1.6,23663.28,16657.2,4073.26,4481,303418.35,253,251,243,251
2026-07-22,LINE-C01,afternoon,TWS-A70,MAT-TWS-A70,SUP-005,packaging,normal,SYNTHETIC_GOERTEK_PRODUCTION,246,240,6,236,240,225,480,471,448,23,1.6,22751.03,16650.12,3394.7,4531,314340.39,242,243,235,243
2026-07-22,LINE-C01,night,TWS-A70,MAT-TWS-A70,SUP-005,packaging,normal,SYNTHETIC_GOERTEK_PRODUCTION,222,216,6,210,216,227,480,455,440,15,1.6,20564.75,14939.12,3435.44,3642,251890.16,207,220,210,220
2026-07-22,LINE-C02,morning,TWS-A70,MAT-TWS-A70,SUP-006,packaging,normal,SYNTHETIC_GOERTEK_PRODUCTION,238,230,8,226,230,235,480,461,434,27,1.55,22267.18,16975.46,2569.65,2936,216695.44,243,230,229,230
2026-07-22,LINE-C02,afternoon,TWS-A70,MAT-TWS-A70,SUP-006,packaging,normal,SYNTHETIC_GOERTEK_PRODUCTION,260,251,9,245,251,248,540,520,496,24,1.55,24209.21,17907.55,3691.03,4355,310706.69,248,245,235,245
2026-07-22,LINE-C02,night,TWS-A70,MAT-TWS-A70,SUP-006,packaging,normal,SYNTHETIC_GOERTEK_PRODUCTION,223,218,5,211,218,222,480,459,441,18,1.55,21078.94,16086.35,2664.98,4393,324162.09,206,219,212,219
2026-07-23,LINE-A01,morning,SPK-3200,MAT-SPK-3200,SUP-001,assembly,normal,SYNTHETIC_GOERTEK_PRODUCTION,339,330,9,323,330,328,480,467,391,76,1.2,12798.35,9517.73,1848.19,3740,107867.61,344,331,323,331
2026-07-23,LINE-A01,afternoon,SPK-3200,MAT-SPK-3200,SUP-001,assembly,normal,SYNTHETIC_GOERTEK_PRODUCTION,328,319,9,313,319,331,480,461,444,17,1.2,12231.89,9091.65,1748.77,2949,84047.89,313,324,319,324
2026-07-23,LINE-A01,night,SPK-3200,MAT-SPK-3200,SUP-001,assembly,normal,SYNTHETIC_GOERTEK_PRODUCTION,323,314,9,308,314,309,480,465,432,33,1.2,12026.43,8857.49,1778.23,3834,108151.65,338,329,317,329
2026-07-23,LINE-A02,morning,SPK-3200,MAT-SPK-3200,SUP-002,assembly,normal,SYNTHETIC_GOERTEK_PRODUCTION,307,298,9,290,298,307,480,460,448,12,1.25,11475.99,8800.86,1459.94,4530,133784.89,280,290,284,290
2026-07-23,LINE-A02,afternoon,SPK-3200,MAT-SPK-3200,SUP-002,assembly,normal,SYNTHETIC_GOERTEK_PRODUCTION,300,292,8,285,292,288,480,457,436,21,1.25,11297.2,8591.19,1485.5,4433,130427.21,267,282,272,282
2026-07-23,LINE-A02,night,SPK-3200,MAT-SPK-3200,SUP-002,assembly,normal,SYNTHETIC_GOERTEK_PRODUCTION,328,318,10,310,318,319,540,530,503,27,1.25,12211.29,9328.73,1519.83,2872,84251.93,350,330,318,330
2026-07-23,LINE-B01,morning,MIC-1180,MAT-MIC-1180,SUP-003,testing,normal,SYNTHETIC_GOERTEK_PRODUCTION,400,389,11,381,389,389,480,463,440,23,1.05,8605.54,6619.7,941.96,4105,69855.7,382,388,373,388
2026-07-23,LINE-B01,afternoon,MIC-1180,MAT-MIC-1180,SUP-003,testing,normal,SYNTHETIC_GOERTEK_PRODUCTION,404,392,12,382,392,381,480,465,443,22,1.05,8587.99,6745.23,888.56,4088,70343.11,414,411,399,411
2026-07-23,LINE-B01,night,MIC-1180,MAT-MIC-1180,SUP-003,testing,normal,SYNTHETIC_GOERTEK_PRODUCTION,372,364,8,357,364,350,480,463,449,14,1.05,8035.84,6195.02,900.06,2786,47415.73,382,369,360,369
2026-07-23,LINE-B02,morning,MIC-1180,MAT-MIC-1180,SUP-004,testing,normal,SYNTHETIC_GOERTEK_PRODUCTION,353,345,8,336,345,347,480,462,441,21,1.1,7542.75,5918.03,805.86,4663,79987.75,317,344,332,344
2026-07-23,LINE-B02,afternoon,MIC-1180,MAT-MIC-1180,SUP-004,testing,normal,SYNTHETIC_GOERTEK_PRODUCTION,345,335,10,326,335,327,480,460,422,38,1.1,7344.45,5848.31,562.97,2782,48567.16,363,347,333,347
2026-07-23,LINE-B02,night,MIC-1180,MAT-MIC-1180,SUP-004,testing,normal,SYNTHETIC_GOERTEK_PRODUCTION,323,314,9,308,314,309,480,460,439,21,1.1,6964.56,5418,734.68,3676,63428.56,306,311,300,311
2026-07-23,LINE-C01,morning,TWS-A70,MAT-TWS-A70,SUP-005,packaging,normal,SYNTHETIC_GOERTEK_PRODUCTION,254,244,10,239,244,248,480,457,438,19,1.6,23326.19,16835.19,3836.45,4767,328907.18,240,235,223,235
2026-07-23,LINE-C01,afternoon,TWS-A70,MAT-TWS-A70,SUP-005,packaging,normal,SYNTHETIC_GOERTEK_PRODUCTION,243,237,6,231,237,234,480,468,455,13,1.6,22726.29,16058.11,3961.27,3621,245343.53,230,234,226,234
2026-07-23,LINE-C01,night,TWS-A70,MAT-TWS-A70,SUP-005,packaging,normal,SYNTHETIC_GOERTEK_PRODUCTION,234,229,5,224,229,229,480,468,443,25,1.6,21858.62,16031.95,3195.03,5374,376225.76,232,235,227,235
2026-07-23,LINE-C02,morning,TWS-A70,MAT-TWS-A70,SUP-006,packaging,normal,SYNTHETIC_GOERTEK_PRODUCTION,248,240,8,233,240,240,480,464,457,7,1.55,22837.22,17364.24,2806.79,3390,245269.89,240,236,231,236
2026-07-23,LINE-C02,afternoon,TWS-A70,MAT-TWS-A70,SUP-006,packaging,normal,SYNTHETIC_GOERTEK_PRODUCTION,264,257,7,254,257,246,540,522,495,27,1.55,24396.53,18034.58,3377.2,3975,278939.52,261,255,249,255
2026-07-23,LINE-C02,night,TWS-A70,MAT-TWS-A70,SUP-006,packaging,normal,SYNTHETIC_GOERTEK_PRODUCTION,228,221,7,214,221,214,480,461,454,7,1.55,21350.75,16182.59,2696.33,3984,291725.97,224,216,209,216
2026-07-24,LINE-A01,morning,SPK-3200,MAT-SPK-3200,SUP-001,assembly,normal,SYNTHETIC_GOERTEK_PRODUCTION,346,336,10,328,336,345,480,467,445,22,1.2,13111.46,9545.84,2036.09,2847,80883.95,356,334,320,334
2026-07-24,LINE-A01,afternoon,SPK-3200,MAT-SPK-3200,SUP-001,assembly,normal,SYNTHETIC_GOERTEK_PRODUCTION,329,321,8,317,321,320,480,459,430,29,1.2,12293.3,8974.45,1873.17,3777,105596.57,313,328,311,328
2026-07-24,LINE-A01,night,SPK-3200,MAT-SPK-3200,SUP-001,assembly,normal,SYNTHETIC_GOERTEK_PRODUCTION,311,303,8,296,303,318,480,461,431,30,1.2,11742.91,8522.12,1887.54,4679,131600.66,325,313,301,313
2026-07-24,LINE-A02,morning,SPK-3200,MAT-SPK-3200,SUP-002,assembly,normal,SYNTHETIC_GOERTEK_PRODUCTION,301,295,6,288,295,301,480,465,447,18,1.25,11215.04,8577.28,1369.99,3524,102462.15,279,295,278,295
2026-07-24,LINE-A02,afternoon,SPK-3200,MAT-SPK-3200,SUP-002,assembly,normal,SYNTHETIC_GOERTEK_PRODUCTION,309,300,9,294,300,298,480,466,439,27,1.25,11552.36,8611.03,1602.04,4586,131633.95,302,298,287,298
2026-07-24,LINE-A02,night,SPK-3200,MAT-SPK-3200,SUP-002,assembly,normal,SYNTHETIC_GOERTEK_PRODUCTION,288,281,7,274,281,275,480,461,443,18,1.25,10802.08,8268.67,1366.69,3710,109169.98,274,277,269,277
2026-07-24,LINE-B01,morning,MIC-1180,MAT-MIC-1180,SUP-003,testing,normal,SYNTHETIC_GOERTEK_PRODUCTION,395,384,11,376,384,399,480,453,415,38,1.05,8432.14,6576.3,867.13,3940,67475.58,388,399,388,399
2026-07-24,LINE-B01,afternoon,MIC-1180,MAT-MIC-1180,SUP-003,testing,normal,SYNTHETIC_GOERTEK_PRODUCTION,418,406,12,399,406,396,480,469,448,21,1.05,8944.21,6862.58,1074.56,0,0,386,412,395,412
2026-07-24,LINE-B01,night,MIC-1180,MAT-MIC-1180,SUP-003,testing,normal,SYNTHETIC_GOERTEK_PRODUCTION,366,357,9,349,357,372,480,454,429,25,1.05,7828.25,6104.57,782.31,3049,52136.79,367,368,360,368
2026-07-24,LINE-B02,morning,MIC-1180,MAT-MIC-1180,SUP-004,testing,normal,SYNTHETIC_GOERTEK_PRODUCTION,349,340,9,332,340,343,480,469,438,31,1.1,7533.41,5933.34,693.22,4631,80815.58,335,336,328,336
2026-07-24,LINE-B02,afternoon,MIC-1180,MAT-MIC-1180,SUP-004,testing,normal,SYNTHETIC_GOERTEK_PRODUCTION,337,326,11,318,326,331,480,457,347,110,1.1,7139.22,5639.58,664.86,3943,68211.24,320,330,320,330
2026-07-24,LINE-B02,night,MIC-1180,MAT-MIC-1180,SUP-004,testing,normal,SYNTHETIC_GOERTEK_PRODUCTION,334,325,9,317,325,312,480,470,450,20,1.1,7119.95,5613.73,683.2,4971,85864.16,320,329,320,329
2026-07-24,LINE-C01,morning,TWS-A70,MAT-TWS-A70,SUP-005,packaging,normal,SYNTHETIC_GOERTEK_PRODUCTION,249,242,7,238,242,249,480,461,432,29,1.6,23089.76,16479.83,4005.11,5242,356972.19,255,246,235,246
2026-07-24,LINE-C01,afternoon,TWS-A70,MAT-TWS-A70,SUP-005,packaging,normal,SYNTHETIC_GOERTEK_PRODUCTION,245,238,7,233,238,242,480,466,439,27,1.6,22925.4,16477.41,3821.58,5201,360079.87,260,249,238,249
2026-07-24,LINE-C01,night,TWS-A70,MAT-TWS-A70,SUP-005,packaging,normal,SYNTHETIC_GOERTEK_PRODUCTION,265,259,6,254,259,257,540,518,418,100,1.6,24803.37,18107.64,3665.87,5514,385503.97,259,267,258,267
2026-07-24,LINE-C02,morning,TWS-A70,MAT-TWS-A70,SUP-006,packaging,normal,SYNTHETIC_GOERTEK_PRODUCTION,232,225,7,221,225,223,480,462,440,22,1.55,21782.77,16460.1,2820.56,0,0,223,222,213,222
2026-07-24,LINE-C02,afternoon,TWS-A70,MAT-TWS-A70,SUP-006,packaging,normal,SYNTHETIC_GOERTEK_PRODUCTION,238,231,7,224,231,233,480,466,451,15,1.55,22092.44,16169.08,3424.18,2831,198158.73,217,231,224,231
2026-07-24,LINE-C02,night,TWS-A70,MAT-TWS-A70,SUP-006,packaging,normal,SYNTHETIC_GOERTEK_PRODUCTION,210,206,4,202,206,212,480,463,432,31,1.55,19889.43,15036.4,2632.31,3689,269268.35,191,206,195,206
2026-07-25,LINE-A01,morning,SPK-3200,MAT-SPK-3200,SUP-001,assembly,rework,SYNTHETIC_GOERTEK_PRODUCTION,327,320,7,312,320,313,480,462,443,19,1.2,12216.17,9033.34,1808.94,3685,104024.56,324,308,290,308
2026-07-25,LINE-A01,afternoon,SPK-3200,MAT-SPK-3200,SUP-001,assembly,normal,SYNTHETIC_GOERTEK_PRODUCTION,321,314,7,308,314,310,480,465,443,22,1.2,12066.11,9010.14,1696.21,4083,117160.51,313,305,299,305
2026-07-25,LINE-A01,night,SPK-3200,MAT-SPK-3200,SUP-001,assembly,rework,SYNTHETIC_GOERTEK_PRODUCTION,320,310,10,305,310,310,480,461,434,27,1.2,11913.98,8943.7,1470.44,2913,84041.93,307,307,293,307
2026-07-25,LINE-A02,morning,SPK-3200,MAT-SPK-3200,SUP-002,assembly,normal,SYNTHETIC_GOERTEK_PRODUCTION,304,295,9,289,295,286,480,462,444,18,1.25,11285.32,8601.4,1328.33,3510,102342.08,310,305,301,305
2026-07-25,LINE-A02,afternoon,SPK-3200,MAT-SPK-3200,SUP-002,assembly,normal,SYNTHETIC_GOERTEK_PRODUCTION,294,286,8,277,286,275,480,464,445,19,1.25,10978.52,8341.36,1431.69,4233,123457.96,279,280,272,280
2026-07-25,LINE-A02,night,SPK-3200,MAT-SPK-3200,SUP-002,assembly,normal,SYNTHETIC_GOERTEK_PRODUCTION,269,264,5,258,264,263,480,460,449,11,1.25,10072.59,7721.54,1211.98,4398,128633.84,273,270,261,270
2026-07-25,LINE-B01,morning,MIC-1180,MAT-MIC-1180,SUP-003,testing,normal,SYNTHETIC_GOERTEK_PRODUCTION,396,386,10,376,386,389,480,473,445,28,1.05,8471.27,6650.98,848.5,3227,55602.88,419,411,403,411
2026-07-25,LINE-B01,afternoon,MIC-1180,MAT-MIC-1180,SUP-003,testing,normal,SYNTHETIC_GOERTEK_PRODUCTION,447,433,14,425,433,433,540,524,509,15,1.05,9480.63,7326.54,1043.08,3240,54822.15,398,431,417,431
2026-07-25,LINE-B01,night,MIC-1180,MAT-MIC-1180,SUP-003,testing,normal,SYNTHETIC_GOERTEK_PRODUCTION,372,362,10,356,362,349,480,469,441,28,1.05,7934.35,6033.95,956.03,3406,56772.47,375,367,352,367
2026-07-25,LINE-B02,morning,MIC-1180,MAT-MIC-1180,SUP-004,testing,normal,SYNTHETIC_GOERTEK_PRODUCTION,325,315,10,307,315,310,480,459,437,22,1.1,6912.19,5389.81,740.85,4081,69827.98,329,318,311,318
2026-07-25,LINE-B02,afternoon,MIC-1180,MAT-MIC-1180,SUP-004,testing,normal,SYNTHETIC_GOERTEK_PRODUCTION,332,321,11,314,321,332,480,451,425,26,1.1,7072.01,5567.93,647.06,4525,78488.73,366,341,325,341
2026-07-25,LINE-B02,night,MIC-1180,MAT-MIC-1180,SUP-004,testing,normal,SYNTHETIC_GOERTEK_PRODUCTION,314,307,7,299,307,306,480,473,454,19,1.1,6711.44,5363.31,650.46,4377,76466.48,307,308,302,308
2026-07-25,LINE-C01,morning,TWS-A70,MAT-TWS-A70,SUP-005,packaging,normal,SYNTHETIC_GOERTEK_PRODUCTION,235,229,6,226,229,230,480,463,438,25,1.6,22222.94,15711.25,3881.36,3974,272648.5,233,243,228,243
2026-07-25,LINE-C01,afternoon,TWS-A70,MAT-TWS-A70,SUP-005,packaging,normal,SYNTHETIC_GOERTEK_PRODUCTION,232,226,6,222,226,228,480,461,445,16,1.6,21683.33,15518.42,3495.43,3705,254405.96,232,232,219,232
2026-07-25,LINE-C01,night,TWS-A70,MAT-TWS-A70,SUP-005,packaging,normal,SYNTHETIC_GOERTEK_PRODUCTION,224,219,5,215,219,225,480,465,445,20,1.6,21122.03,15157.15,3610.4,4674,323490.95,228,222,212,222
2026-07-25,LINE-C02,morning,TWS-A70,MAT-TWS-A70,SUP-006,packaging,normal,SYNTHETIC_GOERTEK_PRODUCTION,258,251,7,245,251,256,540,523,501,22,1.55,24051.25,18059.87,3231.28,3534,254277.21,245,240,230,240
2026-07-25,LINE-C02,afternoon,TWS-A70,MAT-TWS-A70,SUP-006,packaging,normal,SYNTHETIC_GOERTEK_PRODUCTION,229,224,5,219,224,232,480,467,437,30,1.55,21282.33,15901.21,3024.47,3518,249734.18,230,223,211,223
2026-07-25,LINE-C02,night,TWS-A70,MAT-TWS-A70,SUP-006,packaging,rework,SYNTHETIC_GOERTEK_PRODUCTION,209,204,5,198,204,198,480,461,437,24,1.55,19595.95,14550.28,2595.51,3220,229666.18,210,209,200,209
2026-07-26,LINE-A01,morning,SPK-3200,MAT-SPK-3200,SUP-001,assembly,test,SYNTHETIC_GOERTEK_PRODUCTION,329,321,8,315,321,311,480,460,431,29,1.2,12329.66,9136.4,1728.11,3000,85386.92,320,315,300,315
2026-07-26,LINE-A01,afternoon,SPK-3200,MAT-SPK-3200,SUP-001,assembly,rework,SYNTHETIC_GOERTEK_PRODUCTION,365,355,10,348,355,368,540,524,503,21,1.2,13676.81,10087.92,2060.35,2574,73144.52,342,340,336,340
2026-07-26,LINE-A01,night,SPK-3200,MAT-SPK-3200,SUP-001,assembly,normal,SYNTHETIC_GOERTEK_PRODUCTION,310,299,11,292,299,294,480,462,440,22,1.2,11451.75,8334.81,1731.67,3154,87919.7,299,297,285,297
2026-07-26,LINE-A02,morning,SPK-3200,MAT-SPK-3200,SUP-002,assembly,normal,SYNTHETIC_GOERTEK_PRODUCTION,306,296,10,289,296,299,480,466,451,15,1.25,11552.29,8736.91,1582.23,4332,127865.86,283,277,269,277
2026-07-26,LINE-A02,afternoon,SPK-3200,MAT-SPK-3200,SUP-002,assembly,normal,SYNTHETIC_GOERTEK_PRODUCTION,282,275,7,270,275,273,480,464,450,14,1.25,10632.49,8063.06,1420.1,5013,146982.25,261,269,263,269
2026-07-26,LINE-A02,night,SPK-3200,MAT-SPK-3200,SUP-002,assembly,normal,SYNTHETIC_GOERTEK_PRODUCTION,279,271,8,264,271,270,480,459,439,20,1.25,10308.82,7789.59,1258.68,4003,115061.73,282,280,273,280
2026-07-26,LINE-B01,morning,MIC-1180,MAT-MIC-1180,SUP-003,testing,normal,SYNTHETIC_GOERTEK_PRODUCTION,385,377,8,369,377,370,480,468,454,14,1.05,8216.74,6480.45,813.16,3548,60988.43,370,359,346,359
2026-07-26,LINE-B01,afternoon,MIC-1180,MAT-MIC-1180,SUP-003,testing,normal,SYNTHETIC_GOERTEK_PRODUCTION,380,367,13,362,367,374,480,456,426,30,1.05,8026.58,6329.68,756.77,4211,72627.47,362,357,341,357
2026-07-26,LINE-B01,night,MIC-1180,MAT-MIC-1180,SUP-003,testing,normal,SYNTHETIC_GOERTEK_PRODUCTION,359,348,11,341,348,339,480,456,420,36,1.05,7636.64,5894.48,900.27,2566,43463.32,350,351,340,351
2026-07-26,LINE-B02,morning,MIC-1180,MAT-MIC-1180,SUP-004,testing,normal,SYNTHETIC_GOERTEK_PRODUCTION,331,322,9,313,322,322,480,465,431,34,1.1,7113.34,5635.46,611.3,3370,58979.81,323,330,316,330
2026-07-26,LINE-B02,afternoon,MIC-1180,MAT-MIC-1180,SUP-004,testing,normal,SYNTHETIC_GOERTEK_PRODUCTION,344,335,9,329,335,333,480,465,444,21,1.1,7413.03,5796.28,792.1,4483,77566.34,330,333,323,333
2026-07-26,LINE-B02,night,MIC-1180,MAT-MIC-1180,SUP-004,testing,normal,SYNTHETIC_GOERTEK_PRODUCTION,322,310,12,303,310,303,480,462,447,15,1.1,6829.97,5257.21,796.42,2714,46026.03,301,303,297,303
2026-07-26,LINE-C01,morning,TWS-A70,MAT-TWS-A70,SUP-005,packaging,normal,SYNTHETIC_GOERTEK_PRODUCTION,244,237,7,231,237,234,480,476,451,25,1.6,22702.15,16544.48,3690.5,3423,238952.55,225,233,231,233
2026-07-26,LINE-C01,afternoon,TWS-A70,MAT-TWS-A70,SUP-005,packaging,normal,SYNTHETIC_GOERTEK_PRODUCTION,230,224,6,218,224,227,480,457,357,100,1.6,21436.33,15565.82,3397.13,2845,197699.81,220,224,219,224
2026-07-26,LINE-C01,night,TWS-A70,MAT-TWS-A70,SUP-005,packaging,normal,SYNTHETIC_GOERTEK_PRODUCTION,217,210,7,205,210,206,480,456,424,32,1.6,20066.07,14210.66,3563.16,3356,227099.88,206,212,206,212
2026-07-26,LINE-C02,morning,TWS-A70,MAT-TWS-A70,SUP-006,packaging,normal,SYNTHETIC_GOERTEK_PRODUCTION,234,227,7,223,227,225,480,459,450,9,1.55,21696.21,16561.48,2343.91,2532,184729.81,248,238,226,238
2026-07-26,LINE-C02,afternoon,TWS-A70,MAT-TWS-A70,SUP-006,packaging,rework,SYNTHETIC_GOERTEK_PRODUCTION,229,222,7,217,222,232,480,472,450,22,1.55,21335.05,15706.3,3103.71,4568,323181.88,240,226,218,226
2026-07-26,LINE-C02,night,TWS-A70,MAT-TWS-A70,SUP-006,packaging,normal,SYNTHETIC_GOERTEK_PRODUCTION,211,205,6,200,205,198,480,457,426,31,1.55,19749.9,14901.34,2607.64,4370,317652.96,217,207,201,207
2026-07-27,LINE-A01,morning,SPK-3200,MAT-SPK-3200,SUP-001,assembly,normal,SYNTHETIC_GOERTEK_PRODUCTION,337,328,9,320,328,323,480,457,435,22,1.2,12788.5,9382.05,1883.45,4025,115130.34,326,322,311,322
2026-07-27,LINE-A01,afternoon,SPK-3200,MAT-SPK-3200,SUP-001,assembly,normal,SYNTHETIC_GOERTEK_PRODUCTION,377,369,8,360,369,363,540,537,527,10,1.2,14171.74,10551.46,1877.46,3168,90588.14,344,363,348,363
2026-07-27,LINE-A01,night,SPK-3200,MAT-SPK-3200,SUP-001,assembly,normal,SYNTHETIC_GOERTEK_PRODUCTION,350,343,7,338,343,336,540,524,494,30,1.2,13222.89,9768.25,1994.95,3795,108077.28,350,349,340,349
2026-07-27,LINE-A02,morning,SPK-3200,MAT-SPK-3200,SUP-002,assembly,test,SYNTHETIC_GOERTEK_PRODUCTION,318,309,9,301,309,300,480,462,376,86,1.25,11893.42,9185.54,1340.28,3903,116023.18,333,314,306,314
2026-07-27,LINE-A02,afternoon,SPK-3200,MAT-SPK-3200,SUP-002,assembly,normal,SYNTHETIC_GOERTEK_PRODUCTION,316,305,11,296,305,321,480,459,433,26,1.25,11759.1,8838.2,1444.93,2836,82180.77,291,309,302,309
2026-07-27,LINE-A02,night,SPK-3200,MAT-SPK-3200,SUP-002,assembly,normal,SYNTHETIC_GOERTEK_PRODUCTION,274,267,7,261,267,274,480,454,433,21,1.25,10147.81,7864.4,1118.33,4414,130012.96,290,276,268,276
2026-07-27,LINE-B01,morning,MIC-1180,MAT-MIC-1180,SUP-003,testing,normal,SYNTHETIC_GOERTEK_PRODUCTION,407,399,8,391,399,409,480,458,378,80,1.05,8683.92,6801.83,756.5,0,0,413,429,413,429
2026-07-27,LINE-B01,afternoon,MIC-1180,MAT-MIC-1180,SUP-003,testing,normal,SYNTHETIC_GOERTEK_PRODUCTION,387,378,9,372,378,391,480,464,450,14,1.05,8223.77,6355.3,868.49,2568,43175.69,383,370,349,370
2026-07-27,LINE-B01,night,MIC-1180,MAT-MIC-1180,SUP-003,testing,normal,SYNTHETIC_GOERTEK_PRODUCTION,382,371,11,361,371,361,480,455,429,26,1.05,8222.6,6313.85,994.15,3970,67563.3,349,357,343,357
2026-07-27,LINE-B02,morning,MIC-1180,MAT-MIC-1180,SUP-004,testing,normal,SYNTHETIC_GOERTEK_PRODUCTION,349,338,11,328,338,340,480,451,419,32,1.1,7459.14,5886.31,659.18,3155,54944.7,354,338,316,338
2026-07-27,LINE-B02,afternoon,MIC-1180,MAT-MIC-1180,SUP-004,testing,normal,SYNTHETIC_GOERTEK_PRODUCTION,358,350,8,343,350,352,480,472,459,13,1.1,7595.14,5992.88,805.84,4422,75715.76,343,346,334,346
2026-07-27,LINE-B02,night,MIC-1180,MAT-MIC-1180,SUP-004,testing,normal,SYNTHETIC_GOERTEK_PRODUCTION,311,303,8,294,303,306,480,458,436,22,1.1,6732.91,5384.46,544.4,3995,70993.13,311,308,289,308
2026-07-27,LINE-C01,morning,TWS-A70,MAT-TWS-A70,SUP-005,packaging,normal,SYNTHETIC_GOERTEK_PRODUCTION,252,245,7,238,245,238,480,464,435,29,1.6,23511.06,16838.15,3926.21,3194,219514.49,237,239,230,239
2026-07-27,LINE-C01,afternoon,TWS-A70,MAT-TWS-A70,SUP-005,packaging,normal,SYNTHETIC_GOERTEK_PRODUCTION,242,235,7,231,235,231,480,469,444,25,1.6,22651.11,16143.5,3763.33,2720,186852.43,237,233,229,233
2026-07-27,LINE-C01,night,TWS-A70,MAT-TWS-A70,SUP-005,packaging,normal,SYNTHETIC_GOERTEK_PRODUCTION,228,221,7,216,221,222,480,457,439,18,1.6,21194.95,15142.88,3581.68,3938,269831.05,220,214,205,214
2026-07-27,LINE-C02,morning,TWS-A70,MAT-TWS-A70,SUP-006,packaging,normal,SYNTHETIC_GOERTEK_PRODUCTION,242,237,5,233,237,230,480,466,455,11,1.55,22699.66,17301.26,2865.44,4037,294705.43,241,249,241,249
2026-07-27,LINE-C02,afternoon,TWS-A70,MAT-TWS-A70,SUP-006,packaging,normal,SYNTHETIC_GOERTEK_PRODUCTION,236,232,4,227,232,226,480,466,441,25,1.55,22469.76,16840.05,3108.93,4238,307621.26,220,225,219,225
2026-07-27,LINE-C02,night,TWS-A70,MAT-TWS-A70,SUP-006,packaging,normal,SYNTHETIC_GOERTEK_PRODUCTION,224,217,7,213,217,222,480,461,445,16,1.55,20762.43,15717.01,2698.42,4664,337807.07,208,219,210,219
2026-07-28,LINE-A01,morning,SPK-3200,MAT-SPK-3200,SUP-001,assembly,normal,SYNTHETIC_GOERTEK_PRODUCTION,341,333,8,326,333,323,480,458,435,23,1.2,12793.57,9401.29,1936.11,4962,140087.69,344,337,331,337
2026-07-28,LINE-A01,afternoon,SPK-3200,MAT-SPK-3200,SUP-001,assembly,normal,SYNTHETIC_GOERTEK_PRODUCTION,341,329,12,322,329,341,480,458,444,14,1.2,12662.97,9393.61,1767.03,2353,67182.87,320,309,297,309
2026-07-28,LINE-A01,night,SPK-3200,MAT-SPK-3200,SUP-001,assembly,normal,SYNTHETIC_GOERTEK_PRODUCTION,351,343,8,334,343,330,540,516,494,22,1.2,13309.75,9820.92,1971.78,4104,117507.45,386,360,342,360
2026-07-28,LINE-A02,morning,SPK-3200,MAT-SPK-3200,SUP-002,assembly,normal,SYNTHETIC_GOERTEK_PRODUCTION,312,301,11,296,301,300,480,458,433,25,1.25,11541.94,8788.1,1304.53,4656,135938.18,289,296,286,296
2026-07-28,LINE-A02,afternoon,SPK-3200,MAT-SPK-3200,SUP-002,assembly,normal,SYNTHETIC_GOERTEK_PRODUCTION,356,345,11,339,345,341,540,533,417,116,1.25,13227.96,10193.54,1461.22,2002,59152.08,380,367,351,367
2026-07-28,LINE-A02,night,SPK-3200,MAT-SPK-3200,SUP-002,assembly,normal,SYNTHETIC_GOERTEK_PRODUCTION,289,282,7,275,282,294,480,463,436,27,1.25,10929.93,8339.51,1180.01,4038,119414.69,275,272,264,272
2026-07-28,LINE-B01,morning,MIC-1180,MAT-MIC-1180,SUP-003,testing,normal,SYNTHETIC_GOERTEK_PRODUCTION,400,392,8,384,392,404,480,463,451,12,1.05,8592.86,6684.06,945.9,5134,87540.72,373,367,353,367
2026-07-28,LINE-B01,afternoon,MIC-1180,MAT-MIC-1180,SUP-003,testing,normal,SYNTHETIC_GOERTEK_PRODUCTION,401,389,12,380,389,374,480,462,369,93,1.05,8495.18,6678.8,825.84,3424,58787.18,383,382,375,382
2026-07-28,LINE-B01,night,MIC-1180,MAT-MIC-1180,SUP-003,testing,normal,SYNTHETIC_GOERTEK_PRODUCTION,365,358,7,353,358,360,480,453,425,28,1.05,7945.9,6181.82,852.24,3703,63942.12,348,352,337,352
2026-07-28,LINE-B02,morning,MIC-1180,MAT-MIC-1180,SUP-004,testing,normal,SYNTHETIC_GOERTEK_PRODUCTION,375,363,12,351,363,372,480,475,440,35,1.1,7971.45,6295.89,776.88,3335,57842.41,385,384,371,384
2026-07-28,LINE-B02,afternoon,MIC-1180,MAT-MIC-1180,SUP-004,testing,normal,SYNTHETIC_GOERTEK_PRODUCTION,349,336,13,331,336,328,480,467,450,17,1.1,7413.12,5835.49,792.44,4145,71988.41,328,345,334,345
2026-07-28,LINE-B02,night,MIC-1180,MAT-MIC-1180,SUP-004,testing,normal,SYNTHETIC_GOERTEK_PRODUCTION,329,319,10,311,319,308,480,471,462,9,1.1,7062.85,5674.01,584.48,4277,76074.42,335,316,305,316
2026-07-28,LINE-C01,morning,TWS-A70,MAT-TWS-A70,SUP-005,packaging,normal,SYNTHETIC_GOERTEK_PRODUCTION,263,256,7,252,256,246,480,469,450,19,1.6,24771.09,17987.81,3742.22,4053,284783.57,253,259,252,259
2026-07-28,LINE-C01,afternoon,TWS-A70,MAT-TWS-A70,SUP-005,packaging,normal,SYNTHETIC_GOERTEK_PRODUCTION,247,240,7,236,240,250,480,464,379,85,1.6,22624.63,16286.13,3966.02,3128,212262.56,228,242,235,242
2026-07-28,LINE-C01,night,TWS-A70,MAT-TWS-A70,SUP-005,packaging,normal,SYNTHETIC_GOERTEK_PRODUCTION,232,226,6,222,226,218,480,468,445,23,1.6,21261.31,15119.59,3559.68,3619,242114.14,227,229,222,229
2026-07-28,LINE-C02,morning,TWS-A70,MAT-TWS-A70,SUP-006,packaging,normal,SYNTHETIC_GOERTEK_PRODUCTION,232,226,6,223,226,234,480,463,440,23,1.55,21655.66,16073.16,3089.94,4496,319756.32,219,225,212,225
2026-07-28,LINE-C02,afternoon,TWS-A70,MAT-TWS-A70,SUP-006,packaging,normal,SYNTHETIC_GOERTEK_PRODUCTION,233,226,7,220,226,240,480,460,439,21,1.55,21760.67,16078.92,3152.04,4136,294258.47,201,216,204,216
2026-07-28,LINE-C02,night,TWS-A70,MAT-TWS-A70,SUP-006,packaging,normal,SYNTHETIC_GOERTEK_PRODUCTION,222,216,6,212,216,215,480,467,450,17,1.55,20973.25,15982.42,2591.67,4794,354720.93,221,219,209,219
2026-07-29,LINE-A01,morning,SPK-3200,MAT-SPK-3200,SUP-001,assembly,normal,SYNTHETIC_GOERTEK_PRODUCTION,349,337,12,328,337,334,480,473,453,20,1.2,13023.5,9629.93,1758.06,3732,106643.62,352,345,328,345
2026-07-29,LINE-A01,afternoon,SPK-3200,MAT-SPK-3200,SUP-001,assembly,normal,SYNTHETIC_GOERTEK_PRODUCTION,335,327,8,319,327,338,480,456,418,38,1.2,12783.16,9226.92,2085.74,4643,131010.98,335,331,322,331
2026-07-29,LINE-A01,night,SPK-3200,MAT-SPK-3200,SUP-001,assembly,rework,SYNTHETIC_GOERTEK_PRODUCTION,306,298,8,290,298,294,480,463,446,17,1.2,11561.98,8503.74,1784.36,3594,102558.53,314,295,286,295
2026-07-29,LINE-A02,morning,SPK-3200,MAT-SPK-3200,SUP-002,assembly,test,SYNTHETIC_GOERTEK_PRODUCTION,315,308,7,304,308,318,480,457,435,22,1.25,11840.83,8836.31,1760.72,2970,85207.28,336,324,312,324
2026-07-29,LINE-A02,afternoon,SPK-3200,MAT-SPK-3200,SUP-002,assembly,normal,SYNTHETIC_GOERTEK_PRODUCTION,317,308,9,300,308,298,480,467,445,22,1.25,11778.96,9006.94,1419.81,3618,105802.3,306,316,305,316
2026-07-29,LINE-A02,night,SPK-3200,MAT-SPK-3200,SUP-002,assembly,normal,SYNTHETIC_GOERTEK_PRODUCTION,289,283,6,278,283,284,480,461,431,30,1.25,10742.32,8156.59,1364.74,4530,130563.08,267,271,261,271
2026-07-29,LINE-B01,morning,MIC-1180,MAT-MIC-1180,SUP-003,testing,normal,SYNTHETIC_GOERTEK_PRODUCTION,408,396,12,387,396,405,480,468,441,27,1.05,8711.42,6781.49,851.37,4328,74116.89,420,408,394,408
2026-07-29,LINE-B01,afternoon,MIC-1180,MAT-MIC-1180,SUP-003,testing,normal,SYNTHETIC_GOERTEK_PRODUCTION,395,384,11,376,384,397,480,463,442,21,1.05,8419.46,6500.72,877.16,4426,74927.57,399,380,368,380
2026-07-29,LINE-B01,night,MIC-1180,MAT-MIC-1180,SUP-003,testing,normal,SYNTHETIC_GOERTEK_PRODUCTION,373,364,9,355,364,371,480,457,433,24,1.05,8004.54,6240.52,852.37,4377,75040.54,360,378,358,378
2026-07-29,LINE-B02,morning,MIC-1180,MAT-MIC-1180,SUP-004,testing,rework,SYNTHETIC_GOERTEK_PRODUCTION,334,322,12,314,322,319,480,457,436,21,1.1,7028.78,5588.83,628.8,3871,67187.46,293,307,299,307
2026-07-29,LINE-B02,afternoon,MIC-1180,MAT-MIC-1180,SUP-004,testing,normal,SYNTHETIC_GOERTEK_PRODUCTION,333,325,8,319,325,312,480,457,423,34,1.1,7190.94,5711.33,698.83,4414,77568.65,332,330,318,330
2026-07-29,LINE-B02,night,MIC-1180,MAT-MIC-1180,SUP-004,testing,normal,SYNTHETIC_GOERTEK_PRODUCTION,322,312,10,305,312,314,480,457,434,23,1.1,6906.12,5559.12,494.84,3501,62379.74,302,308,298,308
2026-07-29,LINE-C01,morning,TWS-A70,MAT-TWS-A70,SUP-005,packaging,rework,SYNTHETIC_GOERTEK_PRODUCTION,247,238,9,233,238,241,480,458,429,29,1.6,22914.42,16392.64,3913.61,2996,206354.41,250,241,234,241
2026-07-29,LINE-C01,afternoon,TWS-A70,MAT-TWS-A70,SUP-005,packaging,normal,SYNTHETIC_GOERTEK_PRODUCTION,269,262,7,258,262,272,540,526,443,83,1.6,25216.46,18298.74,4110.55,3418,238721.73,259,258,253,258
2026-07-29,LINE-C01,night,TWS-A70,MAT-TWS-A70,SUP-005,packaging,normal,SYNTHETIC_GOERTEK_PRODUCTION,233,227,6,221,227,219,480,478,445,33,1.6,22047.54,15786.28,3583.57,3597,250146.47,234,230,218,230
2026-07-29,LINE-C02,morning,TWS-A70,MAT-TWS-A70,SUP-006,packaging,normal,SYNTHETIC_GOERTEK_PRODUCTION,241,236,5,231,236,234,480,461,438,23,1.55,22636.11,17132.55,2984.37,3813,276806.84,229,231,223,231
2026-07-29,LINE-C02,afternoon,TWS-A70,MAT-TWS-A70,SUP-006,packaging,normal,SYNTHETIC_GOERTEK_PRODUCTION,241,236,5,232,236,244,480,461,437,24,1.55,22769.95,17174.88,3021.73,2682,195182.32,232,229,223,229
2026-07-29,LINE-C02,night,TWS-A70,MAT-TWS-A70,SUP-006,packaging,normal,SYNTHETIC_GOERTEK_PRODUCTION,216,211,5,204,211,215,480,459,444,15,1.55,20227.83,15037.61,2841.03,3634,258988.98,212,215,207,215
